Order_Date,Product_Category,Product_Price,Order_Quantity,Discount_Applied,Shipping_Method,Payment_Method,User_Age,User_Gender,User_Location,Return_Status,Order_Value
2022-01-14,Clothing,1720.71,2,30.46,Next-Day,Wallet,57,Female,City27,Not Returned,2393.163468
2022-01-03,Toys,744.06,5,29.62,Next-Day,Wallet,55,Female,City5,Returned,2618.34714
2025-03-16,Clothing,983.68,5,47.8,Express,Wallet,37,Female,City11,Not Returned,2567.4048
2024-11-06,Books,1855.65,2,2.9,Express,COD,47,Female,City78,Not Returned,3603.6723
2023-06-07,Home Appliances,1770.97,5,44.42,Express,COD,35,Female,City23,Returned,4921.52563
2024-08-04,Home Appliances,591.59,5,42.65,Express,COD,30,Female,City20,Not Returned,1696.3843250000002
2022-12-02,Clothing,1486.38,1,42.68,Express,COD,55,Female,City46,Returned,851.993016
2023-11-27,Home Appliances,867.83,5,32.64,Standard,Wallet,25,Female,City23,Not Returned,2922.8514400000004
2023-02-11,Books,900.07,2,35.09,Express,Wallet,63,Female,City94,Not Returned,1168.470874
2023-07-18,Clothing,841.45,1,29.24,Next-Day,Credit Card,35,Male,City42,Returned,595.41002
2023-08-06,Toys,878.28,4,4.55,Next-Day,Wallet,45,Female,City31,Not Returned,3353.27304
2025-05-02,Clothing,1175.86,4,0.05,Express,Credit Card,50,Male,City5,Returned,4701.08828
2024-02-06,Clothing,496.15,5,15.37,Standard,COD,32,Female,City71,Returned,2099.458725
2024-04-01,Home Appliances,724.15,4,46.64,Next-Day,COD,28,Female,City83,Not Returned,1545.6257600000001
2022-07-13,Home Appliances,402.42,4,46.79,Next-Day,Credit Card,30,Male,City46,Not Returned,856.5107280000001
2023-12-25,Clothing,1028.52,1,17.98,Standard,Debit Card,61,Male,City78,Not Returned,843.5921040000001
2023-10-26,Books,1007.44,2,22.33,Next-Day,COD,42,Male,City9,Returned,1564.9572960000003
2024-04-11,Clothing,1511.97,3,29.6,Next-Day,Debit Card,61,Female,City66,Not Returned,3193.2806399999995
2024-09-26,Clothing,1407.13,1,26.76,Next-Day,Wallet,27,Male,City50,Not Returned,1030.582012
2024-05-12,Electronics,118.47,3,30.4,Standard,COD,59,Male,City36,Not Returned,247.36535999999995
2022-12-06,Home Appliances,677.02,3,24.19,Next-Day,Credit Card,63,Male,City69,Not Returned,1539.746586
2022-04-30,Toys,489.24,5,34.18,Express,Credit Card,51,Male,City19,Returned,1610.08884
2024-11-11,Clothing,586.27,4,49.48,Express,Credit Card,22,Male,City73,Returned,1184.7344160000002
2023-03-14,Clothing,1450.25,2,19.1,Next-Day,Wallet,48,Female,City93,Not Returned,2346.5045
2024-10-27,Electronics,1817.2,5,27.56,Next-Day,Debit Card,40,Male,City46,Not Returned,6581.898399999999
2024-12-25,Electronics,926.6,1,12.24,Standard,Credit Card,40,Female,City34,Not Returned,813.1841599999999
2022-12-09,Electronics,474.4,4,28.41,Standard,Debit Card,57,Male,City97,Not Returned,1358.49184
2024-10-14,Electronics,591.71,3,47.93,Next-Day,Credit Card,45,Male,City1,Returned,924.3101909999999
2023-10-21,Books,1954.61,2,4.97,Standard,Wallet,29,Male,City63,Not Returned,3714.931766
2024-05-08,Clothing,1986.39,5,49.57,Express,Debit Card,20,Female,City33,Not Returned,5008.682385
2022-06-05,Clothing,1958.01,1,13.84,Standard,Wallet,53,Female,City35,Not Returned,1687.021416
2022-10-25,Electronics,1129.86,5,47.92,Standard,Debit Card,61,Male,City60,Not Returned,2942.155439999999
2024-11-13,Electronics,965.69,3,22.26,Express,Wallet,57,Female,City68,Not Returned,2252.182218
2024-06-04,Clothing,1222.91,4,34.81,Next-Day,Debit Card,55,Male,City89,Not Returned,3188.860116
2023-02-22,Books,558.64,1,24.01,Standard,Debit Card,51,Female,City51,Not Returned,424.510536
2025-02-05,Toys,1315.41,4,16.13,Next-Day,COD,50,Male,City77,Not Returned,4412.937468
2025-02-04,Books,1762.82,3,22.88,Next-Day,Credit Card,18,Male,City77,Not Returned,4078.460352
2025-03-18,Home Appliances,1539.1,4,38.93,Express,Wallet,49,Female,City20,Not Returned,3759.71348
2022-04-16,Toys,1673.32,4,8.59,Standard,Credit Card,59,Female,City69,Not Returned,6118.327248
2022-05-16,Books,228.03,2,40.43,Express,Credit Card,63,Female,City78,Not Returned,271.674942
2022-02-12,Clothing,865.53,3,29.69,Next-Day,Credit Card,21,Female,City13,Returned,1825.6624290000002
2024-04-01,Toys,867.44,3,41.84,Express,Wallet,56,Male,City74,Not Returned,1513.509312
2024-07-08,Electronics,1917.35,4,36.66,Express,Debit Card,56,Male,City67,Returned,4857.79796
2023-11-13,Clothing,823.66,3,21.65,Express,Debit Card,43,Female,City37,Not Returned,1936.01283
2024-03-26,Clothing,637.2,4,5.14,Express,COD,41,Female,City79,Not Returned,2417.7916800000003
2025-08-11,Electronics,614.11,5,0.79,Next-Day,Debit Card,42,Male,City81,Not Returned,3046.292655
2022-12-09,Clothing,627.61,1,46.58,Standard,COD,53,Male,City63,Not Returned,335.269262
2023-09-15,Clothing,1176.05,1,2.52,Standard,Debit Card,51,Female,City45,Returned,1146.41354
2024-12-25,Clothing,1773.1,5,32.55,Express,Wallet,29,Male,City86,Not Returned,5979.779750000001
2024-12-30,Electronics,377.98,3,39.94,Standard,COD,22,Male,City80,Returned,681.0443640000001
2022-02-18,Toys,1191.75,4,22.81,Express,Wallet,65,Female,City22,Not Returned,3679.6473
2024-09-17,Books,1367.73,1,49.26,Standard,Wallet,49,Female,City68,Returned,693.9862020000002
2023-04-07,Electronics,983.36,5,10.14,Standard,Credit Card,60,Male,City69,Not Returned,4418.23648
2022-12-04,Clothing,132.08,5,13.64,Standard,Credit Card,60,Female,City46,Not Returned,570.32144
2022-01-18,Electronics,635.55,3,6.34,Express,Debit Card,48,Female,City41,Not Returned,1785.76839
2024-12-03,Toys,275.08,1,6.97,Express,Debit Card,21,Female,City95,Not Returned,255.906924
2023-09-01,Books,1497.49,4,17.06,Express,Debit Card,37,Male,City14,Not Returned,4968.072824
2023-08-06,Books,945.39,2,48.79,Standard,Credit Card,19,Male,City45,Not Returned,968.268438
2025-08-14,Electronics,494.88,3,49.44,Standard,Wallet,28,Female,City9,Returned,750.633984
2025-05-05,Home Appliances,279.18,2,48.36,Express,COD,30,Female,City93,Not Returned,288.337104
2025-03-21,Clothing,1156.2,1,21.78,Next-Day,COD,41,Male,City12,Not Returned,904.37964
2022-03-25,Electronics,1570.79,5,46.56,Express,COD,26,Male,City25,Not Returned,4197.15088
2025-06-06,Home Appliances,126.54,1,37.63,Next-Day,Credit Card,24,Female,City70,Not Returned,78.92299799999999
2022-06-24,Electronics,1058.27,3,16.36,Standard,Wallet,30,Female,City47,Not Returned,2655.411084
2025-01-23,Toys,1448.92,3,48.41,Standard,Debit Card,39,Female,City77,Returned,2242.493484
2024-03-17,Clothing,630.87,2,28.85,Standard,Debit Card,28,Female,City95,Not Returned,897.72801
2022-06-02,Toys,1716.19,1,20.92,Next-Day,Wallet,24,Male,City96,Not Returned,1357.1630519999999
2024-03-16,Electronics,480.72,1,4.58,Next-Day,Debit Card,64,Female,City63,Returned,458.703024
2024-03-09,Electronics,1600.22,4,22.26,Next-Day,Credit Card,40,Female,City99,Returned,4976.044112
2022-09-28,Electronics,649.78,2,22.75,Express,Debit Card,46,Male,City45,Not Returned,1003.9100999999999
2024-07-14,Clothing,775.21,3,6.07,Standard,Debit Card,38,Male,City84,Not Returned,2184.4642590000003
2023-06-05,Clothing,1822.0,2,9.2,Next-Day,Credit Card,59,Male,City4,Not Returned,3308.752
2024-08-19,Clothing,557.77,2,34.84,Next-Day,COD,27,Male,City62,Returned,726.885864
2023-07-08,Clothing,170.45,4,29.79,Standard,COD,31,Male,City36,Not Returned,478.69177999999994
2024-01-25,Clothing,1966.37,3,40.0,Next-Day,Debit Card,51,Female,City59,Not Returned,3539.466
2025-06-16,Toys,1709.0,3,44.94,Standard,Wallet,31,Male,City62,Returned,2822.9262
2022-11-13,Toys,1371.61,5,36.03,Next-Day,Credit Card,42,Female,City11,Not Returned,4387.094584999999
2024-08-15,Toys,1878.54,3,11.75,Standard,COD,27,Female,City6,Not Returned,4973.43465
2022-03-29,Clothing,313.01,4,46.58,Express,Credit Card,39,Female,City63,Not Returned,668.8397679999999
2022-05-17,Electronics,143.57,5,29.55,Express,Debit Card,64,Female,City4,Returned,505.72532499999994
2022-12-08,Books,1904.3,5,34.48,Express,COD,63,Male,City80,Not Returned,6238.4868
2023-12-06,Toys,1655.42,2,25.34,Next-Day,Wallet,44,Male,City14,Not Returned,2471.8731439999997
2024-01-25,Toys,1890.86,3,36.7,Express,Credit Card,45,Female,City19,Not Returned,3590.74314
2024-01-16,Clothing,1665.49,2,42.06,Standard,Wallet,18,Female,City75,Not Returned,1929.9698119999998
2023-08-19,Home Appliances,1750.42,5,20.87,Express,Debit Card,24,Male,City48,Not Returned,6925.536730000001
2022-04-01,Electronics,1438.49,4,30.91,Standard,Wallet,38,Female,City11,Returned,3975.4109640000006
2024-08-10,Clothing,1206.67,5,38.53,Next-Day,Credit Card,21,Female,City61,Not Returned,3708.7002450000005
2025-05-15,Home Appliances,426.66,4,41.82,Express,Debit Card,46,Male,City33,Returned,992.9231520000001
2023-02-05,Books,1038.75,5,47.62,Standard,Credit Card,46,Male,City77,Not Returned,2720.4862500000004
2023-08-18,Books,1648.31,2,9.04,Standard,Debit Card,47,Female,City39,Not Returned,2998.605552
2025-05-24,Clothing,1615.58,3,4.77,Next-Day,Wallet,18,Male,City10,Not Returned,4615.550502
2023-12-24,Clothing,1866.57,2,1.31,Standard,Debit Card,36,Female,City39,Not Returned,3684.235866
2024-08-29,Electronics,1820.22,3,15.38,Standard,Wallet,65,Female,City59,Not Returned,4620.810492
2022-06-07,Electronics,1122.53,5,3.93,Express,Debit Card,42,Male,City30,Not Returned,5392.072854999999
2023-09-19,Toys,952.26,5,41.84,Next-Day,Debit Card,52,Female,City65,Not Returned,2769.17208
2023-09-21,Home Appliances,1242.99,4,1.98,Next-Day,Credit Card,36,Female,City91,Returned,4873.515192
2024-01-15,Clothing,1409.6,2,25.8,Express,Wallet,34,Female,City16,Not Returned,2091.8464
2024-07-06,Toys,1461.39,2,47.75,Standard,Debit Card,65,Male,City44,Returned,1527.15255
2022-01-12,Home Appliances,413.56,2,19.87,Express,Credit Card,47,Male,City12,Not Returned,662.771256
2023-09-27,Clothing,1941.29,1,31.5,Standard,Debit Card,56,Female,City59,Returned,1329.78365
2022-10-31,Electronics,187.65,4,24.02,Express,Wallet,59,Female,City30,Not Returned,570.30588
2022-01-12,Home Appliances,1304.58,1,19.55,Standard,Wallet,65,Female,City79,Not Returned,1049.53461
2024-07-03,Electronics,1808.6,3,14.58,Next-Day,COD,57,Male,City13,Not Returned,4634.718359999999
2025-06-20,Toys,1118.9,5,38.64,Standard,Credit Card,50,Female,City44,Not Returned,3432.7851999999993
2024-01-15,Clothing,1522.67,2,8.37,Standard,Debit Card,30,Male,City83,Not Returned,2790.4450420000003
2025-07-13,Clothing,747.44,5,28.04,Express,Wallet,61,Female,City72,Not Returned,2689.2891200000004
2023-04-26,Books,859.32,2,27.85,Next-Day,Debit Card,24,Female,City86,Not Returned,1239.9987600000002
2025-01-08,Electronics,645.7,2,49.95,Next-Day,Wallet,59,Male,City59,Not Returned,646.3457
2023-08-14,Electronics,1279.89,3,47.92,Next-Day,Credit Card,65,Male,City4,Returned,1999.7001359999997
2022-01-13,Clothing,1074.14,4,37.59,Standard,Wallet,53,Male,City15,Returned,2681.4830960000004
2022-01-26,Home Appliances,1908.74,4,32.64,Express,Debit Card,56,Female,City22,Returned,5142.9090559999995
2025-04-06,Clothing,736.43,5,27.77,Next-Day,Credit Card,29,Female,City14,Returned,2659.6169449999993
2022-06-02,Clothing,1257.67,3,19.47,Express,Wallet,65,Male,City70,Not Returned,3038.404953
2025-02-20,Clothing,685.74,3,44.47,Express,Credit Card,60,Male,City82,Returned,1142.3742660000003
2023-05-06,Toys,750.17,2,18.38,Next-Day,Debit Card,38,Female,City55,Not Returned,1224.577508
2022-03-29,Clothing,1654.14,3,15.78,Express,Debit Card,43,Female,City93,Not Returned,4179.3501240000005
2022-03-15,Clothing,1146.16,2,27.91,Next-Day,Credit Card,19,Male,City14,Returned,1652.533488
2023-01-30,Electronics,1442.53,3,30.21,Express,Debit Card,35,Female,City77,Not Returned,3020.225061
2025-01-15,Electronics,617.39,3,49.48,Standard,COD,42,Female,City25,Not Returned,935.7162840000002
2023-04-05,Clothing,458.97,3,5.78,Next-Day,Wallet,57,Female,City86,Returned,1297.3246020000001
2022-04-04,Toys,532.51,5,10.6,Standard,Credit Card,50,Male,City17,Returned,2380.3197
2022-06-21,Clothing,1331.15,2,48.6,Express,COD,22,Male,City81,Returned,1368.4222000000002
2024-05-17,Clothing,946.7,5,14.76,Express,COD,62,Female,City66,Returned,4034.8354000000004
2023-10-16,Clothing,417.32,3,28.66,Standard,Debit Card,31,Female,City30,Returned,893.148264
2022-12-24,Clothing,188.14,5,2.45,Next-Day,Debit Card,37,Male,City8,Not Returned,917.65285
2023-01-30,Books,473.42,2,33.85,Standard,Credit Card,36,Female,City70,Returned,626.33466
2023-04-19,Books,1585.84,2,34.48,Express,COD,56,Female,City7,Returned,2078.084736
2024-11-09,Electronics,1906.78,3,16.73,Next-Day,Debit Card,63,Male,City90,Not Returned,4763.327118
2023-12-24,Books,588.43,2,33.0,Standard,Wallet,37,Female,City91,Not Returned,788.4961999999998
2022-04-12,Electronics,1520.1,5,13.51,Next-Day,Debit Card,60,Female,City28,Not Returned,6573.67245
2023-03-08,Electronics,914.71,4,35.98,Standard,Credit Card,33,Female,City23,Returned,2342.3893680000006
2022-03-25,Toys,563.93,4,25.26,Express,Wallet,31,Female,City89,Not Returned,1685.925128
2022-09-12,Clothing,1812.29,2,27.18,Standard,Credit Card,30,Male,City72,Not Returned,2639.419156
2023-12-03,Home Appliances,881.01,3,5.55,Express,Credit Card,55,Female,City38,Returned,2496.3418349999997
2023-02-05,Books,885.7,5,42.79,Express,Wallet,38,Female,City92,Not Returned,2533.54485
2022-10-04,Electronics,1794.57,5,9.42,Next-Day,Debit Card,47,Male,City53,Not Returned,8127.60753
2024-05-13,Clothing,142.1,3,27.52,Next-Day,Wallet,41,Male,City71,Not Returned,308.98224
2025-07-24,Books,1111.15,2,38.45,Next-Day,Debit Card,59,Male,City7,Returned,1367.82565
2023-10-15,Electronics,1524.97,3,3.22,Express,Wallet,33,Female,City88,Returned,4427.597898
2025-01-16,Clothing,625.21,1,49.46,Standard,Wallet,60,Female,City42,Returned,315.98113400000005
2024-06-18,Clothing,1968.23,5,33.76,Next-Day,Debit Card,55,Male,City93,Returned,6518.777760000001
2025-04-13,Clothing,1284.18,5,6.73,Next-Day,Wallet,19,Male,City91,Not Returned,5988.77343
2025-07-30,Electronics,1423.44,4,40.33,Express,Credit Card,18,Male,City8,Not Returned,3397.466592
2025-06-08,Books,919.47,5,24.18,Next-Day,Credit Card,38,Female,City70,Not Returned,3485.71077
2024-09-08,Clothing,1318.34,2,10.04,Next-Day,Credit Card,32,Male,City60,Not Returned,2371.957328
2022-12-25,Toys,139.43,3,0.06,Standard,Wallet,54,Female,City81,Not Returned,418.039026
2023-08-10,Clothing,682.88,3,28.23,Express,Wallet,43,Female,City95,Not Returned,1470.308928
2022-06-17,Electronics,302.72,4,30.99,Express,Wallet,37,Female,City58,Not Returned,835.628288
2024-03-23,Home Appliances,1124.66,3,28.54,Next-Day,Wallet,55,Male,City68,Not Returned,2411.0461080000005
2024-06-12,Home Appliances,200.05,3,15.99,Express,Credit Card,32,Female,City91,Not Returned,504.18601500000005
2022-03-22,Clothing,434.43,1,27.42,Next-Day,Credit Card,64,Female,City65,Not Returned,315.309294
2025-07-10,Clothing,1153.72,4,6.96,Standard,Debit Card,58,Male,City16,Not Returned,4293.684352
2025-03-21,Toys,1274.11,5,36.93,Express,Credit Card,26,Male,City46,Returned,4017.9058849999997
2023-07-01,Books,1301.74,2,22.62,Next-Day,Debit Card,65,Female,City15,Returned,2014.572824
2023-10-16,Toys,1550.01,1,31.32,Next-Day,Debit Card,40,Female,City66,Not Returned,1064.5468680000001
2022-02-05,Toys,1624.75,5,41.63,Standard,Credit Card,34,Male,City96,Not Returned,4741.832875
2023-08-21,Clothing,1083.18,4,43.86,Next-Day,Debit Card,45,Female,City52,Not Returned,2432.389008
2024-08-28,Electronics,1881.56,5,13.19,Express,Debit Card,52,Female,City100,Not Returned,8166.911179999999
2022-04-11,Home Appliances,1302.71,5,28.2,Standard,Wallet,43,Female,City97,Not Returned,4676.7289
2023-05-17,Clothing,1846.41,1,13.53,Standard,Debit Card,59,Female,City23,Not Returned,1596.590727
2024-09-07,Electronics,1675.33,4,28.08,Express,COD,65,Female,City57,Returned,4819.589344
2024-10-19,Electronics,590.11,4,28.4,Standard,COD,34,Female,City14,Returned,1690.07504
2025-03-31,Books,1403.87,4,26.59,Express,Credit Card,61,Female,City30,Not Returned,4122.3238679999995
2025-05-11,Books,1267.46,4,25.27,Express,Debit Card,44,Female,City54,Not Returned,3788.6914320000005
2024-04-08,Toys,1561.79,1,39.58,Standard,Credit Card,51,Female,City39,Not Returned,943.6335180000001
2025-06-05,Electronics,952.25,4,17.15,Express,COD,60,Male,City85,Not Returned,3155.7565
2024-01-28,Toys,544.11,4,49.23,Standard,Credit Card,27,Male,City47,Not Returned,1104.9785880000002
2023-12-23,Books,1413.13,3,11.83,Standard,Debit Card,30,Female,City68,Not Returned,3737.8701630000005
2024-06-27,Books,138.47,1,31.4,Express,Credit Card,45,Female,City92,Returned,94.99041999999999
2022-10-28,Clothing,492.6,4,28.18,Next-Day,Credit Card,18,Female,City60,Not Returned,1415.14128
2025-01-05,Home Appliances,991.53,2,43.95,Standard,COD,57,Female,City81,Not Returned,1111.50513
2022-04-06,Toys,1709.89,3,3.0,Next-Day,Wallet,20,Female,City59,Not Returned,4975.7798999999995
2022-05-22,Home Appliances,1698.96,2,44.77,Next-Day,COD,63,Female,City2,Not Returned,1876.6712160000002
2025-04-29,Home Appliances,1746.7,2,32.85,Standard,Credit Card,61,Male,City13,Returned,2345.8181
2024-10-30,Clothing,1914.34,2,49.67,Standard,Debit Card,47,Male,City52,Not Returned,1926.974644
2024-09-10,Electronics,1847.5,3,39.98,Standard,Debit Card,20,Female,City71,Not Returned,3326.6085000000003
2023-08-22,Clothing,1365.09,2,21.53,Next-Day,Credit Card,52,Male,City55,Not Returned,2142.372246
2025-03-10,Books,509.77,2,43.88,Standard,Debit Card,33,Male,City79,Not Returned,572.1658479999999
2025-05-21,Clothing,1133.31,3,21.07,Express,Wallet,35,Male,City28,Returned,2683.5647489999997
2022-06-30,Books,162.81,4,30.2,Standard,Wallet,18,Male,City84,Not Returned,454.56552
2024-03-11,Electronics,687.59,5,1.22,Next-Day,Credit Card,55,Male,City97,Not Returned,3396.0070100000003
2024-12-08,Home Appliances,575.25,3,26.75,Next-Day,Debit Card,39,Female,City83,Not Returned,1264.1118749999998
2022-09-20,Toys,914.19,3,31.08,Standard,Debit Card,45,Female,City78,Not Returned,1890.1792440000002
2023-12-17,Clothing,605.78,3,24.02,Express,Credit Card,44,Female,City14,Returned,1380.814932
2025-03-06,Clothing,796.86,5,48.8,Express,COD,58,Male,City3,Not Returned,2039.9616
2023-05-14,Clothing,761.6,2,6.44,Standard,Debit Card,51,Female,City82,Not Returned,1425.10592
2024-12-20,Clothing,671.23,5,27.79,Standard,COD,54,Female,City94,Not Returned,2423.475915
2023-08-05,Clothing,324.76,4,18.99,Next-Day,COD,28,Female,City88,Returned,1052.352304
2023-01-14,Electronics,1783.33,4,48.94,Standard,COD,19,Female,City14,Not Returned,3642.2731919999997
2025-08-28,Toys,1406.22,4,43.25,Next-Day,COD,52,Female,City9,Not Returned,3192.1194
2023-03-09,Electronics,902.86,4,47.78,Next-Day,COD,40,Female,City8,Not Returned,1885.893968
2022-12-26,Electronics,515.81,5,34.85,Next-Day,Debit Card,33,Male,City52,Not Returned,1680.2510749999997
2022-03-12,Books,166.57,3,24.18,Next-Day,Credit Card,64,Female,City33,Returned,378.880122
2022-04-27,Home Appliances,772.49,4,38.48,Express,COD,37,Female,City49,Not Returned,1900.943392
2022-11-13,Toys,1941.38,5,23.72,Express,Wallet,33,Male,City85,Not Returned,7404.423320000002
2023-08-24,Clothing,285.79,2,29.11,Next-Day,Debit Card,53,Female,City29,Returned,405.19306200000005
2025-06-05,Clothing,1177.17,1,14.17,Next-Day,Debit Card,54,Male,City46,Returned,1010.3650110000001
2022-08-10,Clothing,248.23,1,14.55,Standard,Credit Card,22,Female,City59,Not Returned,212.112535
2022-09-14,Electronics,981.26,2,4.69,Express,Credit Card,41,Female,City81,Returned,1870.4778119999999
2022-12-20,Clothing,1701.75,2,44.8,Standard,Credit Card,22,Female,City15,Not Returned,1878.7320000000002
2022-12-20,Clothing,758.33,2,36.86,Standard,COD,31,Male,City49,Returned,957.6191239999999
2023-08-19,Clothing,1261.59,2,32.94,Standard,Debit Card,40,Male,City20,Not Returned,1692.0445080000002
2022-10-01,Clothing,527.98,1,36.39,Next-Day,COD,62,Male,City15,Returned,335.848078
2025-05-12,Clothing,1096.21,1,33.32,Express,Wallet,53,Female,City60,Not Returned,730.9528280000001
2025-05-16,Home Appliances,225.04,2,32.95,Express,Wallet,31,Female,City18,Not Returned,301.77864
2022-08-29,Books,217.89,5,25.51,Next-Day,Debit Card,61,Male,City78,Not Returned,811.5313049999999
2022-04-03,Electronics,458.8,3,0.71,Standard,Wallet,38,Male,City26,Returned,1366.6275600000001
2022-01-04,Electronics,1953.81,5,6.74,Standard,Debit Card,34,Female,City6,Not Returned,9110.61603
2023-07-06,Books,441.27,4,42.96,Express,Wallet,61,Male,City37,Not Returned,1006.801632
2025-07-12,Clothing,1862.17,5,43.1,Express,Debit Card,29,Female,City6,Returned,5297.8736499999995
2024-05-16,Toys,817.32,4,1.35,Standard,Debit Card,56,Male,City73,Not Returned,3225.1447200000002
2024-02-25,Clothing,700.98,4,31.0,Standard,Wallet,50,Male,City99,Not Returned,1934.7048
2023-02-06,Electronics,1139.96,4,27.26,Standard,Debit Card,52,Female,City94,Not Returned,3316.8276160000005
2024-12-28,Home Appliances,404.55,3,12.33,Next-Day,Credit Card,46,Female,City3,Returned,1064.006955
2023-01-03,Home Appliances,1124.84,5,28.22,Next-Day,Wallet,20,Male,City50,Not Returned,4037.0507599999996
2023-01-18,Clothing,1501.11,2,43.43,Next-Day,Credit Card,63,Male,City59,Not Returned,1698.355854
2025-05-03,Electronics,184.94,3,46.49,Standard,Credit Card,23,Female,City37,Not Returned,296.8841819999999
2023-05-02,Electronics,399.12,2,11.8,Standard,Wallet,50,Female,City87,Not Returned,704.04768
2023-05-23,Toys,257.1,2,26.28,Next-Day,COD,43,Male,City81,Not Returned,379.06824
2022-08-13,Toys,376.81,3,25.51,Next-Day,Wallet,39,Male,City33,Not Returned,842.057307
2024-11-13,Clothing,607.92,1,33.23,Standard,Wallet,27,Male,City21,Returned,405.90818399999995
2025-05-27,Books,823.6,3,22.13,Standard,Debit Card,61,Male,City40,Not Returned,1924.01196
2023-02-15,Clothing,1980.99,2,49.67,Next-Day,Wallet,44,Female,City15,Not Returned,1994.0645339999999
2023-05-19,Toys,365.59,2,21.84,Express,Debit Card,64,Female,City97,Returned,571.490288
2023-04-19,Books,1121.61,4,11.12,Express,Debit Card,27,Male,City14,Returned,3987.5478719999996
2023-08-30,Books,351.11,4,25.96,Next-Day,COD,59,Male,City87,Not Returned,1039.847376
2022-01-23,Clothing,900.74,4,4.23,Standard,Credit Card,41,Female,City29,Not Returned,3450.554792
2024-10-07,Home Appliances,1551.42,5,42.25,Standard,Credit Card,62,Female,City24,Not Returned,4479.72525
2023-10-15,Home Appliances,1921.54,4,4.71,Next-Day,Debit Card,40,Male,City36,Returned,7324.141863999999
2023-10-23,Electronics,324.69,4,31.4,Next-Day,Credit Card,37,Female,City74,Not Returned,890.94936
2023-11-21,Home Appliances,1451.41,2,47.53,Express,Wallet,58,Male,City90,Returned,1523.1096539999999
2023-07-01,Clothing,1182.67,1,38.0,Standard,Credit Card,49,Female,City17,Not Returned,733.2554
2023-10-02,Clothing,1999.28,5,47.69,Standard,Wallet,29,Female,City55,Not Returned,5229.11684
2023-04-23,Clothing,1797.01,2,36.65,Express,Wallet,22,Male,City15,Not Returned,2276.8116699999996
2023-09-08,Toys,1862.62,4,16.65,Standard,Credit Card,27,Female,City54,Not Returned,6209.97508
2024-02-17,Electronics,1309.7,3,7.68,Next-Day,Wallet,65,Female,City3,Not Returned,3627.3451200000004
2022-01-19,Clothing,403.51,1,26.69,Express,Debit Card,49,Male,City69,Returned,295.813181
2024-01-24,Home Appliances,1953.23,4,0.93,Standard,Debit Card,30,Male,City89,Not Returned,7740.259844
2023-12-31,Toys,245.63,3,19.37,Express,Debit Card,36,Female,City91,Returned,594.154407
2024-08-13,Toys,1592.35,3,37.33,Next-Day,Credit Card,56,Female,City28,Not Returned,2993.7772349999996
2023-03-02,Electronics,1634.38,3,48.46,Standard,COD,42,Female,City39,Returned,2527.078356
2023-03-01,Books,1218.53,4,25.33,Express,Debit Card,36,Male,City80,Not Returned,3639.505404
2024-11-03,Books,1089.62,4,31.14,Express,Credit Card,39,Male,City79,Not Returned,3001.249328
2023-01-05,Toys,329.59,2,29.97,Express,COD,33,Female,City76,Not Returned,461.62375399999996
2025-05-06,Books,101.84,1,21.38,Next-Day,Wallet,49,Male,City26,Not Returned,80.066608
2025-04-25,Clothing,1896.19,5,10.92,Standard,Credit Card,46,Female,City28,Returned,8445.630260000002
2022-08-26,Electronics,1626.47,4,25.04,Express,Debit Card,41,Male,City63,Not Returned,4876.807648
2024-01-16,Books,165.96,2,27.95,Standard,COD,62,Female,City31,Not Returned,239.14836000000003
2022-12-10,Electronics,246.67,1,36.28,Next-Day,Credit Card,31,Male,City37,Not Returned,157.178124
2025-03-26,Books,1192.96,3,6.32,Standard,Wallet,35,Male,City25,Not Returned,3352.694784
2024-07-16,Electronics,1650.69,1,23.94,Standard,Wallet,63,Male,City85,Returned,1255.514814
2023-06-13,Electronics,1822.39,4,43.06,Standard,Credit Card,36,Female,City16,Returned,4150.675464
2024-12-10,Clothing,370.12,5,29.32,Standard,Credit Card,65,Male,City70,Not Returned,1308.00408
2024-03-13,Toys,167.98,2,2.44,Next-Day,Credit Card,42,Female,City55,Not Returned,327.76257599999997
2023-11-05,Toys,650.14,5,1.82,Standard,Wallet,48,Female,City10,Not Returned,3191.53726
2023-08-06,Toys,1885.85,3,49.12,Express,COD,30,Female,City82,Not Returned,2878.56144
2024-10-04,Electronics,1374.02,4,39.71,Next-Day,COD,46,Female,City24,Not Returned,3313.586632
2022-05-27,Electronics,1326.97,4,35.56,Standard,Credit Card,54,Female,City21,Not Returned,3420.397872
2023-09-01,Books,844.68,4,46.81,Next-Day,Wallet,22,Female,City56,Not Returned,1797.141168
2022-09-23,Electronics,1332.25,1,48.91,Next-Day,Debit Card,20,Female,City3,Not Returned,680.646525
2023-02-05,Home Appliances,635.13,3,9.43,Express,Credit Card,30,Female,City92,Not Returned,1725.711723
2022-02-23,Books,110.84,4,13.87,Express,COD,24,Male,City12,Not Returned,381.865968
2025-01-17,Electronics,677.98,1,35.37,Standard,Debit Card,54,Female,City57,Not Returned,438.17847400000005
2022-04-22,Books,1913.62,2,47.18,Next-Day,Debit Card,65,Male,City27,Not Returned,2021.5481679999998
2022-05-16,Clothing,1376.84,1,33.73,Next-Day,Credit Card,31,Female,City2,Not Returned,912.431868
2022-07-30,Clothing,1848.18,4,32.08,Express,Credit Card,64,Female,City36,Returned,5021.135424
2022-01-24,Home Appliances,782.32,4,48.87,Express,COD,29,Male,City43,Not Returned,1600.0008640000003
2023-11-14,Clothing,1523.15,4,1.63,Standard,Debit Card,48,Male,City26,Not Returned,5993.290620000001
2024-06-01,Toys,514.72,5,45.28,Express,Wallet,57,Female,City95,Not Returned,1408.2739199999999
2025-04-08,Clothing,1649.82,1,41.51,Express,COD,36,Female,City21,Not Returned,964.9797179999999
2022-05-02,Electronics,1414.39,2,4.1,Express,COD,23,Female,City5,Not Returned,2712.80002
2023-12-03,Clothing,1590.68,2,10.18,Next-Day,Wallet,27,Male,City24,Not Returned,2857.4975520000003
2022-06-04,Clothing,423.97,3,30.94,Standard,Wallet,42,Female,City60,Not Returned,878.3810460000001
2025-07-25,Electronics,318.56,3,24.88,Standard,Wallet,37,Male,City15,Not Returned,717.906816
2023-08-26,Books,562.88,2,20.07,Next-Day,Credit Card,25,Female,City38,Not Returned,899.819968
2025-08-20,Clothing,388.64,1,9.33,Next-Day,COD,42,Male,City86,Not Returned,352.379888
2024-05-12,Clothing,657.31,4,47.61,Express,Credit Card,63,Female,City2,Not Returned,1377.458836
2024-05-02,Electronics,1615.83,4,47.01,Express,Debit Card,29,Male,City58,Not Returned,3424.9132680000002
2025-08-25,Books,1569.0,3,33.03,Standard,COD,28,Male,City18,Not Returned,3152.2779
2025-03-13,Home Appliances,1161.9,3,36.4,Next-Day,Debit Card,52,Male,City59,Not Returned,2216.9052
2025-04-09,Electronics,889.16,1,26.85,Standard,COD,32,Female,City70,Not Returned,650.42054
2025-03-30,Toys,1868.69,5,46.4,Standard,Debit Card,25,Female,City34,Not Returned,5008.0892
2023-08-21,Clothing,119.79,1,7.16,Standard,Credit Card,36,Male,City63,Not Returned,111.213036
2023-10-02,Books,1402.05,3,26.39,Next-Day,Wallet,40,Female,City10,Returned,3096.1470149999996
2022-08-28,Electronics,1409.97,5,35.54,Standard,COD,29,Female,City89,Returned,4544.333310000001
2024-10-05,Electronics,856.94,3,4.9,Standard,Wallet,46,Female,City70,Returned,2444.84982
2025-02-18,Electronics,627.57,5,29.52,Standard,Debit Card,37,Male,City21,Not Returned,2211.55668
2024-12-12,Home Appliances,1917.91,3,16.39,Standard,Credit Card,41,Female,City83,Returned,4810.693653
2022-06-05,Books,964.64,1,3.24,Express,Debit Card,42,Male,City98,Not Returned,933.385664
2025-06-25,Books,1109.62,5,8.28,Next-Day,COD,26,Female,City82,Not Returned,5088.71732
2022-02-01,Electronics,1125.2,3,3.1,Express,Debit Card,25,Female,City96,Not Returned,3270.9564000000005
2025-07-08,Books,1634.46,2,32.71,Standard,Debit Card,18,Female,City30,Not Returned,2199.656268
2024-02-29,Clothing,856.18,4,6.18,Express,Debit Card,19,Male,City48,Returned,3213.072304
2025-04-03,Toys,1120.92,1,37.39,Standard,COD,49,Female,City25,Not Returned,701.8080120000001
2023-01-11,Toys,1357.37,4,2.68,Next-Day,COD,53,Female,City81,Not Returned,5283.9699359999995
2022-06-22,Books,1086.2,5,12.94,Express,Wallet,61,Female,City48,Not Returned,4728.2286
2023-09-09,Clothing,320.34,2,17.91,Standard,Wallet,49,Male,City100,Not Returned,525.9342119999999
2025-07-20,Clothing,1992.81,2,46.8,Express,COD,36,Female,City28,Returned,2120.34984
2022-05-01,Electronics,642.82,5,22.78,Standard,Wallet,45,Male,City96,Returned,2481.9280200000003
2024-07-14,Clothing,1457.54,1,48.35,Standard,Credit Card,43,Male,City91,Returned,752.81941
2022-12-10,Clothing,537.39,2,1.93,Standard,Credit Card,23,Female,City31,Returned,1054.036746
2024-08-22,Toys,1046.27,4,40.59,Standard,Credit Card,29,Male,City47,Returned,2486.3560279999997
2024-06-29,Clothing,405.38,4,36.28,Standard,Debit Card,47,Male,City24,Returned,1033.232544
2024-05-23,Home Appliances,1918.14,4,30.64,Express,Debit Card,59,Female,City47,Not Returned,5321.687616
2023-06-05,Home Appliances,161.11,3,9.96,Standard,COD,37,Female,City75,Not Returned,435.190332
2022-11-22,Clothing,1827.08,3,11.58,Express,Wallet,61,Female,City41,Returned,4846.512408
2022-06-14,Clothing,935.25,2,10.59,Express,Credit Card,36,Female,City31,Returned,1672.41405
2025-03-13,Toys,1136.41,3,3.44,Standard,COD,58,Female,City73,Not Returned,3291.9524880000004
2023-06-25,Toys,1403.13,2,29.41,Standard,Credit Card,45,Female,City66,Not Returned,1980.938934
2025-08-17,Electronics,1315.19,4,27.49,Standard,Credit Card,49,Male,City63,Returned,3814.5770760000005
2022-05-04,Home Appliances,501.61,5,17.09,Standard,Credit Card,59,Female,City47,Not Returned,2079.424255
2025-01-12,Electronics,483.51,3,18.86,Next-Day,Wallet,56,Female,City60,Not Returned,1176.960042
2022-03-08,Clothing,629.14,1,33.07,Standard,Debit Card,55,Male,City40,Not Returned,421.083402
2023-03-04,Clothing,1302.72,1,34.65,Express,Wallet,46,Male,City27,Not Returned,851.3275199999999
2022-05-14,Toys,1597.83,1,3.24,Standard,Credit Card,54,Female,City54,Not Returned,1546.0603079999998
2023-10-27,Toys,315.57,4,35.01,Express,Debit Card,29,Male,City26,Not Returned,820.355772
2025-07-08,Toys,730.94,5,21.17,Express,Debit Card,25,Female,City76,Returned,2881.00001
2024-03-15,Toys,1555.96,3,36.2,Standard,Debit Card,35,Female,City51,Not Returned,2978.1074399999998
2024-01-27,Toys,1971.81,1,36.77,Standard,Wallet,31,Male,City95,Not Returned,1246.775463
2023-10-08,Home Appliances,1645.08,5,20.27,Express,Wallet,57,Female,City88,Not Returned,6558.11142
2024-01-01,Electronics,969.4,5,12.9,Next-Day,Credit Card,23,Male,City14,Not Returned,4221.737
2022-01-25,Toys,1551.1,2,44.45,Standard,COD,65,Male,City73,Not Returned,1723.2721
2023-01-06,Books,320.05,5,17.15,Standard,Debit Card,37,Male,City70,Not Returned,1325.807125
2022-02-12,Clothing,684.33,3,38.64,Express,COD,30,Male,City38,Not Returned,1259.714664
2024-04-10,Clothing,1813.84,1,41.06,Express,Debit Card,38,Female,City92,Not Returned,1069.0772959999997
2025-01-24,Books,537.62,5,30.11,Next-Day,COD,30,Female,City55,Returned,1878.7130900000002
2023-12-20,Books,1687.71,3,46.39,Express,Debit Card,61,Female,City27,Not Returned,2714.343993
2022-04-04,Home Appliances,1361.99,5,24.72,Standard,Credit Card,52,Male,City78,Returned,5126.53036
2024-04-01,Clothing,146.21,4,9.29,Next-Day,COD,58,Male,City97,Returned,530.508364
2024-08-18,Books,1853.15,3,28.29,Standard,Debit Card,60,Male,City25,Not Returned,3986.681595000001
2022-12-27,Electronics,786.61,1,3.86,Next-Day,Credit Card,33,Female,City4,Returned,756.246854
2024-02-20,Clothing,465.95,3,32.16,Express,Credit Card,56,Male,City42,Not Returned,948.3014400000001
2024-10-05,Clothing,1614.01,3,42.34,Next-Day,Debit Card,59,Male,City80,Returned,2791.9144979999996
2024-09-28,Toys,1327.59,4,49.17,Next-Day,Debit Card,40,Male,City86,Not Returned,2699.255988
2024-11-01,Clothing,1743.93,1,7.02,Next-Day,Debit Card,23,Male,City49,Not Returned,1621.506114
2022-10-25,Clothing,845.45,3,14.79,Standard,Wallet,39,Female,City73,Not Returned,2161.2238350000002
2023-02-25,Electronics,1808.03,5,26.12,Express,Wallet,46,Male,City40,Returned,6678.86282
2023-07-10,Electronics,1136.34,5,31.57,Standard,COD,30,Male,City89,Not Returned,3887.98731
2023-05-23,Electronics,1711.91,5,19.69,Express,Credit Card,29,Female,City33,Not Returned,6874.174605
2022-01-03,Clothing,462.67,1,23.41,Next-Day,Credit Card,48,Male,City94,Not Returned,354.35895300000004
2022-02-17,Books,813.28,5,5.53,Standard,Wallet,43,Male,City72,Not Returned,3841.5280799999996
2023-10-13,Toys,405.32,3,28.74,Express,COD,64,Female,City15,Not Returned,866.493096
2022-06-30,Toys,1930.8,1,1.93,Next-Day,Wallet,57,Male,City73,Not Returned,1893.53556
2024-10-21,Clothing,719.96,4,0.35,Next-Day,Credit Card,29,Female,City55,Returned,2869.76056
2023-03-03,Clothing,659.11,4,10.19,Standard,COD,40,Male,City67,Not Returned,2367.786764
2022-11-04,Clothing,526.53,5,26.25,Standard,Debit Card,41,Female,City38,Not Returned,1941.5793749999998
2023-04-08,Books,1084.23,2,30.16,Express,Wallet,37,Female,City15,Returned,1514.452464
2025-01-23,Clothing,1326.42,5,11.26,Express,Wallet,48,Female,City80,Not Returned,5885.32554
2023-01-25,Electronics,348.6,1,18.57,Next-Day,COD,35,Male,City83,Not Returned,283.86498
2025-03-15,Clothing,1939.8,2,14.92,Express,Debit Card,25,Female,City17,Not Returned,3300.76368
2024-05-01,Clothing,1777.92,2,27.83,Next-Day,COD,49,Female,City5,Not Returned,2566.2497280000002
2024-07-20,Electronics,1228.61,5,44.5,Standard,COD,31,Male,City42,Not Returned,3409.392749999999
2022-01-22,Books,905.49,4,39.81,Standard,Wallet,47,Male,City37,Not Returned,2180.057724
2023-03-25,Toys,1716.37,5,22.15,Next-Day,Wallet,58,Female,City84,Not Returned,6680.970224999998
2022-09-14,Home Appliances,1299.49,3,41.59,Express,Credit Card,32,Male,City31,Not Returned,2277.0963269999997
2024-03-11,Clothing,811.97,2,40.48,Express,Credit Card,30,Female,City54,Returned,966.569088
2022-11-09,Electronics,873.11,1,19.86,Express,Credit Card,27,Female,City28,Not Returned,699.710354
2022-01-16,Clothing,638.79,5,40.49,Express,Debit Card,29,Female,City41,Not Returned,1900.7196449999997
2022-04-06,Books,1408.54,4,22.93,Standard,COD,57,Female,City27,Not Returned,4342.247111999999
2022-12-15,Clothing,180.7,2,1.24,Standard,COD,44,Male,City88,Returned,356.91864
2023-12-15,Electronics,1663.46,2,4.93,Express,Credit Card,46,Male,City26,Not Returned,3162.902844
2023-08-27,Clothing,510.79,1,10.4,Next-Day,Debit Card,42,Female,City29,Not Returned,457.66784
2022-08-09,Toys,133.5,5,34.58,Express,Credit Card,20,Female,City96,Not Returned,436.6785
2023-09-08,Electronics,832.67,4,46.99,Standard,Wallet,29,Female,City77,Not Returned,1765.593468
2023-01-02,Toys,1769.45,2,19.16,Express,Debit Card,34,Male,City73,Not Returned,2860.84676
2023-12-01,Clothing,874.81,4,30.99,Standard,Debit Card,52,Female,City17,Returned,2414.8255239999994
2024-01-28,Clothing,1732.04,1,33.12,Next-Day,Wallet,29,Male,City83,Not Returned,1158.3883520000002
2022-01-28,Books,1981.34,2,32.05,Next-Day,Debit Card,42,Female,City11,Returned,2692.64106
2024-07-02,Books,1591.09,3,0.98,Standard,Debit Card,31,Female,City22,Not Returned,4726.491953999999
2022-05-05,Electronics,486.59,3,39.67,Express,Debit Card,57,Male,City68,Not Returned,880.6792409999999
2022-07-31,Electronics,1821.57,3,21.17,Standard,Wallet,22,Male,City78,Not Returned,4307.830893
2024-08-28,Electronics,1841.07,1,32.6,Express,Credit Card,38,Female,City25,Returned,1240.8811799999999
2023-03-21,Clothing,1720.06,2,25.84,Next-Day,Wallet,45,Female,City100,Returned,2551.1929920000002
2025-03-29,Clothing,1851.89,4,1.71,Express,Wallet,54,Female,City8,Not Returned,7280.890724000001
2024-06-30,Electronics,623.95,4,12.34,Standard,Debit Card,44,Male,City95,Not Returned,2187.8182800000004
2025-02-08,Toys,1235.1,4,31.44,Next-Day,COD,22,Female,City57,Returned,3387.1382399999998
2025-08-05,Books,430.74,3,8.87,Express,Wallet,31,Male,City47,Returned,1177.600086
2024-04-02,Clothing,1677.32,1,42.56,Next-Day,Wallet,20,Male,City84,Not Returned,963.452608
2022-02-15,Clothing,554.42,2,4.47,Next-Day,Debit Card,39,Female,City50,Returned,1059.274852
2022-01-29,Clothing,267.01,1,10.06,Next-Day,COD,50,Male,City4,Returned,240.14879399999998
2024-10-23,Clothing,457.91,4,14.05,Express,COD,29,Male,City13,Not Returned,1574.29458
2024-05-30,Clothing,848.14,1,18.39,Express,Wallet,51,Male,City65,Returned,692.167054
2023-10-15,Toys,1294.91,5,11.11,Next-Day,Debit Card,40,Male,City8,Not Returned,5755.227495
2022-06-30,Toys,1290.79,1,15.36,Express,Wallet,63,Female,City84,Not Returned,1092.524656
2023-05-12,Clothing,1384.07,4,3.14,Standard,COD,20,Male,City73,Not Returned,5362.440808
2023-10-15,Clothing,350.89,2,26.33,Next-Day,Credit Card,34,Male,City59,Returned,517.001326
2024-01-11,Home Appliances,555.33,3,45.75,Next-Day,Debit Card,25,Male,City86,Returned,903.7995750000001
2025-01-02,Clothing,953.27,4,43.61,Standard,Credit Card,62,Male,City3,Not Returned,2150.1958120000004
2022-02-04,Clothing,1644.73,2,16.5,Express,COD,53,Female,City45,Returned,2746.6991
2022-10-05,Clothing,734.64,2,14.07,Standard,Credit Card,64,Female,City97,Not Returned,1262.5523039999998
2022-02-12,Clothing,1839.87,1,43.14,Standard,Debit Card,54,Female,City21,Returned,1046.1500819999999
2023-12-24,Home Appliances,1155.21,3,17.52,Express,Debit Card,64,Male,City49,Not Returned,2858.451624
2024-08-03,Clothing,1047.95,5,33.95,Express,COD,19,Male,City6,Returned,3460.854875
2023-12-13,Home Appliances,392.69,2,6.0,Standard,COD,40,Male,City1,Not Returned,738.2571999999999
2024-05-28,Electronics,608.62,1,41.54,Next-Day,COD,48,Female,City70,Not Returned,355.799252
2022-02-18,Clothing,1281.81,4,15.74,Express,Credit Card,40,Male,City91,Not Returned,4320.212424
2024-01-13,Clothing,813.04,1,45.85,Express,COD,56,Female,City13,Returned,440.26115999999996
2023-03-03,Clothing,727.22,1,42.85,Standard,Debit Card,42,Male,City53,Returned,415.60623000000004
2022-01-26,Clothing,424.25,2,22.25,Standard,Credit Card,47,Female,City4,Returned,659.70875
2023-11-08,Clothing,177.83,1,6.8,Standard,Wallet,21,Female,City71,Not Returned,165.73756
2024-08-15,Home Appliances,105.96,4,45.32,Express,Credit Card,54,Female,City97,Not Returned,231.75571199999996
2022-01-26,Home Appliances,139.78,1,22.62,Standard,COD,25,Female,City98,Not Returned,108.161764
2025-05-10,Clothing,1205.51,1,6.45,Standard,Credit Card,34,Male,City37,Returned,1127.754605
2022-03-09,Clothing,1170.98,2,34.53,Express,Wallet,61,Female,City50,Not Returned,1533.281212
2025-08-18,Books,194.8,2,22.95,Standard,Wallet,59,Male,City68,Not Returned,300.1868
2023-03-31,Clothing,1145.78,4,46.84,Next-Day,Credit Card,60,Female,City100,Not Returned,2436.386592
2022-09-30,Electronics,1869.54,2,40.83,Next-Day,Debit Card,34,Female,City53,Not Returned,2212.4136359999998
2022-09-01,Electronics,770.5,2,38.34,Next-Day,Debit Card,35,Male,City59,Returned,950.1806
2024-02-19,Electronics,861.6,3,28.49,Standard,COD,43,Male,City66,Not Returned,1848.3904800000003
2023-07-03,Electronics,1289.55,2,39.15,Next-Day,Credit Card,50,Male,City20,Not Returned,1569.38235
2022-03-12,Books,1287.2,5,17.96,Express,Debit Card,55,Female,City50,Not Returned,5280.0944
2022-11-13,Electronics,772.77,3,19.95,Express,Wallet,25,Female,City19,Not Returned,1855.807155
2024-03-10,Toys,1110.74,5,42.89,Standard,COD,25,Female,City5,Returned,3171.7180699999994
2023-02-24,Clothing,1552.19,2,37.79,Standard,Debit Card,26,Female,City29,Returned,1931.234798
2022-05-18,Electronics,883.75,1,13.5,Standard,COD,61,Male,City89,Returned,764.44375
2024-01-24,Electronics,113.3,3,20.42,Next-Day,Credit Card,34,Male,City16,Not Returned,270.49242
2025-01-01,Clothing,1525.35,1,48.62,Express,COD,43,Male,City64,Not Returned,783.72483
2025-01-02,Clothing,1007.99,2,10.81,Standard,Debit Card,27,Female,City46,Returned,1798.052562
2022-07-05,Books,672.06,3,20.99,Next-Day,Wallet,32,Female,City22,Not Returned,1592.983818
2023-01-04,Home Appliances,1738.89,5,14.62,Standard,Credit Card,58,Female,City15,Not Returned,7423.3214100000005
2023-08-05,Toys,967.98,3,3.85,Next-Day,Debit Card,40,Female,City8,Not Returned,2792.1383100000003
2024-01-03,Clothing,167.45,2,6.34,Standard,Credit Card,59,Male,City29,Returned,313.66733999999997
2024-05-04,Clothing,211.51,5,42.56,Express,COD,31,Female,City22,Returned,607.45672
2024-09-02,Books,1319.02,2,42.37,Standard,Debit Card,43,Female,City21,Not Returned,1520.3024520000001
2024-12-16,Toys,608.57,2,18.8,Express,Debit Card,32,Male,City52,Not Returned,988.3176800000001
2024-10-26,Clothing,854.73,4,19.16,Express,Wallet,47,Female,City13,Not Returned,2763.854928
2022-01-22,Home Appliances,1202.54,5,43.7,Standard,COD,20,Female,City100,Returned,3385.1500999999994
2022-01-19,Clothing,831.58,1,21.88,Standard,Credit Card,36,Male,City48,Not Returned,649.630296
2024-04-06,Electronics,1654.6,2,22.12,Standard,Debit Card,18,Male,City45,Not Returned,2577.2049599999996
2025-07-15,Toys,1405.29,1,34.01,Next-Day,COD,19,Male,City44,Not Returned,927.350871
2022-10-27,Books,1948.63,5,46.5,Express,COD,39,Male,City19,Not Returned,5212.58525
2022-11-04,Electronics,1615.85,4,37.49,Standard,COD,57,Female,City11,Not Returned,4040.27134
2022-04-23,Home Appliances,192.11,3,47.67,Standard,Credit Card,53,Male,City9,Not Returned,301.59348900000003
2024-03-16,Clothing,1919.17,1,31.15,Standard,Credit Card,25,Male,City31,Not Returned,1321.348545
2025-05-10,Home Appliances,639.37,3,22.2,Next-Day,Wallet,52,Female,City79,Not Returned,1492.2895800000001
2023-10-12,Clothing,1004.64,1,8.93,Next-Day,Credit Card,61,Male,City52,Returned,914.925648
2025-05-19,Electronics,850.76,1,48.21,Standard,Debit Card,61,Male,City84,Not Returned,440.608604
2025-06-26,Books,143.24,3,12.73,Next-Day,COD,44,Female,City43,Not Returned,375.01664400000004
2023-07-08,Books,269.32,4,10.06,Standard,Wallet,45,Female,City76,Not Returned,968.905632
2025-02-06,Electronics,421.33,3,36.11,Next-Day,Credit Card,42,Female,City89,Not Returned,807.563211
2023-03-10,Electronics,334.47,1,22.57,Express,Credit Card,49,Female,City93,Not Returned,258.980121
2024-05-30,Toys,1666.06,4,14.37,Express,Wallet,61,Female,City15,Not Returned,5706.588712000001
2025-06-14,Toys,1576.3,4,40.16,Express,Wallet,43,Male,City95,Not Returned,3773.03168
2024-11-30,Electronics,1193.75,3,19.74,Next-Day,Wallet,26,Male,City68,Not Returned,2874.3112499999997
2022-09-23,Clothing,427.02,3,26.64,Express,COD,32,Female,City70,Not Returned,939.785616
2025-06-21,Clothing,1822.27,5,23.36,Next-Day,Credit Card,19,Male,City82,Not Returned,6982.93864
2022-08-18,Home Appliances,1057.54,1,12.35,Next-Day,Debit Card,64,Female,City72,Not Returned,926.93381
2024-03-10,Clothing,1771.08,3,10.91,Next-Day,COD,63,Male,City36,Not Returned,4733.565516
2025-03-09,Electronics,420.01,1,17.56,Express,COD,53,Female,City40,Not Returned,346.256244
2025-07-20,Clothing,1068.49,4,35.62,Next-Day,Credit Card,33,Male,City31,Returned,2751.575448
2024-05-08,Electronics,1144.44,1,48.98,Next-Day,COD,41,Female,City95,Returned,583.893288
2022-10-10,Clothing,1230.35,2,46.17,Express,Wallet,50,Female,City32,Not Returned,1324.5948099999998
2023-07-21,Clothing,1666.43,3,44.97,Express,COD,25,Female,City77,Not Returned,2751.109287
2025-03-08,Electronics,1887.24,3,27.46,Express,Wallet,40,Female,City35,Not Returned,4107.0116880000005
2025-08-22,Clothing,1593.93,4,16.87,Next-Day,Debit Card,48,Male,City19,Returned,5300.136036
2025-06-06,Toys,381.16,1,29.71,Express,Debit Card,27,Female,City46,Not Returned,267.917364
2024-03-05,Books,833.54,2,35.72,Standard,Wallet,61,Female,City75,Not Returned,1071.599024
2022-06-20,Electronics,1677.53,4,1.73,Next-Day,Debit Card,60,Female,City60,Not Returned,6594.034924
2023-03-15,Home Appliances,334.79,5,25.92,Next-Day,Credit Card,28,Female,City6,Not Returned,1240.06216
2024-03-07,Toys,1847.26,3,46.2,Next-Day,Debit Card,40,Female,City81,Not Returned,2981.47764
2024-05-11,Toys,681.68,5,10.68,Next-Day,Wallet,59,Female,City12,Returned,3044.3828799999997
2023-08-08,Toys,1273.54,5,42.63,Express,Wallet,59,Male,City16,Not Returned,3653.14949
2022-02-28,Books,1822.08,5,1.64,Next-Day,Debit Card,42,Female,City53,Not Returned,8960.98944
2023-05-01,Clothing,178.2,5,21.69,Standard,COD,54,Female,City74,Not Returned,697.7421
2024-07-28,Books,1617.74,1,18.23,Next-Day,Debit Card,51,Female,City60,Returned,1322.825998
2023-09-27,Toys,1296.55,3,42.68,Next-Day,COD,32,Female,City7,Not Returned,2229.5473799999995
2025-03-27,Books,1879.05,4,16.28,Standard,Debit Card,59,Female,City12,Not Returned,6292.562639999999
2023-08-17,Books,702.83,4,14.51,Next-Day,Credit Card,47,Female,City12,Not Returned,2403.397468
2022-11-26,Books,450.49,2,15.24,Express,Credit Card,33,Female,City29,Not Returned,763.670648
2024-03-01,Books,1343.57,3,14.9,Next-Day,COD,20,Male,City21,Not Returned,3430.13421
2024-02-27,Electronics,784.21,2,25.64,Express,Wallet,41,Male,City20,Not Returned,1166.2771120000002
2023-04-12,Clothing,1076.7,1,13.29,Standard,Wallet,47,Male,City94,Returned,933.60657
2023-09-21,Books,1192.69,5,27.19,Standard,COD,62,Female,City59,Not Returned,4341.987945000001
2024-05-17,Books,1269.06,5,0.06,Next-Day,Credit Card,64,Female,City96,Not Returned,6341.492819999999
2025-03-25,Books,1026.34,1,34.32,Express,Debit Card,59,Female,City13,Not Returned,674.100112
2023-09-14,Electronics,1722.41,5,16.82,Standard,COD,19,Female,City16,Not Returned,7163.50319
2024-08-12,Toys,886.19,4,29.36,Express,COD,53,Female,City56,Not Returned,2504.018464
2024-01-05,Toys,1443.69,3,48.47,Express,Credit Card,25,Female,City38,Returned,2231.8003710000003
2023-07-06,Electronics,1385.59,1,22.12,Standard,Debit Card,60,Female,City88,Not Returned,1079.0974919999999
2022-12-05,Clothing,1439.08,2,25.89,Express,COD,56,Female,City50,Not Returned,2133.004376
2023-08-04,Clothing,1124.4,5,21.03,Standard,Credit Card,41,Male,City76,Not Returned,4439.6934
2024-08-06,Books,1317.26,1,21.14,Express,Debit Card,47,Male,City18,Not Returned,1038.791236
2023-09-28,Electronics,1241.91,2,26.53,Express,Wallet,28,Female,City39,Not Returned,1824.8625539999998
2023-07-17,Home Appliances,728.49,1,37.82,Express,Debit Card,55,Female,City64,Not Returned,452.97508200000004
2025-06-07,Clothing,1732.07,4,40.81,Next-Day,COD,57,Female,City69,Not Returned,4100.848932
2022-03-29,Electronics,1302.95,4,3.95,Express,Wallet,56,Female,City87,Not Returned,5005.9339
2025-02-26,Toys,1866.97,5,35.53,Next-Day,Wallet,49,Female,City19,Not Returned,6018.1777950000005
2022-05-11,Books,1391.52,5,8.28,Express,Wallet,55,Male,City91,Not Returned,6381.51072
2023-09-17,Clothing,348.03,1,26.92,Next-Day,Debit Card,49,Female,City78,Not Returned,254.34032399999998
2024-05-17,Clothing,1438.77,2,1.92,Standard,Credit Card,25,Female,City42,Not Returned,2822.291232
2024-04-07,Clothing,1578.85,1,41.1,Express,Debit Card,37,Female,City18,Not Returned,929.9426499999998
2023-11-07,Books,824.49,2,22.58,Express,Debit Card,46,Female,City57,Not Returned,1276.640316
2024-10-26,Clothing,1161.84,1,20.53,Next-Day,COD,23,Male,City74,Not Returned,923.3142479999999
2023-06-21,Electronics,545.59,2,12.72,Express,Debit Card,42,Male,City95,Not Returned,952.3819040000001
2025-02-05,Clothing,649.41,5,26.18,Next-Day,Debit Card,28,Male,City31,Returned,2396.9723099999997
2025-06-07,Toys,435.77,1,48.57,Next-Day,COD,45,Female,City78,Not Returned,224.11651099999997
2022-05-09,Clothing,560.58,3,36.63,Standard,Credit Card,60,Female,City88,Returned,1065.718638
2023-01-03,Toys,1967.64,2,49.12,Standard,Credit Card,31,Female,City6,Not Returned,2002.2704640000002
2022-06-14,Electronics,846.41,2,5.92,Express,Debit Card,30,Female,City49,Not Returned,1592.6050559999999
2024-07-30,Books,1011.82,4,40.79,Next-Day,Wallet,55,Female,City51,Not Returned,2396.3944880000004
2023-03-16,Electronics,1703.51,1,43.74,Express,COD,65,Female,City53,Not Returned,958.394726
2023-03-22,Books,1648.35,1,15.49,Standard,Debit Card,38,Female,City43,Returned,1393.0205849999998
2022-02-20,Electronics,817.78,4,28.93,Next-Day,Wallet,39,Female,City19,Not Returned,2324.784984
2025-01-21,Books,725.05,4,0.26,Next-Day,COD,56,Female,City96,Not Returned,2892.65948
2022-02-18,Home Appliances,868.79,3,1.02,Standard,Debit Card,37,Female,City46,Not Returned,2579.785026
2025-04-12,Clothing,126.95,3,0.69,Standard,COD,27,Male,City41,Not Returned,378.22213500000004
2024-08-12,Toys,857.82,2,49.02,Standard,Credit Card,42,Male,City90,Returned,874.6332720000001
2025-05-03,Home Appliances,1715.7,4,11.76,Express,COD,25,Female,City59,Returned,6055.7347199999995
2025-01-29,Books,1684.71,2,27.23,Express,Credit Card,53,Male,City34,Returned,2451.926934
2025-08-12,Electronics,1991.72,1,26.75,Express,Debit Card,46,Male,City31,Not Returned,1458.9349
2025-02-07,Clothing,157.24,2,9.71,Standard,Debit Card,42,Male,City14,Returned,283.94399200000004
2023-06-29,Clothing,1126.44,5,36.53,Next-Day,Credit Card,26,Male,City40,Returned,3574.7573400000006
2025-01-10,Electronics,1836.41,1,37.71,Next-Day,Credit Card,33,Female,City37,Not Returned,1143.899789
2023-01-17,Clothing,136.88,1,1.28,Next-Day,COD,45,Male,City24,Returned,135.12793599999998
2025-02-10,Clothing,1804.62,2,43.49,Express,Wallet,42,Female,City78,Returned,2039.5815239999997
2024-11-03,Electronics,166.5,2,15.93,Next-Day,Debit Card,26,Female,City57,Not Returned,279.9531
2024-12-18,Clothing,1519.79,1,15.81,Next-Day,Debit Card,34,Female,City26,Not Returned,1279.511201
2022-03-03,Electronics,865.31,1,7.28,Next-Day,COD,40,Female,City12,Not Returned,802.315432
2022-05-08,Electronics,1266.14,4,2.88,Standard,Credit Card,38,Female,City48,Not Returned,4918.700672
2024-03-06,Books,1080.49,1,36.83,Standard,Wallet,19,Male,City26,Not Returned,682.5455330000001
2024-10-30,Books,756.04,3,28.78,Express,Credit Card,57,Female,City56,Not Returned,1615.3550639999999
2024-10-12,Clothing,1155.59,2,6.74,Standard,Debit Card,20,Female,City67,Not Returned,2155.4064679999997
2023-02-12,Toys,977.37,4,45.46,Next-Day,Wallet,41,Female,City66,Returned,2132.230392
2024-06-24,Clothing,1368.46,1,7.29,Next-Day,COD,27,Male,City35,Not Returned,1268.699266
2025-03-11,Clothing,864.39,2,46.77,Next-Day,Credit Card,53,Male,City30,Not Returned,920.229594
2023-07-29,Clothing,475.01,4,14.78,Standard,Wallet,39,Male,City84,Returned,1619.2140880000002
2022-10-26,Clothing,1816.88,5,10.74,Standard,Wallet,31,Male,City40,Not Returned,8108.735440000002
2023-03-01,Clothing,1287.54,5,41.24,Next-Day,COD,64,Male,City29,Not Returned,3782.792519999999
2022-02-11,Books,1488.17,4,24.49,Express,Wallet,47,Female,City83,Not Returned,4494.868668
2025-06-13,Home Appliances,1818.72,4,20.29,Express,COD,35,Female,City38,Not Returned,5798.806848
2025-01-14,Books,1691.79,4,16.59,Standard,COD,21,Female,City39,Not Returned,5644.488156
2023-10-13,Clothing,1645.86,4,13.84,Standard,COD,53,Male,City93,Returned,5672.291904
2023-11-21,Home Appliances,1829.27,4,37.86,Next-Day,Credit Card,43,Male,City4,Not Returned,4546.833511999999
2022-02-25,Clothing,254.61,4,16.7,Next-Day,Wallet,34,Female,City92,Returned,848.36052
2023-09-25,Books,245.04,3,21.21,Express,Credit Card,55,Female,City66,Not Returned,579.201048
2022-03-22,Clothing,1965.58,2,44.3,Next-Day,Wallet,45,Male,City69,Returned,2189.65612
2022-07-15,Toys,630.19,1,10.34,Next-Day,Debit Card,29,Male,City26,Returned,565.028354
2023-01-14,Clothing,216.5,2,44.85,Express,Credit Card,47,Female,City95,Not Returned,238.7995
2023-11-18,Home Appliances,1505.15,2,1.03,Standard,Debit Card,49,Male,City11,Not Returned,2979.2939100000003
2022-08-11,Clothing,1731.5,3,3.2,Next-Day,Debit Card,64,Male,City76,Not Returned,5028.276
2022-11-28,Clothing,1315.15,5,13.73,Express,Credit Card,63,Male,City15,Not Returned,5672.899525
2022-06-05,Books,1581.21,1,14.43,Next-Day,Debit Card,20,Male,City29,Not Returned,1353.041397
2024-02-22,Clothing,234.54,5,18.53,Next-Day,COD,36,Female,City39,Not Returned,955.39869
2024-09-01,Toys,1270.93,5,33.33,Standard,Wallet,53,Male,City7,Not Returned,4236.645155000001
2022-11-02,Electronics,1065.74,5,18.56,Standard,Debit Card,25,Male,City68,Not Returned,4339.6932799999995
2024-02-11,Clothing,1511.76,2,37.31,Standard,COD,19,Male,City25,Not Returned,1895.444688
2022-02-13,Home Appliances,1810.3,4,5.26,Standard,COD,20,Male,City87,Not Returned,6860.31288
2022-12-10,Electronics,1066.26,2,0.62,Express,Debit Card,55,Male,City61,Returned,2119.298376
2024-12-18,Books,254.57,2,25.33,Express,Wallet,35,Male,City84,Not Returned,380.174838
2025-06-11,Clothing,276.18,1,15.25,Standard,Wallet,57,Male,City96,Returned,234.06255000000002
2022-04-04,Clothing,1631.66,1,39.35,Standard,Wallet,27,Female,City14,Not Returned,989.6017900000002
2022-11-08,Toys,1206.39,5,41.61,Express,COD,49,Male,City55,Not Returned,3522.055605000001
2023-07-14,Clothing,762.2,3,7.31,Next-Day,Debit Card,51,Female,City9,Not Returned,2119.4495400000005
2023-02-12,Toys,523.52,5,47.2,Next-Day,Wallet,53,Female,City71,Not Returned,1382.0928000000001
2023-01-24,Clothing,1849.22,5,28.68,Next-Day,Debit Card,60,Male,City63,Not Returned,6594.318520000001
2023-09-28,Home Appliances,1767.41,2,1.45,Next-Day,Wallet,18,Male,City48,Not Returned,3483.5651100000005
2023-12-01,Electronics,1298.03,2,6.07,Next-Day,COD,61,Male,City28,Returned,2438.479158
2022-03-09,Electronics,1438.67,4,25.5,Standard,Debit Card,18,Female,City13,Not Returned,4287.2366
2024-12-12,Clothing,573.64,4,25.37,Express,Wallet,37,Male,City72,Not Returned,1712.430128
2024-07-03,Clothing,1460.32,1,22.06,Standard,COD,55,Female,City93,Not Returned,1138.1734079999999
2024-06-01,Books,193.75,5,42.26,Next-Day,COD,45,Male,City59,Not Returned,559.35625
2024-12-30,Toys,1912.84,1,45.67,Express,COD,64,Male,City7,Not Returned,1039.245972
2022-09-08,Electronics,1899.85,1,7.89,Next-Day,COD,23,Female,City3,Returned,1749.951835
2022-06-16,Home Appliances,196.71,2,47.64,Express,Debit Card,29,Female,City34,Not Returned,205.99471200000002
2023-07-12,Books,1306.52,1,0.76,Standard,Debit Card,43,Male,City49,Not Returned,1296.590448
2025-03-03,Clothing,1518.25,3,27.3,Express,Debit Card,41,Male,City58,Returned,3311.30325
2024-01-30,Toys,134.47,5,41.04,Express,COD,31,Male,City61,Not Returned,396.41756000000004
2022-03-11,Electronics,1381.62,1,40.98,Next-Day,Credit Card,45,Female,City5,Not Returned,815.432124
2023-12-17,Home Appliances,286.64,3,36.34,Express,COD,59,Male,City13,Returned,547.4250719999999
2022-07-11,Toys,1389.95,3,25.58,Next-Day,Credit Card,56,Male,City59,Returned,3103.20237
2022-03-13,Books,1703.46,3,22.33,Next-Day,Wallet,48,Male,City43,Not Returned,3969.2321460000003
2022-12-06,Electronics,769.21,1,8.79,Standard,Wallet,49,Male,City70,Not Returned,701.596441
2024-09-11,Clothing,647.79,4,12.9,Express,Debit Card,24,Male,City98,Not Returned,2256.9003599999996
2022-03-23,Clothing,440.9,2,24.23,Express,Debit Card,23,Male,City55,Not Returned,668.13986
2023-05-16,Clothing,1241.23,3,22.82,Standard,Credit Card,54,Female,City95,Not Returned,2873.9439420000003
2024-02-13,Toys,1766.22,2,29.49,Standard,Credit Card,47,Male,City19,Not Returned,2490.723444
2022-10-12,Electronics,983.52,4,14.77,Standard,Credit Card,56,Male,City80,Not Returned,3353.016384
2022-11-07,Clothing,1109.81,1,2.29,Next-Day,COD,52,Female,City87,Not Returned,1084.395351
2024-02-26,Clothing,1492.29,1,3.82,Next-Day,COD,23,Male,City48,Returned,1435.284522
2024-10-16,Clothing,1652.95,3,2.03,Standard,Debit Card,24,Female,City62,Returned,4858.185345000001
2024-01-31,Clothing,1927.96,3,40.99,Next-Day,Credit Card,27,Female,City56,Returned,3413.067588
2022-05-19,Toys,661.93,5,5.98,Standard,Wallet,43,Male,City8,Not Returned,3111.7329299999997
2023-02-12,Electronics,502.38,4,33.92,Express,Wallet,48,Male,City16,Not Returned,1327.890816
2023-12-05,Electronics,441.82,4,44.0,Express,Debit Card,22,Male,City15,Returned,989.6768000000001
2022-04-16,Books,356.58,4,9.29,Express,Wallet,49,Male,City36,Not Returned,1293.814872
2024-11-03,Books,1622.54,5,37.57,Next-Day,Debit Card,42,Female,City30,Not Returned,5064.758610000001
2022-03-01,Toys,795.36,1,11.86,Next-Day,Credit Card,61,Female,City11,Not Returned,701.030304
2023-10-15,Home Appliances,1713.91,3,40.8,Next-Day,COD,57,Female,City73,Not Returned,3043.9041600000005
2025-07-22,Clothing,1160.01,3,20.08,Standard,Wallet,24,Male,City81,Not Returned,2781.239976
2023-07-15,Clothing,162.84,2,6.05,Express,Debit Card,38,Male,City54,Not Returned,305.97636
2022-08-21,Electronics,1102.26,3,23.48,Express,COD,33,Female,City63,Not Returned,2530.348056
2022-09-30,Clothing,183.36,2,11.58,Express,Credit Card,39,Male,City47,Not Returned,324.253824
2022-10-07,Electronics,1713.17,3,16.98,Next-Day,Credit Card,41,Male,City97,Not Returned,4266.821202
2022-09-11,Clothing,143.94,2,4.5,Express,Debit Card,31,Male,City82,Returned,274.92539999999997
2023-08-27,Books,280.73,2,7.57,Standard,COD,38,Male,City99,Not Returned,518.957478
2024-11-27,Books,1891.54,1,35.31,Express,Wallet,53,Female,City78,Returned,1223.637226
2024-09-17,Clothing,643.7,4,11.45,Next-Day,Debit Card,33,Female,City61,Returned,2279.9854
2024-11-12,Clothing,756.48,4,30.37,Express,Wallet,24,Male,City3,Not Returned,2106.9480959999996
2025-07-02,Electronics,1994.25,4,6.36,Express,Credit Card,46,Female,City88,Returned,7469.6628
2022-09-26,Toys,1731.33,1,27.02,Standard,Debit Card,34,Female,City1,Not Returned,1263.5246339999999
2024-01-21,Books,1256.88,5,3.25,Express,Wallet,50,Female,City14,Returned,6080.157000000001
2022-06-10,Electronics,629.04,5,20.06,Standard,Wallet,22,Female,City27,Not Returned,2514.27288
2023-06-05,Toys,1651.76,2,7.84,Next-Day,Wallet,45,Female,City41,Not Returned,3044.524032
2024-02-23,Toys,1488.05,4,35.13,Next-Day,Credit Card,55,Female,City62,Not Returned,3861.19214
2022-02-01,Electronics,594.17,1,1.67,Standard,COD,49,Female,City66,Not Returned,584.247361
2022-11-11,Books,1211.4,5,5.27,Standard,Debit Card,64,Male,City32,Not Returned,5737.7961000000005
2023-10-05,Books,1900.41,5,43.16,Standard,Debit Card,27,Female,City25,Returned,5400.965220000001
2024-06-24,Toys,1165.9,5,19.83,Next-Day,Credit Card,26,Female,City31,Returned,4673.51015
2023-09-05,Toys,269.14,3,17.47,Next-Day,COD,58,Female,City31,Not Returned,666.363726
2024-09-17,Electronics,429.7,1,5.27,Next-Day,Wallet,62,Female,City76,Returned,407.05481
2023-01-09,Electronics,1300.2,5,34.46,Standard,COD,52,Female,City35,Not Returned,4260.7554
2022-09-30,Books,1125.93,4,38.59,Standard,Credit Card,57,Female,City63,Not Returned,2765.734452
2024-02-25,Electronics,847.0,2,21.4,Next-Day,Credit Card,52,Male,City29,Not Returned,1331.4840000000002
2024-02-03,Electronics,309.68,2,24.01,Standard,Wallet,58,Female,City65,Not Returned,470.65166400000004
2024-05-18,Home Appliances,248.8,2,16.99,Next-Day,Wallet,62,Female,City43,Not Returned,413.05776000000003
2023-08-03,Electronics,179.06,1,36.97,Standard,COD,33,Female,City53,Returned,112.86151800000002
2023-01-24,Electronics,231.26,2,43.85,Next-Day,COD,31,Female,City73,Not Returned,259.70498
2023-11-22,Electronics,1546.0,5,7.56,Standard,Wallet,34,Female,City12,Not Returned,7145.612
2025-08-25,Clothing,512.69,1,48.76,Next-Day,Credit Card,31,Female,City3,Returned,262.702356
2023-03-30,Home Appliances,1375.84,5,11.97,Next-Day,Wallet,53,Female,City16,Not Returned,6055.75976
2024-03-15,Electronics,1435.47,3,10.41,Standard,Wallet,58,Male,City49,Not Returned,3858.112719
2022-03-13,Books,1479.49,1,32.71,Express,COD,43,Female,City79,Not Returned,995.5488210000001
2024-04-13,Electronics,362.3,2,18.0,Standard,Wallet,36,Male,City96,Not Returned,594.172
2024-11-25,Toys,1589.89,1,5.87,Next-Day,COD,23,Female,City90,Not Returned,1496.5634570000002
2023-12-29,Home Appliances,1953.85,2,37.38,Standard,Wallet,24,Female,City54,Not Returned,2447.0017399999997
2024-09-26,Toys,566.71,1,1.69,Next-Day,Credit Card,64,Female,City53,Not Returned,557.132601
2024-06-01,Toys,1794.67,4,5.24,Express,Wallet,26,Male,City96,Not Returned,6802.517168
2023-10-01,Clothing,720.87,5,28.24,Express,COD,53,Female,City35,Not Returned,2586.48156
2024-01-24,Books,593.06,4,48.61,Express,Debit Card,25,Female,City66,Not Returned,1219.094136
2022-11-03,Clothing,1757.23,3,42.75,Standard,Debit Card,60,Female,City50,Not Returned,3018.0425250000003
2024-02-10,Electronics,554.45,4,12.88,Express,Credit Card,55,Male,City99,Not Returned,1932.1473600000002
2024-12-27,Books,1780.97,1,18.81,Express,Debit Card,19,Male,City29,Not Returned,1445.9695430000002
2024-03-17,Books,1004.8,1,12.77,Standard,COD,52,Female,City39,Not Returned,876.48704
2024-10-27,Electronics,1851.99,1,47.51,Standard,Wallet,39,Male,City30,Not Returned,972.109551
2024-03-31,Clothing,1698.84,4,23.42,Express,Wallet,31,Female,City62,Not Returned,5203.886688
2025-08-09,Electronics,217.72,4,22.36,Express,Debit Card,57,Female,City37,Not Returned,676.1512319999999
2025-03-14,Toys,991.05,4,21.39,Express,Wallet,61,Female,City69,Not Returned,3116.25762
2025-08-13,Toys,808.22,2,16.52,Next-Day,Credit Card,47,Female,City66,Not Returned,1349.404112
2022-12-21,Clothing,1462.36,4,30.77,Express,Debit Card,25,Female,City2,Not Returned,4049.5673119999997
2024-08-13,Clothing,287.48,1,45.95,Next-Day,Wallet,42,Male,City59,Not Returned,155.38294
2024-02-22,Books,1683.51,1,6.54,Express,Credit Card,54,Male,City68,Not Returned,1573.408446
2025-01-08,Clothing,576.03,1,15.53,Standard,Credit Card,22,Male,City48,Returned,486.572541
2024-06-14,Clothing,821.88,5,43.3,Next-Day,Debit Card,22,Male,City84,Returned,2330.0298
2025-03-28,Clothing,742.99,2,15.02,Express,Debit Card,37,Female,City52,Not Returned,1262.785804
2023-08-21,Clothing,1673.04,4,23.02,Standard,COD,40,Female,City60,Returned,5151.624768000001
2022-06-02,Electronics,648.61,5,4.87,Express,COD,23,Female,City31,Not Returned,3085.1134650000004
2022-05-17,Home Appliances,1916.24,2,23.37,Standard,COD,48,Male,City68,Not Returned,2936.829424
2024-10-23,Clothing,1607.73,3,48.88,Next-Day,Credit Card,30,Female,City67,Returned,2465.614728
2025-09-03,Clothing,1985.85,1,14.21,Standard,COD,59,Female,City14,Not Returned,1703.660715
2024-08-02,Electronics,1958.91,4,11.02,Next-Day,Credit Card,45,Male,City68,Not Returned,6972.152472000001
2023-05-15,Home Appliances,1786.58,4,18.0,Standard,Credit Card,47,Male,City63,Not Returned,5859.9824
2024-07-20,Books,1359.77,1,29.06,Express,Credit Card,65,Female,City86,Not Returned,964.620838
2022-07-27,Toys,207.68,3,13.02,Next-Day,Wallet,19,Female,City59,Not Returned,541.9201919999999
2025-02-21,Clothing,1775.96,1,26.66,Express,Wallet,59,Female,City91,Returned,1302.489064
2023-05-29,Clothing,167.05,1,36.05,Standard,Debit Card,56,Male,City18,Returned,106.828475
2024-04-22,Toys,666.31,1,19.56,Next-Day,Wallet,24,Female,City97,Not Returned,535.9797639999999
2022-08-25,Clothing,1101.74,4,1.33,Express,Credit Card,28,Female,City31,Returned,4348.3474320000005
2024-05-10,Toys,1273.54,4,25.6,Express,Debit Card,56,Male,City36,Not Returned,3790.0550399999997
2024-03-17,Books,955.9,2,15.02,Next-Day,Debit Card,36,Female,City14,Not Returned,1624.64764
2023-01-15,Books,1227.07,4,10.89,Express,Debit Card,56,Female,City88,Not Returned,4373.768308
2022-02-28,Toys,1750.46,1,41.96,Standard,Wallet,35,Female,City21,Returned,1015.966984
2024-04-07,Clothing,1139.0,4,46.33,Next-Day,Wallet,38,Female,City84,Not Returned,2445.2052
2025-06-30,Electronics,296.67,3,31.08,Standard,COD,48,Male,City75,Returned,613.394892
2022-08-05,Electronics,398.36,2,8.7,Standard,COD,24,Female,City5,Not Returned,727.4053600000001
2024-10-23,Books,1246.84,2,13.39,Next-Day,Wallet,44,Female,City68,Not Returned,2159.7762479999997
2024-04-21,Home Appliances,609.17,4,46.96,Express,Debit Card,44,Female,City24,Not Returned,1292.4150719999998
2024-09-04,Clothing,354.3,4,24.67,Next-Day,Credit Card,53,Female,City5,Returned,1067.57676
2023-11-16,Electronics,990.42,5,46.75,Standard,Debit Card,49,Male,City54,Not Returned,2636.9932499999995
2025-03-03,Clothing,718.67,5,21.5,Standard,Credit Card,30,Male,City87,Not Returned,2820.77975
2023-09-04,Books,1745.63,4,10.17,Next-Day,Debit Card,55,Male,City91,Returned,6272.397716
2023-10-24,Home Appliances,428.25,5,33.17,Express,Wallet,35,Male,City39,Not Returned,1430.997375
2023-11-24,Electronics,1805.45,3,43.94,Standard,Debit Card,56,Male,City17,Not Returned,3036.40581
2024-10-03,Clothing,264.27,3,26.22,Express,Wallet,36,Female,City30,Not Returned,584.935218
2025-05-15,Home Appliances,276.46,1,40.01,Standard,Debit Card,57,Male,City16,Not Returned,165.84835400000003
2024-01-21,Electronics,1921.79,5,40.45,Express,Wallet,19,Male,City44,Returned,5722.129725
2025-01-09,Clothing,1479.38,5,41.78,Standard,Debit Card,18,Female,City63,Not Returned,4306.47518
2023-09-12,Electronics,930.88,2,28.8,Standard,COD,64,Female,City33,Returned,1325.57312
2025-07-09,Clothing,1814.45,1,44.02,Express,COD,31,Female,City77,Not Returned,1015.72911
2024-01-10,Clothing,1495.55,4,35.82,Next-Day,COD,58,Female,City81,Not Returned,3839.3759599999994
2022-12-19,Clothing,1403.13,2,36.43,Standard,Credit Card,63,Female,City39,Returned,1783.939482
2022-06-06,Books,1403.63,3,29.82,Next-Day,Credit Card,62,Female,City83,Not Returned,2955.2026020000003
2023-10-07,Electronics,508.92,3,12.64,Standard,Credit Card,19,Male,City19,Returned,1333.7775359999998
2022-01-20,Clothing,1760.7,2,44.24,Express,Credit Card,29,Male,City17,Not Returned,1963.53264
2022-07-18,Electronics,432.88,2,18.6,Standard,COD,40,Male,City74,Not Returned,704.7286399999999
2023-01-18,Books,1212.93,1,0.06,Next-Day,Debit Card,22,Male,City23,Not Returned,1212.202242
2024-02-09,Clothing,346.36,5,32.24,Express,Wallet,43,Female,City49,Not Returned,1173.4676800000002
2024-12-27,Clothing,1278.86,3,20.87,Next-Day,Debit Card,47,Female,City21,Not Returned,3035.885754
2024-05-26,Electronics,1845.14,1,11.28,Standard,Debit Card,25,Male,City52,Not Returned,1637.008208
2025-09-01,Electronics,100.09,5,14.13,Express,Wallet,43,Male,City62,Not Returned,429.736415
2023-04-21,Home Appliances,832.95,4,7.87,Next-Day,Debit Card,61,Female,City8,Not Returned,3069.58734
2022-11-06,Clothing,1811.75,5,5.45,Next-Day,COD,52,Male,City48,Not Returned,8565.048125
2023-11-17,Toys,555.98,4,28.4,Express,Debit Card,25,Female,City66,Not Returned,1592.32672
2023-03-24,Electronics,1932.64,4,43.3,Express,Credit Card,50,Female,City92,Not Returned,4383.2275199999995
2022-07-31,Toys,1569.77,4,2.9,Express,COD,43,Male,City14,Not Returned,6096.98668
2023-09-14,Home Appliances,616.66,4,16.58,Express,Credit Card,65,Male,City44,Not Returned,2057.671088
2022-08-07,Toys,821.92,3,29.39,Next-Day,COD,18,Male,City99,Returned,1741.0731359999997
2025-07-14,Home Appliances,1916.13,5,14.5,Next-Day,COD,18,Female,City4,Not Returned,8191.455750000001
2024-09-04,Books,1441.78,5,43.88,Next-Day,COD,65,Male,City9,Not Returned,4045.634679999999
2022-05-12,Home Appliances,527.72,5,22.12,Express,Wallet,57,Male,City60,Not Returned,2054.94168
2022-09-24,Clothing,914.11,4,19.99,Standard,Wallet,62,Male,City13,Not Returned,2925.517644
2022-04-03,Books,1690.25,5,49.55,Standard,Credit Card,53,Female,City91,Returned,4263.655624999999
2022-10-19,Toys,419.05,2,20.25,Next-Day,COD,32,Male,City70,Not Returned,668.38475
2023-08-16,Home Appliances,252.02,5,36.27,Standard,Debit Card,49,Male,City25,Returned,803.06173
2023-03-10,Clothing,1786.18,5,14.62,Standard,Credit Card,32,Female,City11,Not Returned,7625.20242
2023-07-24,Home Appliances,1233.73,5,0.11,Express,Wallet,38,Female,City84,Not Returned,6161.864485
2023-01-11,Clothing,1345.67,1,25.52,Next-Day,COD,19,Male,City71,Returned,1002.2550160000001
2022-01-22,Clothing,1253.67,4,47.19,Next-Day,Debit Card,44,Female,City9,Not Returned,2648.252508
2024-12-23,Books,1366.54,3,46.44,Next-Day,COD,35,Female,City87,Returned,2195.756472
2024-11-05,Books,1400.6,1,28.17,Next-Day,Credit Card,54,Female,City40,Not Returned,1006.0509799999999
2022-10-24,Toys,907.73,4,3.72,Standard,COD,45,Female,City64,Not Returned,3495.849776
2023-10-16,Books,1525.81,5,0.37,Next-Day,Debit Card,31,Female,City21,Not Returned,7600.822514999999
2024-11-20,Electronics,1266.3,3,45.2,Standard,Wallet,54,Female,City66,Returned,2081.7972
2022-05-13,Toys,249.54,3,36.43,Express,Credit Card,52,Female,City27,Not Returned,475.89773399999996
2025-05-26,Toys,1614.62,4,10.75,Next-Day,COD,22,Male,City97,Not Returned,5764.193399999999
2023-04-16,Books,760.82,3,46.53,Next-Day,Debit Card,45,Female,City38,Not Returned,1220.4313619999998
2024-09-01,Home Appliances,798.44,4,41.09,Standard,Debit Card,32,Male,City23,Not Returned,1881.444016
2023-01-24,Clothing,757.18,5,48.95,Next-Day,COD,28,Male,City20,Not Returned,1932.7019499999997
2025-07-16,Toys,1986.41,4,31.32,Next-Day,Wallet,59,Male,City86,Not Returned,5457.065552000001
2023-09-13,Clothing,135.81,2,25.35,Next-Day,Credit Card,35,Male,City51,Not Returned,202.76433
2022-12-04,Toys,860.83,3,22.32,Next-Day,Credit Card,42,Female,City18,Not Returned,2006.078232
2023-08-25,Home Appliances,501.1,2,15.2,Express,Debit Card,49,Female,City42,Not Returned,849.8656
2023-07-12,Toys,798.49,1,39.21,Standard,COD,61,Male,City90,Returned,485.402071
2024-10-20,Books,1602.4,2,37.7,Next-Day,Credit Card,37,Female,City30,Not Returned,1996.5904
2024-04-17,Electronics,241.73,3,45.82,Standard,COD,26,Male,City60,Not Returned,392.907942
2024-07-22,Toys,1001.61,1,2.86,Next-Day,Debit Card,62,Female,City86,Not Returned,972.9639540000001
2022-07-22,Toys,1697.73,2,5.64,Next-Day,Credit Card,64,Female,City99,Not Returned,3203.956056
2023-03-04,Toys,651.88,2,44.99,Standard,COD,20,Female,City54,Not Returned,717.198376
2024-04-06,Clothing,1750.36,2,19.0,Standard,Wallet,45,Male,City73,Not Returned,2835.5832
2025-07-23,Electronics,1213.99,4,40.77,Standard,Debit Card,52,Female,City64,Not Returned,2876.185108
2023-10-17,Electronics,669.48,5,42.88,Standard,Credit Card,29,Male,City8,Returned,1912.03488
2023-12-24,Clothing,1574.05,1,42.31,Next-Day,Credit Card,21,Female,City4,Not Returned,908.069445
2023-01-16,Clothing,1819.08,5,15.01,Standard,Credit Card,57,Female,City31,Not Returned,7730.18046
2024-04-22,Books,1442.23,5,16.91,Standard,COD,46,Female,City18,Not Returned,5991.744535
2022-12-27,Toys,843.93,2,31.31,Standard,COD,50,Female,City48,Returned,1159.391034
2024-07-10,Electronics,362.48,2,32.61,Express,Debit Card,50,Female,City70,Not Returned,488.550544
2022-10-11,Clothing,172.31,3,32.21,Express,Credit Card,33,Female,City15,Not Returned,350.426847
2022-12-14,Clothing,234.33,4,0.36,Express,Credit Card,40,Male,City37,Not Returned,933.945648
2022-08-31,Books,119.94,4,32.36,Standard,COD,59,Female,City60,Returned,324.509664
2022-05-07,Clothing,1855.84,4,33.34,Standard,Debit Card,58,Male,City18,Not Returned,4948.411776
2023-03-13,Books,322.98,4,4.95,Express,COD,37,Male,City88,Not Returned,1227.9699600000001
2022-07-26,Toys,1337.66,5,44.5,Express,Wallet,59,Female,City44,Not Returned,3712.0064999999995
2022-07-25,Electronics,301.53,4,14.02,Standard,Wallet,41,Female,City47,Not Returned,1037.021976
2022-01-09,Clothing,166.76,2,5.35,Next-Day,Wallet,57,Male,City54,Not Returned,315.67668
2024-12-15,Home Appliances,441.38,5,1.3,Standard,Credit Card,19,Female,City27,Not Returned,2178.2103
2023-08-25,Clothing,255.77,4,14.72,Next-Day,Credit Card,33,Male,City80,Not Returned,872.482624
2022-10-12,Toys,1405.11,1,41.25,Next-Day,COD,43,Female,City30,Not Returned,825.502125
2022-01-05,Clothing,1698.73,3,28.89,Next-Day,Credit Card,22,Female,City73,Returned,3623.900709000001
2024-05-27,Books,346.56,5,9.62,Next-Day,Credit Card,58,Female,City58,Returned,1566.10464
2025-08-29,Electronics,124.13,4,32.4,Next-Day,Debit Card,33,Female,City43,Returned,335.64751999999993
2023-06-17,Clothing,1093.16,1,16.23,Next-Day,Credit Card,50,Male,City14,Returned,915.740132
2025-08-22,Electronics,1184.26,1,4.73,Next-Day,Credit Card,30,Female,City77,Returned,1128.244502
2023-12-29,Books,1990.06,2,39.87,Express,COD,52,Male,City51,Not Returned,2393.2461559999997
2024-05-16,Clothing,1732.64,5,10.28,Standard,COD,43,Male,City13,Not Returned,7772.62304
2023-05-31,Clothing,340.07,5,37.2,Next-Day,Credit Card,54,Female,City63,Returned,1067.8197999999998
2022-11-01,Clothing,1122.34,3,40.31,Express,Wallet,23,Female,City73,Returned,2009.7742379999997
2023-05-24,Books,294.78,5,6.04,Express,Debit Card,48,Female,City27,Not Returned,1384.8764399999998
2023-08-22,Clothing,1641.68,3,35.83,Next-Day,Credit Card,47,Female,City19,Not Returned,3160.3981679999997
2024-05-12,Electronics,649.28,5,38.05,Express,Credit Card,46,Female,City27,Returned,2011.1448
2022-08-13,Electronics,1532.14,4,43.51,Standard,Wallet,19,Female,City29,Not Returned,3462.023544
2023-05-04,Books,1859.83,4,20.92,Next-Day,Wallet,28,Female,City10,Not Returned,5883.0142559999995
2023-07-10,Toys,327.06,5,7.83,Standard,Wallet,58,Male,City47,Not Returned,1507.2560099999998
2024-02-03,Books,503.15,1,29.68,Next-Day,COD,20,Male,City17,Not Returned,353.81508
2024-05-13,Toys,365.66,2,37.2,Standard,Credit Card,62,Male,City12,Returned,459.26895999999994
2025-03-20,Clothing,1530.85,1,22.87,Standard,Credit Card,37,Female,City66,Not Returned,1180.7446049999999
2023-04-07,Clothing,897.8,3,44.77,Standard,Credit Card,64,Female,City7,Returned,1487.5648199999998
2022-02-13,Toys,1363.71,2,13.56,Standard,Debit Card,37,Male,City30,Not Returned,2357.5818480000003
2025-03-10,Clothing,1191.45,5,25.81,Next-Day,Credit Card,51,Female,City80,Returned,4419.683775
2023-08-14,Books,554.28,2,43.89,Express,Debit Card,21,Female,City64,Not Returned,622.0130159999999
2023-11-18,Clothing,1115.54,5,45.64,Next-Day,COD,52,Male,City8,Returned,3032.03772
2022-05-19,Electronics,1720.07,2,17.32,Next-Day,Wallet,45,Male,City27,Returned,2844.3077519999997
2022-04-21,Toys,240.82,3,39.61,Express,Credit Card,25,Female,City8,Not Returned,436.29359400000004
2023-08-02,Electronics,1218.87,4,10.07,Next-Day,Credit Card,18,Female,City63,Returned,4384.519163999999
2022-12-12,Toys,1714.71,5,15.99,Standard,Debit Card,58,Male,City30,Not Returned,7202.639354999999
2024-02-03,Books,1277.37,2,1.1,Standard,Debit Card,59,Male,City78,Returned,2526.63786
2025-04-06,Electronics,1301.19,3,40.61,Next-Day,COD,41,Male,City26,Returned,2318.330223
2024-06-29,Books,1484.02,3,43.58,Standard,Wallet,31,Female,City87,Returned,2511.8522519999997
2023-07-21,Books,934.03,4,46.49,Next-Day,Wallet,53,Female,City72,Returned,1999.1978119999997
2024-03-05,Books,470.83,4,15.1,Next-Day,Wallet,52,Male,City56,Not Returned,1598.93868
2024-06-29,Clothing,1457.64,1,17.66,Next-Day,Debit Card,61,Male,City5,Not Returned,1200.2207760000001
2023-09-03,Books,301.97,2,38.31,Express,Debit Card,31,Male,City88,Not Returned,372.57058600000005
2023-12-31,Electronics,769.09,5,16.29,Express,COD,47,Male,City89,Not Returned,3219.026195
2024-09-23,Toys,1332.56,2,12.13,Express,Debit Card,20,Male,City21,Not Returned,2341.840944
2024-12-12,Clothing,1982.39,2,16.09,Express,Debit Card,18,Female,City26,Returned,3326.846898
2024-09-03,Toys,1444.7,5,20.08,Standard,Credit Card,58,Female,City89,Not Returned,5773.0212
2023-01-27,Clothing,417.6,4,17.19,Express,Wallet,20,Female,City9,Returned,1383.25824
2023-10-31,Books,1580.53,3,29.73,Next-Day,Wallet,21,Female,City28,Not Returned,3331.915293
2023-05-11,Electronics,1588.64,1,31.15,Standard,Credit Card,28,Female,City36,Returned,1093.77864
2022-06-08,Clothing,1039.7,2,14.94,Standard,Wallet,33,Male,City7,Not Returned,1768.73764
2023-04-07,Electronics,321.17,4,15.4,Express,Credit Card,49,Male,City15,Not Returned,1086.83928
2024-06-16,Clothing,1557.91,1,11.85,Next-Day,Debit Card,51,Female,City68,Not Returned,1373.297665
2023-09-03,Electronics,872.88,5,31.25,Next-Day,Wallet,36,Male,City95,Not Returned,3000.5249999999996
2023-08-26,Clothing,1485.14,5,36.68,Express,Debit Card,35,Female,City10,Not Returned,4701.953240000001
2025-09-02,Electronics,1855.16,5,29.91,Express,Wallet,33,Female,City10,Not Returned,6501.408220000001
2022-09-27,Clothing,1344.75,3,21.39,Next-Day,Credit Card,35,Female,City27,Not Returned,3171.323925
2025-08-13,Clothing,455.58,2,48.59,Next-Day,COD,42,Female,City43,Returned,468.427356
2025-02-05,Toys,1156.84,4,29.61,Express,COD,41,Female,City87,Not Returned,3257.1987039999995
2023-09-17,Clothing,981.3,1,34.73,Next-Day,Credit Card,48,Male,City62,Not Returned,640.49451
2022-02-28,Electronics,1064.23,5,4.31,Next-Day,COD,33,Male,City50,Not Returned,5091.808435
2024-06-23,Home Appliances,331.74,3,8.86,Standard,COD,45,Female,City6,Not Returned,907.043508
2024-09-04,Electronics,1155.85,2,14.57,Standard,COD,34,Male,City95,Returned,1974.88531
2024-03-18,Books,1029.64,3,5.59,Next-Day,COD,55,Male,City30,Not Returned,2916.249372
2022-04-04,Electronics,1433.72,4,44.72,Standard,Credit Card,30,Male,City68,Returned,3170.2416639999997
2023-10-24,Toys,1754.36,2,4.35,Express,Debit Card,41,Male,City36,Not Returned,3356.09068
2024-04-10,Electronics,1024.52,3,9.79,Standard,Wallet,64,Female,City6,Returned,2772.658476
2022-06-28,Electronics,567.84,2,29.46,Express,Wallet,39,Male,City31,Not Returned,801.1086720000001
2024-07-10,Electronics,482.18,4,33.28,Standard,Debit Card,38,Female,City21,Not Returned,1286.8419840000001
2023-06-25,Books,1540.7,1,21.78,Next-Day,Wallet,44,Female,City37,Not Returned,1205.13554
2024-04-22,Clothing,145.72,5,16.46,Express,COD,43,Male,City26,Not Returned,608.67244
2023-09-21,Clothing,1684.08,2,23.26,Express,Wallet,36,Female,City93,Not Returned,2584.7259839999997
2025-08-02,Clothing,1098.41,1,44.99,Next-Day,Debit Card,58,Male,City20,Returned,604.2353410000001
2025-03-04,Electronics,658.82,1,28.21,Standard,Credit Card,47,Female,City76,Not Returned,472.966878
2024-07-05,Books,843.33,2,47.35,Express,COD,19,Female,City13,Not Returned,888.02649
2023-02-03,Electronics,854.16,5,10.36,Standard,Debit Card,21,Female,City31,Not Returned,3828.34512
2024-10-17,Clothing,968.28,3,42.92,Standard,Wallet,59,Male,City9,Not Returned,1658.082672
2022-10-22,Clothing,950.07,5,44.16,Next-Day,Debit Card,47,Female,City26,Not Returned,2652.59544
2024-07-21,Books,1261.32,1,1.57,Standard,Debit Card,60,Female,City36,Not Returned,1241.5172759999998
2023-07-12,Toys,105.02,1,0.28,Next-Day,Credit Card,54,Female,City78,Not Returned,104.725944
2024-05-10,Clothing,1378.29,4,9.02,Next-Day,Debit Card,48,Female,City69,Not Returned,5015.872968
2024-03-29,Clothing,1449.37,1,3.56,Standard,Debit Card,46,Male,City75,Not Returned,1397.772428
2025-05-16,Electronics,219.32,4,36.71,Next-Day,Wallet,51,Female,City53,Not Returned,555.230512
2025-03-31,Toys,1828.29,1,41.46,Standard,COD,59,Male,City11,Not Returned,1070.2809659999998
2025-01-13,Electronics,1210.95,2,22.33,Standard,Wallet,20,Female,City32,Not Returned,1881.0897300000001
2022-10-11,Toys,1416.82,2,40.77,Standard,COD,42,Female,City52,Returned,1678.364972
2023-07-03,Electronics,164.88,2,43.43,Standard,Debit Card,57,Male,City71,Not Returned,186.545232
2023-08-11,Toys,911.51,1,10.88,Standard,Debit Card,41,Male,City21,Returned,812.337712
2024-06-02,Clothing,1010.35,3,34.55,Next-Day,Debit Card,20,Male,City44,Returned,1983.8222250000003
2023-01-20,Toys,1189.71,5,3.76,Express,COD,27,Male,City98,Not Returned,5724.8845200000005
2023-09-13,Electronics,139.98,4,48.72,Express,COD,25,Female,City4,Not Returned,287.126976
2023-11-26,Electronics,594.31,2,41.45,Express,Wallet,53,Male,City41,Returned,695.9370099999999
2022-07-01,Electronics,762.74,5,41.49,Next-Day,Credit Card,42,Female,City50,Not Returned,2231.39587
2022-08-20,Books,1457.76,3,18.22,Next-Day,Wallet,18,Male,City56,Not Returned,3576.468384
2022-11-05,Toys,1989.39,4,10.91,Next-Day,Debit Card,28,Male,City46,Not Returned,7089.390204
2024-06-15,Clothing,1654.12,1,47.29,Standard,Wallet,22,Female,City64,Not Returned,871.8866519999999
2023-09-01,Books,1002.62,1,22.24,Next-Day,Debit Card,46,Female,City40,Not Returned,779.6373120000001
2022-03-27,Clothing,674.38,3,38.24,Next-Day,Credit Card,22,Male,City95,Not Returned,1249.4912639999998
2022-04-05,Clothing,424.98,3,45.43,Express,Credit Card,49,Female,City84,Not Returned,695.7347580000002
2022-04-01,Books,242.41,5,28.9,Standard,COD,55,Female,City78,Not Returned,861.76755
2022-06-22,Clothing,412.73,1,33.82,Standard,COD,62,Female,City5,Returned,273.14471399999996
2024-03-15,Electronics,371.87,3,38.89,Express,Wallet,36,Female,City20,Not Returned,681.749271
2025-01-12,Clothing,872.43,2,14.55,Standard,Debit Card,58,Male,City29,Not Returned,1490.98287
2023-10-16,Toys,1430.13,2,0.29,Standard,COD,42,Female,City92,Not Returned,2851.965246
2024-05-25,Clothing,859.23,4,32.06,Express,Wallet,57,Male,City24,Not Returned,2335.043448
2023-10-20,Electronics,415.57,1,35.81,Next-Day,COD,25,Female,City11,Not Returned,266.75438299999996
2024-06-13,Clothing,1483.87,4,41.85,Next-Day,Credit Card,63,Male,City20,Not Returned,3451.481619999999
2023-04-25,Home Appliances,1817.24,1,21.95,Standard,COD,45,Male,City46,Not Returned,1418.35582
2023-02-05,Clothing,462.59,5,43.27,Express,Credit Card,20,Female,City23,Not Returned,1312.1365349999996
2025-01-27,Clothing,1296.77,2,34.09,Standard,Credit Card,40,Female,City69,Not Returned,1709.402214
2022-03-29,Home Appliances,1843.06,2,29.37,Express,Debit Card,51,Female,City71,Not Returned,2603.506556
2023-11-01,Books,928.66,5,36.06,Express,COD,53,Female,City58,Not Returned,2968.92602
2022-04-26,Clothing,1480.43,1,48.09,Standard,Wallet,37,Female,City50,Not Returned,768.4912129999999
2024-05-28,Clothing,785.8,3,41.61,Standard,Wallet,44,Female,City8,Not Returned,1376.48586
2024-04-07,Toys,390.89,5,35.0,Standard,Debit Card,50,Female,City12,Not Returned,1270.3925
2023-03-15,Toys,879.47,5,37.37,Express,COD,60,Female,City50,Not Returned,2754.0603050000004
2024-09-26,Toys,1621.11,2,5.51,Standard,COD,49,Female,City47,Not Returned,3063.5736779999997
2023-10-08,Books,1908.23,1,12.76,Next-Day,Debit Card,55,Female,City99,Not Returned,1664.7398520000002
2022-11-21,Books,521.63,1,0.43,Next-Day,Wallet,24,Male,City34,Returned,519.386991
2025-06-11,Electronics,946.59,5,24.16,Next-Day,Debit Card,25,Male,City23,Not Returned,3589.46928
2024-06-01,Clothing,408.32,4,5.7,Standard,COD,53,Male,City95,Not Returned,1540.18304
2024-08-16,Electronics,881.4,4,44.79,Next-Day,Credit Card,27,Female,City35,Not Returned,1946.48376
2023-12-30,Clothing,1505.07,1,21.28,Express,COD,37,Male,City100,Not Returned,1184.791104
2025-06-08,Clothing,1084.82,3,28.05,Express,Debit Card,36,Female,City57,Returned,2341.58397
2023-10-26,Clothing,1436.06,5,27.76,Standard,COD,43,Female,City55,Returned,5187.048719999999
2022-09-23,Books,971.69,4,34.58,Next-Day,Wallet,43,Male,City53,Returned,2542.718392
2024-07-27,Clothing,1860.21,2,40.37,Express,COD,41,Male,City93,Returned,2218.4864460000003
2023-12-06,Toys,649.03,5,10.1,Standard,Wallet,18,Female,City65,Not Returned,2917.3898499999996
2023-04-02,Electronics,301.59,5,26.38,Express,Wallet,30,Female,City7,Not Returned,1110.1527899999999
2024-03-04,Books,1501.46,3,26.67,Next-Day,COD,26,Female,City80,Returned,3303.0618540000005
2025-02-13,Toys,1886.02,4,44.99,Express,Debit Card,45,Female,City11,Returned,4149.998408
2023-05-22,Books,186.66,1,15.31,Next-Day,COD,61,Female,City71,Not Returned,158.08235399999998
2022-04-22,Electronics,357.24,4,46.37,Next-Day,Debit Card,28,Male,City84,Not Returned,766.351248
2024-07-11,Books,1957.06,5,19.57,Standard,Wallet,43,Male,City63,Returned,7870.31679
2023-09-25,Books,1116.92,3,12.09,Standard,Debit Card,64,Female,City32,Returned,2945.653116
2022-02-28,Home Appliances,1223.04,4,37.63,Express,Debit Card,33,Female,City42,Not Returned,3051.2401919999993
2024-12-02,Clothing,1715.28,2,33.93,Next-Day,Wallet,52,Male,City53,Not Returned,2266.5709920000004
2025-08-14,Home Appliances,511.17,5,31.71,Express,Wallet,34,Male,City61,Not Returned,1745.389965
2024-12-17,Electronics,1391.21,2,19.76,Next-Day,Credit Card,51,Female,City34,Returned,2232.613808
2022-01-17,Books,1554.76,1,12.25,Standard,Debit Card,64,Female,City56,Not Returned,1364.3019
2022-11-22,Clothing,160.33,5,2.14,Standard,Credit Card,30,Male,City47,Returned,784.4946900000001
2024-10-07,Electronics,1045.21,4,34.15,Next-Day,COD,44,Female,City5,Returned,2753.0831400000006
2024-07-10,Books,796.76,5,48.2,Standard,Wallet,64,Male,City68,Not Returned,2063.6084
2024-12-20,Clothing,1380.67,1,15.72,Standard,Debit Card,47,Female,City13,Not Returned,1163.628676
2023-08-01,Toys,1646.18,3,9.77,Standard,COD,61,Male,City88,Not Returned,4456.044642
2022-12-30,Toys,1394.31,2,10.97,Express,Wallet,19,Female,City27,Not Returned,2482.708386
2024-06-28,Home Appliances,881.77,2,21.05,Express,Debit Card,26,Male,City55,Returned,1392.31483
2023-12-01,Clothing,933.35,4,38.4,Express,COD,28,Male,City19,Not Returned,2299.7744000000002
2023-06-05,Electronics,1211.9,4,6.88,Standard,COD,51,Male,City28,Not Returned,4514.085120000001
2025-02-07,Books,1439.2,1,44.46,Next-Day,Credit Card,39,Male,City46,Not Returned,799.33168
2024-08-31,Electronics,215.57,5,6.69,Express,Debit Card,32,Female,City25,Returned,1005.7418349999999
2022-03-10,Clothing,392.7,1,0.32,Next-Day,Wallet,32,Male,City69,Not Returned,391.44336
2022-09-12,Toys,1484.57,5,7.56,Standard,Credit Card,24,Female,City12,Returned,6861.68254
2025-04-21,Toys,1102.17,2,29.56,Standard,Debit Card,31,Female,City60,Not Returned,1552.737096
2023-05-12,Electronics,1613.2,5,5.44,Standard,Wallet,55,Female,City5,Returned,7627.2096
2024-07-27,Home Appliances,1527.0,1,5.12,Next-Day,Credit Card,46,Female,City70,Not Returned,1448.8175999999999
2022-04-08,Books,783.84,2,19.69,Next-Day,Debit Card,43,Female,City45,Returned,1259.003808
2023-05-15,Home Appliances,804.92,2,8.61,Standard,Debit Card,22,Female,City68,Not Returned,1471.232776
2025-03-11,Clothing,963.58,3,30.5,Standard,Debit Card,33,Male,City54,Returned,2009.0643000000005
2023-04-22,Electronics,753.13,2,16.19,Standard,Credit Card,36,Female,City48,Returned,1262.3965059999998
2025-06-14,Clothing,745.33,4,12.83,Standard,Wallet,43,Male,City78,Not Returned,2598.8166440000005
2022-05-16,Clothing,404.19,3,44.99,Standard,Wallet,37,Female,City86,Returned,667.034757
2023-12-03,Clothing,1144.98,5,8.06,Express,Wallet,22,Female,City92,Not Returned,5263.473059999999
2022-05-16,Books,752.83,5,49.12,Express,Credit Card,38,Female,City65,Not Returned,1915.1995200000001
2025-03-12,Books,1018.83,1,32.37,Standard,Debit Card,56,Male,City10,Not Returned,689.0347290000001
2023-06-02,Home Appliances,858.61,4,22.17,Express,Wallet,61,Female,City29,Not Returned,2673.024652
2025-04-15,Clothing,1065.57,2,22.5,Standard,Debit Card,63,Female,City84,Returned,1651.6335
2025-08-25,Toys,1243.91,4,37.45,Express,Debit Card,37,Male,City72,Returned,3112.26282
2024-08-28,Clothing,1604.2,4,28.7,Standard,Credit Card,27,Male,City5,Returned,4575.178400000001
2022-01-15,Electronics,1974.88,2,47.83,Standard,Credit Card,36,Female,City86,Not Returned,2060.589792
2023-11-28,Electronics,1119.84,3,32.91,Standard,Wallet,40,Female,City14,Not Returned,2253.9019679999997
2025-02-08,Clothing,1735.65,4,46.6,Next-Day,Debit Card,36,Female,City67,Not Returned,3707.3484000000003
2022-01-27,Clothing,1334.25,4,42.07,Express,Credit Card,65,Female,City8,Not Returned,3091.7240999999995
2023-07-10,Clothing,791.08,3,34.64,Next-Day,Credit Card,30,Female,City67,Returned,1551.149664
2024-03-26,Toys,1730.54,1,0.38,Next-Day,Credit Card,64,Male,City24,Not Returned,1723.9639479999998
2023-08-22,Clothing,1213.39,2,5.9,Next-Day,Wallet,55,Male,City13,Not Returned,2283.59998
2022-03-23,Toys,1999.44,5,21.85,Standard,Credit Card,49,Female,City35,Not Returned,7812.8118
2022-07-17,Clothing,221.72,2,10.89,Standard,COD,31,Female,City78,Returned,395.149384
2023-11-09,Books,201.2,5,26.16,Standard,Credit Card,59,Female,City93,Not Returned,742.8303999999999
2024-12-08,Toys,252.01,1,47.8,Next-Day,Wallet,60,Male,City16,Not Returned,131.54922
2022-01-30,Clothing,122.46,2,23.65,Standard,Wallet,28,Female,City58,Not Returned,186.99642
2025-05-25,Books,1807.65,3,15.48,Next-Day,Credit Card,62,Male,City7,Not Returned,4583.47734
2024-02-06,Electronics,1404.92,2,1.21,Express,Wallet,45,Male,City39,Not Returned,2775.840936
2022-02-09,Toys,1741.77,1,42.13,Standard,Wallet,32,Female,City36,Not Returned,1007.962299
2025-07-29,Electronics,379.16,3,1.86,Next-Day,Wallet,25,Female,City5,Returned,1116.322872
2024-01-30,Books,1693.95,4,32.25,Next-Day,Wallet,55,Male,City81,Not Returned,4590.6045
2025-05-21,Clothing,416.12,2,12.2,Standard,COD,61,Female,City77,Not Returned,730.70672
2022-10-22,Clothing,1092.64,2,36.4,Express,Credit Card,36,Female,City74,Returned,1389.8380800000002
2023-09-09,Electronics,1415.82,4,8.15,Express,COD,26,Male,City53,Not Returned,5201.72268
2024-12-23,Electronics,734.2,3,20.96,Next-Day,Debit Card,46,Male,City62,Not Returned,1740.9350400000003
2025-07-24,Toys,437.48,2,17.39,Standard,Debit Card,25,Female,City20,Not Returned,722.8044560000001
2022-06-22,Clothing,481.75,1,5.64,Express,Debit Card,31,Male,City69,Not Returned,454.5793
2023-09-19,Clothing,1846.48,1,18.0,Next-Day,COD,60,Female,City72,Not Returned,1514.1136000000001
2023-03-19,Electronics,1105.43,5,35.31,Express,COD,55,Male,City36,Returned,3575.5133350000006
2024-04-29,Clothing,146.83,1,4.48,Express,COD,22,Female,City100,Not Returned,140.25201600000003
2024-09-06,Electronics,435.83,5,10.4,Express,Wallet,40,Female,City69,Not Returned,1952.5184000000002
2023-04-15,Clothing,478.08,1,35.38,Next-Day,Debit Card,19,Female,City83,Returned,308.935296
2025-06-17,Books,873.32,4,33.81,Standard,COD,26,Female,City18,Not Returned,2312.2020319999997
2023-02-01,Clothing,1280.77,4,6.17,Next-Day,Credit Card,49,Female,City97,Not Returned,4806.985964
2022-04-22,Toys,861.65,2,25.58,Standard,COD,24,Male,City62,Not Returned,1282.47986
2024-08-05,Electronics,1106.76,1,1.58,Next-Day,Debit Card,31,Female,City90,Not Returned,1089.2731919999999
2025-01-12,Clothing,390.94,4,41.78,Next-Day,COD,28,Male,City28,Returned,910.4210720000001
2024-05-06,Clothing,1006.75,2,10.8,Next-Day,Credit Card,57,Female,City85,Returned,1796.0420000000001
2024-05-08,Electronics,1005.8,4,0.19,Next-Day,Wallet,52,Male,City9,Returned,4015.55592
2022-01-14,Clothing,1513.04,4,35.84,Next-Day,Wallet,51,Female,City80,Not Returned,3883.0658559999997
2024-07-14,Clothing,1789.05,5,7.55,Standard,COD,53,Female,City86,Not Returned,8269.883625
2024-10-21,Electronics,841.68,2,38.25,Express,COD,23,Male,City85,Not Returned,1039.4747999999997
2025-01-17,Clothing,1213.73,3,0.9,Next-Day,Wallet,34,Male,City10,Not Returned,3608.41929
2025-03-30,Toys,1150.78,2,13.57,Standard,COD,27,Male,City92,Not Returned,1989.238308
2025-01-15,Clothing,1865.3,2,37.12,Standard,Debit Card,54,Female,City7,Returned,2345.80128
2022-02-07,Clothing,1307.49,2,45.26,Express,COD,46,Male,City2,Not Returned,1431.440052
2022-02-21,Toys,1882.18,3,13.2,Express,Wallet,65,Male,City62,Returned,4901.19672
2022-08-30,Electronics,1385.07,2,15.59,Next-Day,Credit Card,42,Male,City83,Not Returned,2338.275174
2022-12-05,Clothing,1115.86,2,40.2,Standard,Wallet,31,Male,City37,Not Returned,1334.56856
2023-01-09,Toys,836.11,3,1.81,Express,COD,62,Female,City68,Not Returned,2462.929227
2024-04-21,Clothing,1884.74,4,14.45,Express,Wallet,61,Male,City27,Not Returned,6449.58028
2025-02-03,Toys,534.71,5,9.23,Standard,Credit Card,35,Female,City51,Not Returned,2426.781335
2025-08-26,Toys,507.95,4,10.05,Express,Debit Card,65,Male,City46,Not Returned,1827.6040999999998
2022-04-24,Toys,827.2,5,3.04,Next-Day,COD,54,Female,City60,Returned,4010.2656
2025-06-28,Home Appliances,680.79,1,0.28,Express,Wallet,28,Male,City87,Not Returned,678.883788
2023-06-07,Clothing,1526.34,5,45.69,Standard,Debit Card,20,Male,City16,Returned,4144.77627
2025-01-25,Clothing,228.14,3,40.57,Next-Day,Credit Card,45,Female,City60,Returned,406.750806
2023-11-09,Books,1730.64,4,23.21,Next-Day,Wallet,49,Female,City47,Not Returned,5315.833824
2024-12-28,Home Appliances,154.99,4,10.26,Express,Debit Card,34,Female,City97,Not Returned,556.352104
2024-11-20,Electronics,209.8,1,34.73,Standard,Wallet,33,Female,City73,Not Returned,136.93646
2024-07-31,Electronics,837.76,1,31.18,Standard,Debit Card,62,Female,City41,Returned,576.546432
2023-04-21,Home Appliances,1761.47,3,26.46,Next-Day,Wallet,60,Male,City44,Not Returned,3886.155114
2025-04-15,Clothing,1841.67,3,33.05,Standard,Wallet,44,Male,City29,Not Returned,3698.994195
2022-03-03,Toys,366.47,2,42.94,Express,Credit Card,20,Female,City30,Not Returned,418.21556400000003
2023-01-05,Clothing,1264.96,4,5.66,Next-Day,Credit Card,51,Male,City11,Not Returned,4773.453056
2023-03-13,Clothing,1540.05,2,6.87,Next-Day,COD,44,Female,City20,Not Returned,2868.4971299999997
2023-05-30,Toys,1035.48,1,45.39,Next-Day,Debit Card,43,Male,City67,Not Returned,565.475628
2024-05-23,Electronics,1762.37,2,20.98,Express,Wallet,42,Female,City29,Returned,2785.249548
2023-03-01,Electronics,155.0,4,34.07,Standard,COD,19,Male,City50,Returned,408.766
2022-07-13,Electronics,1844.7,5,45.59,Next-Day,Credit Card,57,Female,City34,Returned,5018.506350000001
2024-04-27,Electronics,1377.49,3,14.13,Express,COD,20,Female,City20,Returned,3548.5519890000005
2024-03-13,Clothing,1399.92,2,38.79,Standard,Debit Card,43,Male,City61,Returned,1713.7820640000004
2025-04-23,Clothing,1957.68,2,10.86,Express,Debit Card,21,Male,City26,Not Returned,3490.151904
2024-05-08,Clothing,1474.18,4,18.11,Standard,Credit Card,47,Male,City24,Not Returned,4828.824008
2023-03-19,Electronics,1968.66,3,21.32,Express,Wallet,38,Female,City16,Returned,4646.825064
2023-06-17,Books,1530.49,3,43.4,Next-Day,COD,22,Male,City74,Not Returned,2598.7720200000003
2025-08-06,Electronics,1169.73,2,32.42,Standard,Wallet,56,Female,City3,Not Returned,1581.007068
2022-12-09,Electronics,1059.0,5,16.21,Next-Day,Debit Card,22,Female,City83,Not Returned,4436.6804999999995
2023-09-28,Electronics,1780.74,4,47.04,Next-Day,Debit Card,47,Female,City61,Returned,3772.3196160000007
2024-12-08,Electronics,771.4,1,16.43,Standard,COD,42,Female,City56,Returned,644.6589799999999
2025-02-27,Electronics,836.77,5,8.65,Next-Day,Debit Card,47,Male,City84,Not Returned,3821.9469750000003
2024-04-23,Clothing,959.68,5,26.19,Standard,Wallet,57,Female,City82,Returned,3541.6990399999995
2023-12-27,Electronics,846.83,4,18.86,Express,COD,26,Female,City6,Returned,2748.4714480000002
2024-12-04,Books,438.77,1,34.04,Standard,Wallet,50,Male,City31,Not Returned,289.412692
2022-03-19,Clothing,1870.75,5,43.15,Next-Day,Wallet,42,Male,City91,Not Returned,5317.606875
2024-02-22,Clothing,1007.92,5,8.14,Express,Wallet,44,Female,City94,Not Returned,4629.37656
2025-02-04,Toys,1125.36,4,12.94,Next-Day,Debit Card,44,Male,City47,Returned,3918.9536639999997
2025-06-11,Clothing,187.93,3,39.24,Standard,Credit Card,32,Female,City55,Not Returned,342.55880399999995
2024-07-17,Clothing,990.66,3,17.51,Standard,COD,50,Male,City52,Not Returned,2451.5863019999997
2025-02-09,Toys,422.15,4,41.02,Express,Credit Card,56,Female,City68,Returned,995.9362799999999
2025-02-22,Clothing,1535.5,4,31.12,Next-Day,COD,57,Male,City93,Returned,4230.6096
2022-04-01,Clothing,631.51,1,38.05,Next-Day,Credit Card,23,Female,City49,Returned,391.22044500000004
2024-06-07,Electronics,478.01,5,18.09,Express,Credit Card,27,Male,City24,Not Returned,1957.689955
2024-05-27,Electronics,1262.78,5,49.17,Next-Day,COD,48,Female,City23,Not Returned,3209.3553699999998
2022-07-30,Clothing,1990.94,1,39.05,Express,Debit Card,52,Male,City98,Not Returned,1213.47793
2024-11-30,Electronics,363.09,2,29.64,Express,COD,51,Male,City54,Not Returned,510.94024799999994
2022-09-22,Electronics,699.83,3,5.05,Express,Credit Card,39,Female,City40,Not Returned,1993.4657550000002
2024-09-11,Electronics,1990.22,5,23.98,Standard,Credit Card,61,Female,City17,Not Returned,7564.82622
2023-07-30,Clothing,596.92,5,6.95,Next-Day,Wallet,54,Male,City95,Not Returned,2777.1702999999998
2025-07-13,Clothing,1352.5,4,44.85,Next-Day,Debit Card,19,Male,City18,Returned,2983.615
2023-05-05,Home Appliances,1839.87,3,28.65,Standard,Debit Card,48,Male,City1,Not Returned,3938.241735
2025-03-06,Clothing,1865.97,2,4.26,Express,Credit Card,61,Female,City61,Returned,3572.9593560000003
2025-06-30,Electronics,1407.77,1,9.06,Next-Day,Credit Card,26,Male,City16,Not Returned,1280.226038
2023-05-11,Clothing,1802.9,3,45.68,Next-Day,Debit Card,32,Female,City90,Not Returned,2938.0058400000003
2023-12-03,Books,1404.1,3,44.23,Standard,COD,42,Female,City33,Not Returned,2349.19971
2022-06-13,Electronics,495.9,4,49.74,Standard,Debit Card,50,Female,City84,Not Returned,996.9573599999999
2025-03-09,Electronics,368.95,2,23.64,Next-Day,COD,19,Male,City86,Not Returned,563.4604400000001
2023-07-22,Clothing,1354.56,5,30.54,Express,Debit Card,36,Female,City8,Returned,4704.386879999999
2024-04-30,Electronics,1067.83,5,18.62,Next-Day,Credit Card,48,Male,City50,Not Returned,4345.00027
2025-05-28,Electronics,551.38,4,47.5,Express,Debit Card,54,Female,City35,Not Returned,1157.8980000000001
2024-09-06,Clothing,642.92,1,27.54,Express,Credit Card,36,Male,City6,Returned,465.859832
2022-07-11,Books,1377.15,1,2.18,Next-Day,Credit Card,61,Female,City85,Not Returned,1347.12813
2024-10-26,Clothing,377.25,5,10.21,Express,COD,63,Female,City66,Not Returned,1693.663875
2022-01-11,Books,1683.74,2,1.48,Express,Credit Card,24,Female,City17,Returned,3317.641296
2023-08-28,Books,305.91,4,22.39,Express,Debit Card,22,Female,City27,Not Returned,949.6670040000001
2023-11-05,Clothing,1782.22,3,5.13,Express,Credit Card,31,Male,City1,Returned,5072.376342
2022-07-03,Electronics,445.51,4,38.81,Express,Debit Card,29,Male,City81,Not Returned,1090.430276
2022-06-17,Toys,1744.9,5,41.46,Standard,Debit Card,29,Female,City74,Not Returned,5107.322299999999
2023-06-25,Home Appliances,757.78,4,14.54,Next-Day,Credit Card,29,Male,City29,Not Returned,2590.395152
2022-08-12,Clothing,1145.03,4,43.76,Standard,COD,22,Female,City16,Returned,2575.859488
2024-07-27,Clothing,1184.45,4,40.11,Standard,Wallet,51,Male,City16,Returned,2837.46842
2025-01-25,Clothing,641.99,3,35.56,Next-Day,Credit Card,51,Male,City87,Not Returned,1241.0950679999999
2023-10-19,Clothing,1530.2,5,27.04,Next-Day,Debit Card,39,Male,City16,Not Returned,5582.1696
2022-01-06,Clothing,844.64,2,34.48,Express,COD,60,Male,City53,Not Returned,1106.816256
2025-01-01,Clothing,762.69,3,0.3,Standard,Wallet,54,Male,City21,Returned,2281.20579
2024-04-19,Home Appliances,1980.46,2,14.23,Next-Day,Debit Card,30,Male,City37,Not Returned,3397.281084
2024-10-08,Clothing,1833.86,1,34.89,Express,Credit Card,47,Female,City48,Returned,1194.026246
2025-04-26,Home Appliances,1930.75,4,0.8,Standard,COD,35,Male,City34,Not Returned,7661.216
2023-11-24,Clothing,871.96,1,17.51,Next-Day,Debit Card,59,Female,City73,Not Returned,719.279804
2024-06-22,Home Appliances,468.18,1,48.1,Standard,Wallet,49,Male,City100,Not Returned,242.98541999999995
2022-05-12,Electronics,1855.59,4,23.8,Express,Credit Card,36,Female,City66,Not Returned,5655.83832
2022-09-28,Clothing,790.54,2,44.29,Standard,Wallet,22,Female,City20,Not Returned,880.8196679999999
2024-08-22,Electronics,1477.73,1,12.53,Next-Day,Wallet,46,Male,City8,Not Returned,1292.570431
2024-05-18,Electronics,897.11,1,21.86,Next-Day,Wallet,43,Male,City82,Returned,701.001754
2024-11-27,Electronics,1574.62,2,33.29,Next-Day,Wallet,23,Female,City12,Not Returned,2100.858004
2022-12-08,Electronics,442.17,1,20.75,Next-Day,Wallet,55,Female,City42,Returned,350.419725
2025-08-12,Electronics,920.29,5,22.47,Express,Debit Card,34,Male,City97,Not Returned,3567.504185
2025-07-15,Books,129.01,1,46.65,Standard,Wallet,64,Female,City66,Not Returned,68.826835
2024-11-15,Electronics,1046.86,4,16.3,Next-Day,Wallet,56,Male,City43,Not Returned,3504.8872799999995
2024-05-08,Clothing,143.81,4,38.99,Express,Credit Card,27,Female,City80,Not Returned,350.953924
2024-12-09,Clothing,1270.98,2,36.86,Next-Day,Wallet,41,Male,City99,Not Returned,1604.993544
2025-04-24,Books,1661.67,4,42.16,Express,COD,33,Female,City63,Not Returned,3844.4397120000003
2025-08-08,Clothing,1910.89,3,45.74,Express,Debit Card,31,Male,City8,Returned,3110.546742
2025-05-06,Toys,1447.7,2,27.34,Standard,Wallet,65,Male,City99,Not Returned,2103.7976400000002
2022-11-01,Home Appliances,1253.11,5,45.64,Next-Day,Wallet,43,Female,City57,Not Returned,3405.9529799999996
2024-04-17,Electronics,484.99,1,3.44,Next-Day,Debit Card,60,Male,City68,Not Returned,468.306344
2025-06-29,Books,1525.06,4,44.57,Express,COD,42,Female,City3,Not Returned,3381.3630319999997
2022-09-26,Electronics,459.25,3,1.06,Express,Debit Card,39,Male,City24,Not Returned,1363.1458499999999
2023-03-15,Electronics,247.54,2,10.89,Express,Wallet,40,Male,City12,Returned,441.16578799999996
2022-11-28,Electronics,520.75,5,38.88,Standard,COD,32,Female,City24,Returned,1591.4119999999998
2024-08-28,Books,618.76,4,16.57,Standard,Credit Card,53,Male,City88,Not Returned,2064.9258720000003
2022-03-10,Home Appliances,366.91,5,38.84,Next-Day,Wallet,20,Female,City8,Returned,1122.01078
2022-09-04,Clothing,847.42,2,16.41,Next-Day,Debit Card,61,Male,City92,Returned,1416.7167559999998
2023-04-02,Electronics,419.31,3,41.62,Next-Day,COD,50,Female,City82,Not Returned,734.3795340000001
2023-02-09,Home Appliances,1265.42,5,17.72,Next-Day,Wallet,48,Female,City63,Not Returned,5205.93788
2025-04-18,Books,101.79,2,20.35,Next-Day,Wallet,46,Male,City47,Not Returned,162.15147000000002
2022-04-04,Books,474.88,3,47.41,Express,Wallet,19,Female,City57,Not Returned,749.218176
2022-03-06,Books,195.02,4,24.66,Next-Day,Wallet,43,Female,City51,Not Returned,587.712272
2025-01-17,Clothing,946.25,5,26.33,Standard,COD,49,Female,City36,Not Returned,3485.511875
2022-10-16,Home Appliances,1915.06,2,8.46,Next-Day,Debit Card,24,Female,City47,Not Returned,3506.091848
2022-07-23,Home Appliances,1813.97,5,46.41,Standard,Credit Card,34,Male,City21,Not Returned,4860.532615000001
2024-05-13,Books,1222.67,4,45.93,Next-Day,Debit Card,38,Female,City74,Not Returned,2644.390676
2022-09-05,Clothing,694.9,5,9.02,Next-Day,COD,48,Female,City7,Returned,3161.1000999999997
2024-03-21,Toys,1647.76,1,15.7,Express,Credit Card,59,Male,City94,Not Returned,1389.06168
2023-12-31,Clothing,1040.21,2,45.35,Standard,Wallet,33,Male,City77,Returned,1136.94953
2022-01-03,Toys,1760.95,1,1.68,Express,COD,61,Female,City74,Not Returned,1731.3660399999999
2024-02-12,Clothing,915.9,4,35.49,Next-Day,Debit Card,40,Male,City37,Not Returned,2363.38836
2023-11-07,Electronics,1968.92,5,29.22,Express,Wallet,22,Female,City89,Not Returned,6968.00788
2025-06-28,Clothing,1943.14,1,4.34,Express,Debit Card,64,Female,City49,Not Returned,1858.807724
2023-01-21,Books,1578.74,5,20.47,Standard,Debit Card,64,Male,City64,Not Returned,6277.8596099999995
2023-11-25,Clothing,1504.85,4,7.44,Next-Day,Debit Card,39,Female,City36,Returned,5571.55664
2024-05-01,Books,1159.73,5,27.85,Next-Day,Credit Card,52,Male,City68,Returned,4183.725975
2025-03-25,Home Appliances,1325.92,3,26.7,Express,COD,19,Male,City23,Not Returned,2915.69808
2024-07-04,Toys,1898.87,4,17.27,Standard,Wallet,52,Male,City98,Not Returned,6283.740604
2022-02-25,Books,1257.54,5,5.82,Express,Debit Card,52,Female,City73,Not Returned,5921.755859999999
2023-07-23,Home Appliances,1141.81,1,28.02,Standard,Wallet,18,Male,City37,Not Returned,821.874838
2024-02-03,Clothing,1959.09,4,49.37,Standard,Wallet,43,Male,City21,Not Returned,3967.549068
2024-08-24,Toys,692.23,1,42.63,Next-Day,Debit Card,55,Male,City35,Not Returned,397.132351
2022-03-08,Electronics,431.65,5,8.08,Standard,Wallet,45,Male,City89,Not Returned,1983.8634
2024-01-25,Electronics,337.75,3,20.5,Express,Debit Card,48,Female,City20,Returned,805.53375
2025-05-29,Electronics,1572.05,3,11.63,Next-Day,COD,44,Female,City1,Not Returned,4167.661754999999
2023-09-11,Home Appliances,950.49,3,42.1,Standard,Debit Card,64,Male,City23,Not Returned,1651.00113
2024-07-21,Books,1570.52,5,26.65,Standard,COD,39,Male,City73,Not Returned,5759.882100000001
2024-06-29,Home Appliances,980.36,3,42.62,Express,COD,35,Female,City38,Not Returned,1687.5917040000002
2022-12-27,Clothing,182.35,5,1.63,Express,Wallet,48,Female,City64,Returned,896.888475
2024-09-09,Clothing,1374.55,2,41.1,Standard,Wallet,54,Female,City83,Not Returned,1619.2198999999998
2024-10-15,Books,1656.37,2,19.27,Next-Day,Credit Card,36,Female,City51,Not Returned,2674.3750019999998
2024-11-02,Toys,683.8,4,49.87,Next-Day,Wallet,44,Male,City93,Not Returned,1371.15576
2023-09-02,Books,662.0,5,25.4,Next-Day,Credit Card,24,Male,City4,Not Returned,2469.2599999999998
2023-03-03,Clothing,1718.14,4,37.93,Express,Credit Card,56,Female,City6,Not Returned,4265.797992000001
2024-11-09,Clothing,712.26,2,22.16,Express,Credit Card,55,Female,City99,Not Returned,1108.846368
2025-08-04,Electronics,115.49,4,42.69,Next-Day,Wallet,33,Male,City81,Not Returned,264.74927599999995
2023-01-15,Clothing,1978.26,3,19.5,Standard,Debit Card,26,Female,City17,Not Returned,4777.497899999999
2022-03-14,Books,103.01,4,40.27,Standard,Wallet,31,Female,City30,Not Returned,246.111492
2024-06-23,Books,392.35,5,6.0,Next-Day,Wallet,53,Female,City41,Not Returned,1844.0449999999998
2024-04-07,Clothing,374.48,1,26.84,Next-Day,Wallet,23,Male,City96,Returned,273.96956800000004
2022-11-30,Clothing,235.12,1,19.38,Express,Debit Card,62,Male,City4,Returned,189.55374400000002
2024-07-29,Clothing,1946.0,2,17.56,Next-Day,COD,51,Female,City63,Not Returned,3208.5648
2022-06-03,Electronics,1163.77,2,15.71,Next-Day,Wallet,44,Male,City92,Not Returned,1961.883466
2023-05-15,Clothing,936.84,3,35.67,Next-Day,Credit Card,60,Male,City74,Not Returned,1808.007516
2022-10-06,Clothing,1480.82,5,0.07,Next-Day,Credit Card,23,Female,City48,Returned,7398.917129999999
2024-04-27,Books,1718.08,2,41.51,Express,Credit Card,36,Male,City53,Not Returned,2009.8099839999998
2024-01-16,Electronics,111.87,2,16.25,Standard,Wallet,43,Male,City48,Returned,187.38225
2024-02-19,Electronics,1812.0,5,1.74,Standard,Debit Card,27,Female,City88,Not Returned,8902.356
2025-01-26,Toys,1505.02,4,43.28,Express,Debit Card,63,Male,City47,Not Returned,3414.5893759999994
2024-04-01,Clothing,469.18,3,48.58,Express,Credit Card,41,Female,City95,Not Returned,723.757068
2023-09-24,Toys,953.33,5,38.37,Standard,Debit Card,54,Male,City28,Not Returned,2937.6863950000006
2023-08-26,Clothing,1627.04,4,13.83,Express,Debit Card,42,Female,City6,Returned,5608.081472
2023-04-05,Books,871.46,2,44.28,Standard,Debit Card,34,Male,City48,Returned,971.1550239999999
2025-07-31,Clothing,434.29,3,46.6,Express,Credit Card,21,Male,City91,Returned,695.7325800000001
2023-06-21,Clothing,1549.12,3,17.38,Standard,Debit Card,31,Female,City53,Not Returned,3839.648832
2023-04-12,Toys,1874.35,1,27.87,Standard,COD,22,Female,City79,Not Returned,1351.9686550000001
2025-02-06,Electronics,194.28,1,18.58,Next-Day,Debit Card,45,Female,City26,Returned,158.18277600000002
2024-09-20,Clothing,216.09,2,36.96,Express,Credit Card,26,Male,City64,Returned,272.446272
2025-03-21,Electronics,121.11,4,12.37,Standard,Wallet,24,Female,City45,Not Returned,424.514772
2024-10-02,Books,1675.99,2,27.67,Next-Day,Wallet,39,Male,City12,Returned,2424.487134
2025-06-24,Clothing,1295.02,4,9.07,Next-Day,Debit Card,62,Male,City64,Not Returned,4710.246744
2024-03-01,Home Appliances,367.23,4,28.05,Next-Day,COD,32,Female,City78,Not Returned,1056.88794
2024-11-28,Clothing,260.19,1,37.18,Next-Day,Credit Card,40,Female,City17,Returned,163.451358
2023-06-19,Clothing,886.06,3,9.51,Standard,Debit Card,57,Female,City96,Not Returned,2405.3870819999997
2024-07-28,Toys,1891.66,1,12.47,Next-Day,Wallet,55,Female,City28,Not Returned,1655.769998
2024-12-24,Clothing,1800.33,3,23.15,Express,Credit Card,36,Female,City39,Not Returned,4150.660814999999
2022-05-16,Clothing,1352.26,1,48.47,Standard,Wallet,35,Male,City71,Not Returned,696.8195780000001
2024-11-11,Clothing,348.05,1,42.15,Standard,COD,34,Male,City28,Returned,201.346925
2022-05-04,Clothing,1139.59,3,9.17,Next-Day,Debit Card,43,Male,City91,Not Returned,3105.2687909999995
2022-07-08,Electronics,546.94,3,44.48,Express,COD,29,Male,City55,Not Returned,910.9832640000002
2023-01-11,Clothing,981.88,5,44.69,Standard,COD,19,Female,City59,Not Returned,2715.3891399999998
2025-06-24,Electronics,797.48,3,23.46,Standard,Credit Card,57,Male,City33,Returned,1831.173576
2022-05-16,Books,1747.78,1,6.58,Standard,COD,52,Female,City86,Not Returned,1632.776076
2025-07-02,Electronics,110.81,5,4.91,Standard,Debit Card,54,Male,City60,Not Returned,526.846145
2024-09-26,Books,1679.14,3,23.63,Express,COD,40,Female,City38,Not Returned,3847.077654
2024-07-03,Clothing,821.15,1,44.72,Standard,Wallet,23,Male,City57,Not Returned,453.9317199999999
2024-03-03,Books,815.1,2,38.21,Standard,COD,49,Female,City56,Returned,1007.3005800000001
2022-10-27,Clothing,1274.8,2,26.16,Express,Debit Card,19,Male,City86,Returned,1882.6246399999998
2024-12-17,Toys,1320.48,5,38.87,Standard,COD,50,Male,City84,Not Returned,4036.0471199999993
2025-08-05,Clothing,173.4,4,20.98,Next-Day,Wallet,32,Male,City48,Not Returned,548.08272
2023-08-15,Books,206.52,3,8.16,Next-Day,Wallet,54,Male,City77,Not Returned,569.003904
2025-07-02,Electronics,1282.68,2,1.02,Express,Credit Card,45,Female,City88,Returned,2539.1933280000003
2022-11-26,Home Appliances,638.51,3,41.46,Next-Day,COD,25,Female,City19,Not Returned,1121.351262
2022-05-02,Clothing,390.68,1,10.68,Standard,Debit Card,22,Male,City21,Not Returned,348.955376
2025-04-26,Electronics,872.59,2,47.11,Express,Credit Card,38,Male,City98,Returned,923.0257019999999
2025-02-13,Toys,1733.14,3,39.09,Standard,Credit Card,42,Male,City5,Not Returned,3166.966722
2023-01-19,Clothing,1155.04,5,39.07,Express,Credit Card,51,Male,City46,Not Returned,3518.8293599999997
2023-09-10,Books,295.68,1,1.7,Express,Debit Card,55,Female,City33,Not Returned,290.65344
2023-10-26,Clothing,1379.16,1,41.48,Standard,Credit Card,38,Male,City97,Not Returned,807.0844320000001
2022-06-17,Clothing,972.2,2,1.07,Express,COD,32,Male,City88,Not Returned,1923.59492
2023-02-25,Books,1925.71,2,10.81,Standard,Debit Card,60,Female,City73,Not Returned,3435.081498
2022-09-12,Clothing,364.34,2,16.5,Express,Debit Card,45,Female,City83,Not Returned,608.4477999999999
2023-07-18,Electronics,814.69,4,40.3,Next-Day,COD,55,Female,City54,Not Returned,1945.47972
2024-11-27,Toys,1202.06,2,6.76,Standard,Credit Card,26,Female,City55,Not Returned,2241.601488
2023-01-23,Clothing,670.45,1,37.43,Next-Day,Debit Card,36,Female,City1,Returned,419.500565
2023-05-26,Toys,1483.26,4,5.69,Standard,Debit Card,39,Female,City41,Not Returned,5595.450024000001
2025-05-28,Home Appliances,1153.25,1,6.46,Standard,Debit Card,34,Male,City15,Not Returned,1078.75005
2022-10-13,Clothing,1870.27,2,18.2,Express,Debit Card,41,Female,City33,Returned,3059.7617200000004
2024-12-20,Books,1366.55,2,6.42,Standard,Wallet,28,Male,City5,Not Returned,2557.63498
2023-02-14,Electronics,1409.64,4,39.54,Next-Day,Debit Card,34,Male,City35,Not Returned,3409.0733760000003
2024-11-07,Home Appliances,1950.78,3,33.69,Standard,Wallet,57,Female,City2,Returned,3880.686654
2023-08-17,Clothing,1453.67,3,0.11,Express,Wallet,24,Female,City20,Returned,4356.212889
2024-09-27,Books,753.41,3,24.16,Standard,Wallet,59,Female,City63,Not Returned,1714.158432
2024-04-28,Electronics,477.97,4,28.94,Next-Day,COD,24,Female,City99,Not Returned,1358.581928
2022-08-25,Toys,1520.4,4,28.48,Express,Debit Card,25,Female,City67,Not Returned,4349.5603200000005
2022-01-22,Electronics,1392.58,1,25.66,Next-Day,Credit Card,49,Female,City13,Not Returned,1035.243972
2022-05-16,Electronics,1139.97,5,15.89,Express,Wallet,51,Female,City8,Not Returned,4794.143835
2025-02-18,Home Appliances,1059.21,4,28.85,Express,Wallet,34,Female,City31,Not Returned,3014.51166
2022-05-17,Clothing,726.66,1,49.73,Standard,Debit Card,31,Male,City85,Returned,365.291982
2022-06-21,Clothing,528.88,4,41.02,Standard,Wallet,30,Female,City37,Not Returned,1247.733696
2022-07-03,Clothing,1265.47,2,36.02,Standard,Debit Card,20,Male,City77,Returned,1619.295412
2023-12-18,Books,399.8,4,20.0,Next-Day,Credit Card,65,Male,City68,Not Returned,1279.3600000000001
2022-02-22,Electronics,1431.8,5,37.17,Standard,Wallet,38,Female,City82,Not Returned,4497.999699999999
2022-11-15,Books,1259.55,3,37.08,Express,Credit Card,53,Male,City91,Not Returned,2377.5265799999997
2022-09-29,Clothing,893.72,5,23.51,Express,Credit Card,55,Female,City38,Not Returned,3418.0321400000003
2025-05-01,Toys,1583.51,3,30.5,Standard,Debit Card,42,Female,City48,Returned,3301.61835
2024-08-08,Home Appliances,1363.4,4,24.12,Express,Wallet,23,Male,City16,Not Returned,4138.191680000001
2022-06-28,Clothing,1351.13,2,9.69,Express,COD,60,Male,City93,Returned,2440.4110060000003
2022-12-11,Electronics,964.54,1,17.69,Standard,Debit Card,26,Female,City64,Returned,793.9128739999999
2025-03-17,Electronics,300.6,4,18.96,Standard,Wallet,51,Male,City2,Not Returned,974.42496
2024-12-24,Clothing,1646.58,3,44.73,Standard,Credit Card,61,Female,City18,Returned,2730.194298
2024-03-04,Clothing,901.45,3,22.16,Next-Day,COD,58,Female,City23,Not Returned,2105.06604
2024-01-11,Electronics,452.59,5,8.69,Standard,Credit Card,42,Female,City96,Not Returned,2066.299645
2025-02-12,Books,1641.33,3,37.59,Express,Debit Card,46,Male,City89,Not Returned,3073.0621589999996
2022-10-08,Clothing,444.77,1,48.74,Standard,Wallet,26,Female,City93,Not Returned,227.98910199999997
2024-02-18,Home Appliances,1775.61,2,26.23,Express,Wallet,26,Female,City8,Not Returned,2619.734994
2024-01-11,Clothing,762.47,4,28.53,Next-Day,COD,23,Male,City77,Returned,2179.749236
2024-03-05,Clothing,929.99,1,20.74,Express,Wallet,47,Female,City16,Returned,737.1100739999999
2023-06-29,Electronics,1185.6,4,22.91,Express,Wallet,27,Female,City99,Not Returned,3655.9161599999998
2025-09-01,Electronics,668.89,2,13.45,Express,Credit Card,24,Female,City26,Not Returned,1157.84859
2023-08-11,Home Appliances,587.84,4,20.48,Next-Day,Debit Card,63,Female,City82,Not Returned,1869.801472
2024-06-22,Clothing,1691.73,4,4.86,Next-Day,Debit Card,29,Male,City32,Not Returned,6438.047688000001
2024-07-21,Clothing,1887.23,4,10.07,Next-Day,Credit Card,40,Male,City39,Not Returned,6788.743756
2024-05-23,Electronics,1764.04,1,43.35,Express,Wallet,24,Male,City26,Not Returned,999.32866
2023-04-14,Clothing,183.03,5,11.66,Next-Day,COD,21,Male,City3,Returned,808.44351
2025-08-31,Clothing,958.81,1,29.48,Standard,Credit Card,53,Male,City41,Not Returned,676.152812
2022-06-09,Toys,1277.55,3,26.93,Standard,Debit Card,30,Female,City41,Not Returned,2800.517355
2024-02-08,Home Appliances,1563.88,5,34.1,Next-Day,Wallet,57,Female,City32,Returned,5152.984600000001
2023-05-05,Toys,1961.27,1,27.08,Express,Wallet,56,Female,City30,Returned,1430.1580840000001
2023-06-05,Electronics,888.67,1,7.61,Express,Debit Card,62,Male,City38,Not Returned,821.042213
2024-01-04,Home Appliances,1225.65,2,5.09,Standard,Debit Card,43,Male,City70,Not Returned,2326.52883
2025-05-08,Clothing,1547.48,2,21.88,Standard,COD,33,Female,City36,Not Returned,2417.782752
2022-07-04,Books,271.48,1,39.71,Express,COD,39,Female,City49,Not Returned,163.675292
2022-05-13,Toys,1972.96,2,11.68,Next-Day,Debit Card,23,Female,City100,Not Returned,3485.036544
2023-01-31,Toys,214.25,4,26.97,Express,Wallet,63,Male,City88,Not Returned,625.8670999999999
2024-11-10,Toys,567.98,1,15.03,Next-Day,Wallet,49,Female,City88,Not Returned,482.612606
2024-05-10,Toys,1368.54,5,11.23,Next-Day,COD,55,Female,City49,Not Returned,6074.264789999999
2024-10-12,Clothing,1842.22,1,33.67,Express,Wallet,34,Female,City59,Not Returned,1221.944526
2023-10-25,Books,137.27,4,40.36,Next-Day,Wallet,65,Male,City36,Not Returned,327.47131200000007
2024-12-25,Toys,552.8,3,47.93,Express,Wallet,62,Female,City37,Returned,863.5288799999998
2024-10-23,Electronics,1322.74,5,35.75,Next-Day,Wallet,39,Male,City42,Not Returned,4249.302250000001
2022-09-04,Electronics,961.87,4,29.1,Next-Day,Debit Card,31,Male,City50,Not Returned,2727.86332
2022-02-22,Clothing,1434.36,2,48.96,Next-Day,COD,56,Female,City87,Not Returned,1464.1946879999998
2023-01-20,Clothing,443.63,5,18.33,Standard,Debit Card,22,Female,City37,Not Returned,1811.563105
2024-09-07,Clothing,909.68,3,28.61,Express,Debit Card,40,Female,City51,Returned,1948.261656
2025-05-11,Clothing,347.9,5,15.32,Next-Day,Credit Card,32,Female,City91,Not Returned,1473.0086
2022-05-01,Electronics,1033.43,3,26.55,Express,Wallet,24,Male,City37,Not Returned,2277.163005
2022-07-31,Clothing,544.13,3,11.82,Standard,COD,28,Male,City33,Not Returned,1439.441502
2023-03-16,Clothing,1769.78,2,12.5,Express,COD,36,Female,City13,Returned,3097.115
2023-03-10,Electronics,986.94,5,15.69,Express,COD,59,Male,City84,Not Returned,4160.445570000001
2023-01-20,Books,225.77,5,1.46,Next-Day,Debit Card,54,Male,City27,Not Returned,1112.3687900000002
2024-05-23,Electronics,767.07,3,21.96,Standard,COD,65,Male,City84,Returned,1795.864284
2023-01-19,Electronics,1711.89,4,48.45,Standard,Wallet,18,Male,City13,Not Returned,3529.91718
2024-02-01,Home Appliances,195.26,3,47.63,Standard,Debit Card,35,Female,City47,Returned,306.772986
2022-05-13,Home Appliances,428.83,3,17.22,Standard,Debit Card,53,Female,City78,Not Returned,1064.956422
2024-01-16,Electronics,1970.96,1,10.53,Standard,Credit Card,61,Female,City31,Not Returned,1763.4179120000001
2022-03-01,Clothing,1551.06,4,16.93,Next-Day,Wallet,31,Female,City40,Not Returned,5153.862168
2022-06-04,Home Appliances,294.78,3,22.66,Standard,Wallet,63,Female,City71,Returned,683.9485559999999
2025-01-27,Electronics,408.17,2,41.1,Standard,Debit Card,32,Female,City45,Not Returned,480.82426
2022-06-05,Toys,252.78,4,0.28,Standard,Credit Card,46,Male,City1,Not Returned,1008.288864
2023-04-11,Electronics,542.06,4,5.23,Express,Wallet,48,Female,City42,Not Returned,2054.841048
2023-07-31,Toys,115.81,1,41.62,Express,Credit Card,29,Female,City41,Not Returned,67.60987800000001
2024-09-12,Electronics,1542.63,5,35.99,Express,Credit Card,21,Male,City88,Returned,4937.187315
2022-04-29,Electronics,812.1,5,22.75,Next-Day,Credit Card,33,Female,City35,Not Returned,3136.73625
2024-03-13,Home Appliances,492.4,5,8.29,Express,Debit Card,33,Male,City30,Not Returned,2257.9002
2024-05-10,Toys,997.86,3,31.23,Express,Credit Card,34,Male,City48,Returned,2058.684966
2023-09-03,Home Appliances,1314.74,2,17.65,Express,Credit Card,35,Male,City30,Returned,2165.37678
2023-03-31,Electronics,670.68,4,18.19,Next-Day,Debit Card,58,Male,City74,Not Returned,2194.733232
2022-01-01,Clothing,1439.29,5,49.5,Express,Debit Card,38,Female,City30,Not Returned,3634.20725
2024-08-08,Electronics,435.01,2,9.08,Express,Wallet,20,Female,City15,Not Returned,791.022184
2022-04-19,Toys,959.75,5,17.28,Standard,Credit Card,32,Female,City87,Not Returned,3969.526
2024-09-11,Electronics,1124.97,5,15.34,Next-Day,Debit Card,59,Female,City1,Not Returned,4761.99801
2022-07-27,Electronics,1408.1,4,9.03,Standard,Wallet,48,Male,City35,Not Returned,5123.794279999999
2023-11-13,Books,1447.49,3,12.61,Next-Day,Credit Card,22,Female,City38,Not Returned,3794.8845330000004
2023-02-17,Clothing,1103.38,1,19.73,Next-Day,Debit Card,62,Male,City23,Returned,885.683126
2022-08-29,Clothing,911.05,2,39.68,Standard,Credit Card,23,Male,City29,Not Returned,1099.09072
2022-09-11,Electronics,1628.38,4,3.89,Next-Day,Wallet,35,Female,City79,Returned,6260.144072
2023-06-01,Clothing,627.93,2,23.05,Standard,Debit Card,50,Female,City26,Not Returned,966.3842699999999
2022-12-08,Home Appliances,204.06,1,17.77,Standard,COD,35,Female,City75,Not Returned,167.798538
2025-07-18,Toys,733.84,5,13.81,Express,Debit Card,19,Female,City68,Returned,3162.4834800000003
2023-05-03,Electronics,629.06,4,46.93,Express,Debit Card,24,Female,City52,Returned,1335.3685679999999
2022-12-21,Electronics,845.86,4,20.84,Express,Wallet,25,Female,City6,Not Returned,2678.331104
2022-09-29,Toys,226.38,3,48.36,Next-Day,COD,25,Male,City76,Returned,350.70789599999995
2023-03-19,Clothing,1835.7,5,20.55,Standard,Debit Card,29,Female,City37,Not Returned,7292.31825
2023-05-13,Clothing,1095.56,2,8.55,Next-Day,Credit Card,37,Female,City42,Returned,2003.7792399999998
2024-03-18,Toys,1392.09,1,27.83,Standard,Credit Card,42,Male,City43,Returned,1004.671353
2022-07-24,Electronics,672.81,4,2.33,Express,COD,39,Female,City69,Not Returned,2628.534108
2022-04-03,Electronics,841.13,3,35.11,Next-Day,Credit Card,29,Male,City53,Returned,1637.427771
2024-04-05,Toys,1073.11,4,3.09,Express,Wallet,62,Female,City7,Returned,4159.803604
2024-06-26,Electronics,1905.35,2,26.08,Standard,COD,59,Female,City17,Not Returned,2816.86944
2025-05-14,Clothing,1716.77,1,24.62,Next-Day,Debit Card,52,Female,City7,Not Returned,1294.101226
2023-02-06,Home Appliances,1626.75,4,38.15,Express,Wallet,20,Female,City80,Returned,4024.5795000000003
2022-10-25,Books,1183.46,3,1.66,Express,COD,55,Male,City33,Not Returned,3491.4436920000003
2023-02-16,Clothing,1801.52,4,18.04,Next-Day,Credit Card,46,Female,City28,Not Returned,5906.103168
2024-07-02,Clothing,554.68,2,4.3,Express,Debit Card,57,Female,City6,Not Returned,1061.6575199999997
2022-07-29,Clothing,314.47,3,16.37,Next-Day,COD,65,Male,City23,Not Returned,788.9737830000001
2025-08-06,Books,1244.23,1,42.7,Next-Day,COD,62,Female,City20,Not Returned,712.9437899999999
2023-10-20,Clothing,1186.6,5,1.67,Standard,Debit Card,22,Male,City61,Not Returned,5833.9189
2023-11-12,Clothing,761.57,2,12.71,Next-Day,Wallet,19,Male,City84,Not Returned,1329.548906
2024-07-15,Clothing,295.42,4,2.48,Standard,Credit Card,25,Male,City89,Not Returned,1152.374336
2024-10-30,Books,933.77,2,39.69,Standard,Credit Card,21,Female,City21,Not Returned,1126.3133739999998
2024-08-09,Clothing,436.7,1,20.62,Express,Wallet,24,Male,City42,Not Returned,346.65245999999996
2025-04-29,Toys,1445.85,1,16.97,Express,COD,22,Female,City92,Not Returned,1200.489255
2022-01-15,Clothing,732.27,2,23.6,Next-Day,Debit Card,50,Male,City3,Not Returned,1118.90856
2024-07-27,Clothing,1840.07,5,33.41,Express,Debit Card,38,Female,City54,Returned,6126.513065000001
2024-05-23,Clothing,1195.19,3,2.31,Next-Day,Credit Card,50,Female,City98,Returned,3502.7433330000003
2023-09-22,Toys,1976.47,4,46.88,Express,Debit Card,64,Female,City87,Returned,4199.603455999999
2024-12-23,Toys,1015.65,1,20.81,Standard,COD,57,Female,City11,Not Returned,804.293235
2023-09-19,Clothing,775.83,1,42.09,Next-Day,Credit Card,38,Female,City1,Returned,449.28315299999997
2022-02-16,Clothing,1357.2,2,25.69,Express,Wallet,36,Male,City50,Not Returned,2017.07064
2024-08-06,Clothing,1974.44,4,22.66,Express,COD,21,Male,City78,Returned,6108.127584
2025-06-28,Electronics,937.76,4,9.96,Next-Day,Debit Card,62,Male,City11,Not Returned,3377.436416
2022-07-31,Clothing,898.13,5,6.28,Express,COD,20,Male,City100,Not Returned,4208.63718
2023-07-02,Clothing,596.15,5,8.33,Next-Day,Wallet,62,Female,City32,Not Returned,2732.453525
2025-05-13,Books,1433.5,3,33.85,Standard,Credit Card,53,Female,City11,Not Returned,2844.78075
2023-02-07,Clothing,773.95,2,2.61,Standard,Wallet,45,Female,City78,Not Returned,1507.49981
2025-07-03,Home Appliances,1167.04,1,15.64,Express,COD,58,Female,City91,Not Returned,984.514944
2022-03-09,Electronics,1645.01,4,8.76,Express,Debit Card,34,Male,City79,Not Returned,6003.628496
2024-07-28,Toys,1085.22,5,18.36,Standard,Credit Card,28,Male,City34,Not Returned,4429.86804
2024-01-23,Toys,355.93,5,34.87,Express,Wallet,59,Female,City26,Not Returned,1159.086045
2024-10-16,Clothing,461.68,3,22.98,Express,Debit Card,49,Female,City19,Not Returned,1066.757808
2023-05-30,Clothing,447.83,2,17.56,Next-Day,Wallet,40,Female,City61,Returned,738.382104
2024-02-08,Electronics,277.48,5,15.04,Standard,Wallet,41,Male,City37,Not Returned,1178.73504
2024-06-19,Books,1725.73,1,17.36,Express,Debit Card,35,Male,City5,Not Returned,1426.143272
2024-04-24,Electronics,1412.74,5,44.04,Next-Day,Credit Card,52,Female,City25,Returned,3952.8465199999996
2024-02-19,Books,1877.44,3,9.59,Next-Day,Credit Card,19,Female,City62,Returned,5092.180512
2024-03-06,Electronics,353.83,5,31.62,Express,Debit Card,47,Male,City18,Not Returned,1209.7447699999998
2023-02-16,Toys,905.1,2,16.95,Standard,COD,49,Male,City15,Not Returned,1503.3711
2022-08-10,Electronics,1106.44,5,22.53,Express,COD,48,Male,City17,Returned,4285.795340000001
2024-03-23,Books,1950.29,5,43.96,Standard,Credit Card,21,Female,City44,Returned,5464.71258
2023-04-01,Electronics,908.56,1,22.27,Standard,Credit Card,41,Male,City48,Not Returned,706.2236879999999
2024-11-14,Books,885.05,3,3.81,Next-Day,COD,18,Male,City49,Not Returned,2553.9887849999996
2023-08-25,Clothing,1138.04,4,40.01,Next-Day,COD,64,Male,City54,Not Returned,2730.8407840000004
2022-10-08,Books,1172.95,2,3.83,Standard,Debit Card,40,Male,City84,Not Returned,2256.0520300000003
2022-04-17,Clothing,1833.17,4,1.72,Next-Day,Wallet,50,Female,City20,Not Returned,7206.557904
2022-02-27,Clothing,1992.16,3,44.86,Standard,Debit Card,33,Male,City98,Not Returned,3295.4310720000003
2025-02-24,Books,238.49,1,40.06,Next-Day,Wallet,54,Female,City67,Not Returned,142.950906
2023-06-30,Clothing,466.22,1,2.23,Standard,COD,65,Female,City19,Returned,455.82329400000003
2025-08-17,Books,1078.99,5,32.84,Standard,Wallet,32,Male,City32,Not Returned,3623.24842
2022-04-30,Electronics,413.39,4,30.07,Standard,Debit Card,55,Female,City97,Not Returned,1156.334508
2023-02-03,Home Appliances,204.68,1,36.0,Next-Day,Debit Card,39,Male,City74,Not Returned,130.9952
2025-07-31,Electronics,979.72,5,10.22,Express,Credit Card,64,Female,City77,Not Returned,4397.9630799999995
2024-10-15,Clothing,1637.69,1,21.36,Standard,Wallet,52,Male,City21,Returned,1287.879416
2024-11-30,Clothing,1583.12,3,16.0,Express,Debit Card,65,Female,City95,Not Returned,3989.4623999999994
2023-09-27,Clothing,137.04,2,24.1,Next-Day,COD,51,Female,City3,Not Returned,208.02671999999998
2025-04-26,Home Appliances,1064.07,2,6.75,Express,COD,19,Female,City32,Not Returned,1984.49055
2023-03-14,Clothing,1836.42,3,21.4,Next-Day,Debit Card,58,Female,City63,Returned,4330.27836
2025-03-10,Books,927.57,5,43.33,Express,Debit Card,47,Male,City87,Returned,2628.269595
2022-07-09,Clothing,1766.4,3,48.0,Standard,COD,21,Female,City37,Not Returned,2755.5840000000003
2025-05-23,Toys,1683.16,4,16.22,Next-Day,COD,27,Male,City51,Returned,5640.605792
2024-05-30,Clothing,378.98,1,47.28,Express,COD,46,Male,City21,Returned,199.798256
2025-08-01,Clothing,1978.72,4,33.5,Express,Wallet,27,Male,City55,Not Returned,5263.3952
2024-06-25,Books,1353.12,1,49.16,Standard,Credit Card,40,Male,City78,Not Returned,687.9262079999999
2025-02-08,Clothing,450.84,1,45.26,Next-Day,Credit Card,18,Female,City81,Returned,246.78981599999997
2025-08-24,Home Appliances,285.74,5,33.8,Next-Day,Credit Card,48,Male,City80,Not Returned,945.7994000000001
2025-07-14,Toys,263.18,2,45.35,Express,Debit Card,32,Male,City47,Returned,287.65574
2025-03-06,Electronics,738.96,3,34.23,Next-Day,Wallet,33,Female,City7,Not Returned,1458.041976
2022-06-03,Clothing,996.88,2,39.42,Standard,Debit Card,56,Female,City39,Not Returned,1207.819808
2023-10-03,Toys,1752.67,2,21.34,Next-Day,Debit Card,55,Male,City84,Not Returned,2757.300444
2025-03-20,Clothing,440.36,1,46.94,Express,Wallet,52,Female,City93,Returned,233.655016
2024-12-08,Electronics,1735.34,5,21.85,Standard,Credit Card,64,Male,City80,Not Returned,6780.841049999999
2025-08-22,Clothing,700.56,5,28.7,Express,COD,51,Male,City8,Not Returned,2497.4964
2025-04-17,Electronics,815.16,3,7.79,Next-Day,Wallet,53,Male,City22,Not Returned,2254.977108
2024-05-16,Clothing,1013.72,4,26.44,Next-Day,Wallet,53,Female,City23,Not Returned,2982.769728
2023-05-12,Clothing,388.21,5,12.99,Standard,Credit Card,56,Female,City12,Not Returned,1688.9076049999999
2024-02-06,Home Appliances,1004.18,1,16.14,Next-Day,Credit Card,43,Female,City26,Not Returned,842.1053479999999
2024-06-28,Clothing,1761.19,5,41.46,Express,Credit Card,36,Female,City44,Not Returned,5155.00313
2025-07-18,Toys,1775.21,2,26.78,Standard,Credit Card,19,Male,City79,Not Returned,2599.617524
2025-04-27,Clothing,837.45,2,33.65,Express,Wallet,38,Male,City64,Not Returned,1111.2961500000001
2022-02-07,Toys,158.84,1,25.91,Standard,COD,60,Female,City65,Not Returned,117.684556
2023-09-07,Clothing,1480.33,5,25.04,Express,COD,42,Female,City33,Not Returned,5548.27684
2024-10-23,Clothing,643.04,5,8.49,Standard,COD,61,Female,City10,Not Returned,2942.22952
2023-06-09,Clothing,1120.11,2,38.28,Standard,COD,57,Male,City34,Not Returned,1382.6637839999999
2022-05-06,Electronics,1145.21,3,13.38,Express,COD,49,Female,City50,Not Returned,2975.942706
2024-01-16,Home Appliances,999.14,1,14.7,Standard,Credit Card,18,Female,City14,Not Returned,852.2664199999999
2024-02-24,Clothing,1281.9,2,29.43,Next-Day,COD,35,Female,City47,Not Returned,1809.27366
2022-11-03,Electronics,217.22,2,2.47,Express,Debit Card,29,Female,City30,Not Returned,423.70933199999996
2022-09-19,Toys,300.85,2,22.16,Next-Day,Wallet,20,Female,City2,Not Returned,468.36328000000003
2022-11-13,Home Appliances,719.9,1,31.06,Standard,Debit Card,35,Female,City73,Returned,496.29906
2024-03-25,Electronics,1181.57,4,49.47,Express,Credit Card,32,Female,City26,Not Returned,2388.189284
2023-11-02,Clothing,1768.51,5,38.51,Standard,Wallet,34,Male,City65,Not Returned,5437.283995
2023-11-29,Toys,1591.85,5,36.21,Standard,COD,42,Male,City92,Returned,5077.205574999999
2025-02-23,Books,510.87,4,34.69,Standard,Debit Card,40,Female,City89,Not Returned,1334.596788
2023-04-27,Electronics,645.61,5,42.28,Express,Debit Card,61,Female,City59,Not Returned,1863.23046
2024-04-18,Electronics,707.33,4,40.88,Next-Day,Wallet,52,Male,City13,Not Returned,1672.693984
2022-11-02,Books,1774.6,2,3.78,Standard,COD,55,Female,City41,Not Returned,3415.04024
2024-07-26,Electronics,1026.36,4,36.29,Standard,Wallet,35,Female,City85,Returned,2615.5758239999996
2023-06-02,Electronics,708.27,4,22.33,Next-Day,Wallet,20,Male,City57,Not Returned,2200.4532360000003
2023-06-29,Clothing,369.11,4,37.3,Express,Wallet,60,Female,City62,Returned,925.72788
2023-06-11,Home Appliances,568.58,4,44.93,Express,Wallet,32,Female,City31,Not Returned,1252.468024
2024-11-16,Home Appliances,796.96,3,13.48,Express,COD,62,Female,City23,Not Returned,2068.589376
2025-05-18,Books,297.16,3,37.89,Express,Credit Card,44,Female,City25,Not Returned,553.698228
2022-12-31,Toys,426.9,3,33.9,Express,Wallet,29,Female,City90,Returned,846.5427
2024-06-04,Books,171.43,3,48.82,Next-Day,Debit Card,46,Female,City36,Returned,263.213622
2025-04-05,Clothing,1854.66,3,21.52,Next-Day,Debit Card,22,Male,City70,Not Returned,4366.611504
2025-02-25,Clothing,1685.03,1,45.54,Standard,Debit Card,64,Female,City58,Returned,917.667338
2022-10-21,Toys,128.44,4,20.59,Next-Day,COD,46,Male,City15,Not Returned,407.976816
2024-07-23,Clothing,1213.58,3,47.98,Standard,Credit Card,39,Female,City31,Not Returned,1893.912948
2023-03-15,Toys,1612.04,3,29.53,Next-Day,Wallet,22,Female,City46,Not Returned,3408.013764
2022-10-25,Books,1504.05,4,45.84,Express,Credit Card,27,Female,City34,Returned,3258.3739199999995
2023-03-29,Electronics,456.43,5,42.18,Express,COD,36,Male,City51,Returned,1319.5391300000001
2023-06-22,Electronics,304.64,4,2.38,Express,COD,24,Male,City55,Not Returned,1189.558272
2022-04-20,Home Appliances,1060.93,3,3.45,Next-Day,Credit Card,45,Female,City42,Not Returned,3072.983745
2023-05-06,Books,1988.85,4,21.27,Next-Day,Debit Card,19,Male,City58,Not Returned,6263.286419999999
2024-01-29,Clothing,1828.58,5,22.14,Express,COD,65,Female,City9,Not Returned,7118.661939999999
2023-04-29,Electronics,199.5,4,39.39,Next-Day,COD,60,Male,City99,Not Returned,483.6678
2023-05-04,Clothing,949.47,5,35.57,Express,Credit Card,35,Female,City19,Returned,3058.7176050000003
2023-12-02,Clothing,105.12,4,22.9,Standard,COD,65,Male,City68,Returned,324.19008
2024-10-26,Toys,964.99,4,1.68,Standard,Credit Card,46,Female,City92,Returned,3795.1126719999997
2024-04-28,Home Appliances,971.91,3,19.02,Next-Day,COD,53,Male,City3,Returned,2361.1581539999997
2025-06-19,Home Appliances,507.24,1,33.17,Standard,Debit Card,32,Female,City35,Not Returned,338.988492
2024-03-05,Books,1449.87,3,37.39,Next-Day,COD,39,Female,City100,Not Returned,2723.2908209999996
2025-01-17,Books,1794.02,5,44.44,Express,COD,39,Male,City27,Not Returned,4983.787560000001
2023-02-15,Electronics,1143.79,2,1.4,Standard,COD,41,Male,City91,Returned,2255.55388
2023-04-21,Books,185.31,1,15.14,Express,Credit Card,59,Male,City19,Not Returned,157.254066
2025-03-09,Clothing,1454.4,3,4.41,Next-Day,Credit Card,30,Female,City62,Returned,4170.782880000001
2023-03-06,Toys,1337.57,2,24.93,Next-Day,Debit Card,45,Female,City88,Returned,2008.227598
2024-09-23,Home Appliances,1962.05,1,18.95,Next-Day,COD,35,Female,City22,Returned,1590.241525
2023-11-30,Home Appliances,1604.19,3,1.99,Next-Day,COD,35,Male,City85,Not Returned,4716.799857
2023-04-11,Clothing,574.12,5,8.3,Standard,Credit Card,32,Female,City40,Returned,2632.3402
2025-08-14,Electronics,1463.24,5,13.21,Standard,Credit Card,36,Male,City84,Not Returned,6349.72998
2022-02-22,Electronics,1201.57,3,40.14,Express,Debit Card,41,Female,City100,Not Returned,2157.779406
2023-10-04,Clothing,320.5,4,0.17,Standard,Wallet,32,Female,City48,Not Returned,1279.8206
2023-05-03,Toys,1759.92,1,13.55,Express,Wallet,40,Female,City69,Not Returned,1521.4508400000002
2024-03-28,Home Appliances,1164.45,3,20.81,Standard,COD,45,Male,City40,Not Returned,2766.3838650000002
2024-02-17,Toys,1201.96,5,45.06,Standard,Debit Card,20,Male,City70,Not Returned,3301.7841200000003
2023-04-05,Clothing,378.92,5,24.62,Express,Wallet,55,Female,City19,Returned,1428.14948
2025-06-16,Clothing,708.2,3,9.51,Express,Wallet,37,Female,City95,Returned,1922.5505400000004
2022-01-18,Clothing,1902.95,1,12.68,Express,Wallet,41,Female,City70,Not Returned,1661.65594
2022-03-17,Books,1114.98,2,17.97,Express,Debit Card,26,Female,City32,Not Returned,1829.236188
2025-02-16,Electronics,529.53,3,44.13,Standard,COD,34,Male,City70,Not Returned,887.5452329999999
2023-03-22,Electronics,440.82,3,29.34,Next-Day,COD,33,Female,City62,Not Returned,934.450236
2024-08-27,Home Appliances,681.08,5,6.08,Express,Credit Card,55,Male,City40,Not Returned,3198.35168
2024-12-14,Clothing,1719.59,3,15.26,Standard,Debit Card,21,Male,City12,Not Returned,4371.541698
2024-07-12,Clothing,152.87,2,20.74,Standard,Wallet,32,Female,City42,Returned,242.329524
2024-07-24,Clothing,1512.54,5,13.11,Express,Debit Card,24,Female,City95,Returned,6571.23003
2024-08-21,Home Appliances,1588.85,3,2.81,Next-Day,Credit Card,60,Male,City67,Not Returned,4632.609944999999
2025-08-13,Toys,1488.76,2,32.61,Next-Day,Debit Card,63,Female,City30,Not Returned,2006.5507279999997
2024-07-05,Books,307.33,3,25.5,Standard,Debit Card,23,Male,City94,Not Returned,686.88255
2025-09-03,Clothing,291.83,4,32.54,Next-Day,Wallet,40,Female,City67,Returned,787.4740720000001
2024-07-13,Clothing,335.94,3,45.04,Express,Wallet,60,Female,City13,Not Returned,553.897872
2024-01-08,Toys,849.88,2,25.56,Standard,Credit Card,47,Female,City91,Not Returned,1265.301344
2022-09-23,Electronics,1197.57,1,0.94,Standard,Wallet,45,Male,City62,Not Returned,1186.312842
2024-10-24,Electronics,1558.28,1,16.98,Express,COD,51,Female,City23,Not Returned,1293.684056
2025-08-30,Home Appliances,911.53,3,20.85,Next-Day,Debit Card,60,Female,City8,Not Returned,2164.4279850000003
2024-04-02,Home Appliances,1997.47,2,9.52,Next-Day,Credit Card,43,Male,City61,Not Returned,3614.621712
2022-06-18,Electronics,837.32,4,25.19,Express,Wallet,58,Female,City50,Not Returned,2505.596368
2023-01-23,Clothing,361.04,2,10.16,Standard,Wallet,49,Female,City12,Not Returned,648.716672
2025-07-06,Home Appliances,1589.24,1,10.02,Next-Day,Credit Card,45,Male,City37,Not Returned,1429.9981520000001
2022-06-09,Clothing,742.1,3,10.54,Express,COD,30,Male,City33,Returned,1991.6479800000002
2022-01-12,Electronics,1778.14,5,14.39,Standard,Credit Card,20,Female,City58,Not Returned,7611.32827
2025-03-20,Clothing,1021.32,3,12.64,Standard,Wallet,29,Male,City26,Returned,2676.675456
2023-07-27,Clothing,1823.49,4,33.83,Next-Day,COD,48,Male,City74,Not Returned,4826.413332
2022-03-28,Books,415.85,1,4.91,Standard,COD,22,Female,City54,Returned,395.431765
2022-04-07,Clothing,1935.42,5,35.24,Express,COD,37,Male,City94,Not Returned,6266.8899599999995
2024-04-06,Clothing,872.29,2,46.28,Next-Day,Credit Card,23,Female,City51,Not Returned,937.188376
2022-07-26,Electronics,527.05,1,37.57,Next-Day,Wallet,23,Male,City81,Returned,329.03731500000004
2023-01-23,Electronics,1144.9,2,28.0,Standard,Debit Card,24,Male,City88,Not Returned,1648.6560000000002
2025-07-12,Electronics,1856.83,3,27.12,Next-Day,Debit Card,33,Female,City39,Not Returned,4059.773112
2024-12-07,Toys,1075.91,2,28.44,Next-Day,COD,25,Female,City36,Not Returned,1539.8423920000002
2022-07-23,Toys,1841.6,2,6.8,Next-Day,COD,52,Female,City60,Returned,3432.7423999999996
2022-01-15,Home Appliances,234.96,2,47.06,Next-Day,Debit Card,46,Female,City3,Not Returned,248.775648
2025-05-04,Books,870.42,5,12.48,Next-Day,COD,40,Female,City78,Not Returned,3808.9579199999994
2024-01-20,Toys,639.65,4,16.43,Express,Credit Card,31,Male,City2,Not Returned,2138.2220199999997
2023-11-08,Books,351.11,2,30.24,Standard,Credit Card,57,Female,City35,Not Returned,489.868672
2022-03-30,Clothing,860.74,5,16.48,Next-Day,Debit Card,59,Female,City23,Not Returned,3594.4502399999997
2022-08-16,Clothing,356.39,4,47.62,Standard,Debit Card,49,Male,City10,Returned,746.708328
2024-04-25,Clothing,1968.73,2,1.3,Standard,COD,62,Female,City7,Not Returned,3886.27302
2024-09-18,Electronics,738.49,2,28.9,Express,Debit Card,44,Female,City17,Not Returned,1050.1327800000001
2022-12-19,Home Appliances,1944.34,1,31.56,Express,Wallet,51,Male,City85,Returned,1330.706296
2025-01-20,Clothing,989.24,4,30.79,Standard,COD,34,Female,City19,Not Returned,2738.6120159999996
2023-06-17,Home Appliances,152.87,5,42.48,Express,COD,53,Female,City76,Returned,439.65412000000003
2024-12-28,Electronics,1440.6,2,25.81,Express,Credit Card,65,Male,City98,Returned,2137.56228
2023-12-08,Books,948.42,2,5.74,Standard,Credit Card,62,Male,City90,Returned,1787.961384
2025-05-23,Clothing,1233.47,2,28.22,Next-Day,Wallet,51,Male,City25,Not Returned,1770.769532
2022-04-24,Clothing,719.73,4,48.6,Standard,Debit Card,61,Male,City83,Not Returned,1479.7648800000002
2024-04-11,Toys,1918.18,1,28.86,Next-Day,Credit Card,63,Female,City6,Not Returned,1364.5932520000001
2024-07-22,Electronics,1619.62,4,23.53,Standard,Wallet,48,Male,City6,Not Returned,4954.093655999999
2023-05-03,Electronics,1460.05,1,17.83,Next-Day,Wallet,35,Male,City37,Not Returned,1199.7230849999999
2025-06-21,Home Appliances,281.38,3,40.4,Next-Day,Debit Card,54,Female,City92,Returned,503.10744000000005
2024-07-04,Electronics,1668.98,4,11.03,Standard,Debit Card,45,Female,City66,Not Returned,5939.566024000001
2025-05-30,Electronics,152.36,5,10.34,Standard,Credit Card,22,Female,City28,Returned,683.0298800000002
2023-02-06,Clothing,645.99,3,40.25,Next-Day,Debit Card,33,Female,City41,Returned,1157.9370749999998
2023-10-11,Toys,1377.26,2,49.44,Standard,COD,46,Male,City90,Not Returned,1392.685312
2024-02-03,Home Appliances,439.4,2,20.97,Standard,Debit Card,27,Female,City7,Not Returned,694.51564
2022-02-17,Home Appliances,1951.97,3,17.79,Express,Credit Card,23,Male,City59,Returned,4814.143611
2024-10-17,Electronics,173.74,3,19.01,Standard,Wallet,25,Male,City46,Not Returned,422.136078
2024-07-18,Clothing,793.75,2,32.7,Next-Day,Credit Card,43,Female,City35,Not Returned,1068.3875
2022-07-14,Clothing,752.95,4,35.05,Express,Credit Card,36,Female,City86,Not Returned,1956.1641
2024-08-05,Clothing,1904.07,4,22.03,Express,Wallet,27,Female,City4,Not Returned,5938.413516
2023-12-14,Clothing,1070.65,4,18.0,Express,Debit Card,62,Male,City16,Not Returned,3511.7320000000004
2024-12-19,Electronics,1962.64,4,46.35,Next-Day,Debit Card,60,Male,City34,Returned,4211.82544
2025-08-05,Electronics,837.24,5,9.75,Standard,Wallet,19,Male,City15,Not Returned,3778.0454999999997
2024-01-19,Clothing,1776.23,4,21.81,Standard,Wallet,53,Male,City89,Not Returned,5555.336948
2022-06-10,Electronics,1392.99,4,46.17,Next-Day,Debit Card,20,Female,City29,Returned,2999.3860680000003
2024-04-12,Clothing,657.48,4,36.44,Express,Wallet,57,Female,City93,Not Returned,1671.5771519999998
2025-03-08,Toys,1912.18,4,15.07,Next-Day,COD,48,Male,City91,Not Returned,6496.057895999999
2025-03-20,Electronics,1810.52,4,29.31,Next-Day,COD,52,Female,City33,Not Returned,5119.426352
2022-01-27,Electronics,555.53,1,25.0,Next-Day,Wallet,27,Female,City65,Not Returned,416.6475
2025-03-23,Electronics,1005.14,2,30.86,Next-Day,Debit Card,57,Male,City69,Not Returned,1389.907592
2025-06-30,Books,790.85,5,37.73,Express,Credit Card,31,Female,City1,Not Returned,2462.311475
2023-06-24,Electronics,375.06,4,14.8,Next-Day,COD,29,Female,City16,Not Returned,1278.2044799999999
2024-02-19,Clothing,510.33,2,27.23,Express,Wallet,54,Male,City72,Not Returned,742.734282
2024-07-19,Clothing,1218.37,1,32.74,Next-Day,Wallet,57,Female,City39,Returned,819.4756619999999
2022-08-11,Electronics,1937.86,5,41.73,Next-Day,Credit Card,36,Male,City21,Not Returned,5645.95511
2024-08-15,Clothing,127.8,2,0.63,Next-Day,Wallet,59,Female,City61,Returned,253.98972
2025-01-08,Books,1137.49,4,43.76,Express,Wallet,44,Female,City94,Not Returned,2558.897504
2023-12-16,Clothing,472.99,4,0.33,Standard,Debit Card,41,Male,City40,Not Returned,1885.7165320000001
2024-01-05,Clothing,1109.74,4,47.68,Express,COD,28,Male,City88,Returned,2322.463872
2024-06-28,Books,148.42,4,7.33,Standard,Credit Card,33,Female,City41,Not Returned,550.1632559999999
2025-03-18,Toys,835.43,4,49.73,Next-Day,Wallet,41,Male,City64,Not Returned,1679.882644
2023-10-31,Books,1775.28,2,34.14,Next-Day,Credit Card,46,Female,City93,Not Returned,2338.3988160000004
2025-04-16,Books,1047.59,5,0.48,Express,Wallet,32,Female,City68,Not Returned,5212.8078399999995
2022-11-29,Toys,387.57,4,18.83,Express,Credit Card,39,Male,City24,Returned,1258.3622759999998
2024-02-04,Clothing,1112.53,5,22.87,Express,Wallet,57,Female,City23,Not Returned,4290.471944999999
2023-11-15,Electronics,650.3,2,48.9,Next-Day,Credit Card,19,Female,City84,Not Returned,664.6066
2022-08-14,Clothing,139.26,3,48.14,Next-Day,Wallet,65,Male,City18,Not Returned,216.66070799999997
2022-01-23,Electronics,1760.97,2,19.5,Express,Wallet,22,Male,City45,Not Returned,2835.1616999999997
2022-03-20,Electronics,649.77,2,8.53,Express,Debit Card,28,Female,City55,Not Returned,1188.6892380000002
2025-07-24,Toys,1896.05,5,33.25,Express,COD,31,Female,City68,Returned,6328.0668749999995
2023-02-18,Clothing,680.71,3,17.27,Standard,Debit Card,22,Male,City87,Returned,1689.4541490000001
2024-06-26,Toys,336.88,5,43.56,Standard,Debit Card,59,Female,City76,Not Returned,950.6753600000001
2022-09-21,Books,725.7,5,30.66,Next-Day,Credit Card,32,Male,City56,Not Returned,2516.0019
2024-02-10,Clothing,1391.49,3,4.57,Express,Wallet,59,Female,City89,Returned,3983.6967210000003
2023-08-21,Electronics,759.12,3,16.51,Next-Day,Credit Card,21,Female,City36,Not Returned,1901.367864
2025-08-10,Clothing,1172.38,2,38.49,Next-Day,Wallet,54,Female,City35,Not Returned,1442.261876
2022-09-05,Books,350.01,1,14.52,Express,COD,43,Female,City17,Not Returned,299.18854799999997
2023-09-18,Home Appliances,1021.11,3,10.35,Express,Credit Card,21,Female,City50,Returned,2746.275345
2025-03-11,Toys,842.15,5,9.3,Next-Day,Credit Card,56,Male,City79,Not Returned,3819.15025
2024-04-06,Clothing,1415.99,5,31.99,Standard,Credit Card,49,Female,City30,Returned,4815.073995
2023-01-30,Books,1582.63,4,34.87,Standard,COD,30,Female,City77,Returned,4123.067676000001
2024-03-27,Electronics,758.21,2,18.07,Standard,Credit Card,56,Male,City62,Not Returned,1242.402906
2025-08-22,Clothing,1989.87,3,4.4,Standard,Credit Card,27,Male,City93,Not Returned,5706.94716
2023-06-03,Toys,236.26,1,23.14,Standard,Credit Card,50,Male,City69,Not Returned,181.58943599999998
2022-05-29,Books,1584.18,3,13.9,Standard,Wallet,18,Female,City45,Returned,4091.93694
2022-04-08,Electronics,386.35,3,3.35,Standard,Credit Card,43,Female,City17,Not Returned,1120.2218250000003
2022-06-10,Clothing,1330.11,5,8.79,Express,COD,31,Female,City66,Returned,6065.966654999999
2024-08-25,Toys,1586.03,2,2.52,Express,COD,27,Female,City55,Returned,3092.124088
2022-01-26,Clothing,726.49,5,2.36,Next-Day,Debit Card,41,Male,City43,Not Returned,3546.72418
2024-07-01,Clothing,1163.92,5,36.24,Standard,Credit Card,42,Male,City57,Returned,3710.57696
2022-12-13,Electronics,1463.22,4,20.56,Standard,Wallet,48,Male,City41,Not Returned,4649.527872
2023-06-08,Clothing,618.09,3,45.92,Standard,COD,42,Male,City25,Not Returned,1002.7892159999999
2025-04-07,Clothing,1036.67,2,29.49,Standard,Credit Card,62,Female,City72,Not Returned,1461.9120340000002
2023-08-10,Toys,513.91,3,41.57,Standard,COD,26,Female,City84,Not Returned,900.832839
2023-10-26,Toys,1340.13,3,15.94,Standard,Credit Card,60,Female,City55,Returned,3379.539834
2023-12-16,Clothing,1031.92,2,39.57,Next-Day,COD,44,Female,City20,Returned,1247.1785120000002
2022-12-09,Electronics,807.41,1,49.34,Standard,Debit Card,46,Female,City40,Not Returned,409.03390599999994
2024-05-04,Toys,1449.86,5,49.03,Standard,Debit Card,20,Male,City92,Returned,3694.96821
2023-09-17,Electronics,1985.05,2,21.44,Express,Wallet,49,Female,City9,Returned,3118.91056
2022-08-10,Electronics,676.76,2,27.36,Express,COD,54,Female,City94,Not Returned,983.1969279999998
2022-02-01,Clothing,1630.05,5,42.02,Standard,Debit Card,53,Male,City66,Not Returned,4725.51495
2025-03-12,Home Appliances,411.39,3,48.86,Next-Day,Credit Card,19,Female,City83,Not Returned,631.1545380000001
2022-10-19,Books,1811.34,5,0.79,Standard,Credit Card,23,Male,City67,Not Returned,8985.152069999998
2022-04-09,Clothing,1018.58,1,48.45,Express,Wallet,63,Female,City100,Not Returned,525.07799
2025-01-21,Books,412.54,3,45.83,Standard,COD,52,Female,City66,Not Returned,670.4187540000001
2024-08-27,Books,1881.95,1,24.08,Express,COD,26,Male,City19,Not Returned,1428.77644
2023-02-12,Electronics,1113.75,1,1.54,Standard,COD,64,Male,City27,Not Returned,1096.59825
2022-12-22,Electronics,565.85,4,40.79,Next-Day,COD,20,Male,City23,Not Returned,1340.1591400000002
2024-05-26,Books,1679.56,1,5.97,Express,Wallet,59,Male,City61,Not Returned,1579.290268
2022-02-28,Toys,1247.89,2,15.23,Next-Day,COD,53,Male,City27,Returned,2115.6727060000003
2022-05-06,Clothing,1738.05,1,27.27,Standard,COD,52,Female,City98,Returned,1264.083765
2024-03-05,Toys,1726.25,3,31.02,Express,COD,37,Male,City19,Not Returned,3572.3017499999996
2024-09-07,Clothing,269.37,5,33.03,Standard,Wallet,34,Female,City97,Returned,901.9854449999999
2022-06-30,Books,704.94,1,19.06,Standard,Wallet,48,Female,City62,Returned,570.578436
2025-06-12,Books,1406.93,4,40.08,Express,Debit Card,28,Male,City54,Not Returned,3372.129824
2024-04-22,Clothing,505.79,5,17.4,Next-Day,Wallet,42,Female,City83,Not Returned,2088.9127000000003
2022-08-21,Home Appliances,797.9,2,35.78,Standard,Credit Card,34,Female,City67,Not Returned,1024.82276
2023-11-01,Electronics,1304.4,4,0.75,Standard,Credit Card,35,Male,City61,Not Returned,5178.468000000001
2022-09-24,Clothing,429.9,5,33.03,Next-Day,Credit Card,52,Female,City99,Returned,1439.5201499999998
2022-01-04,Books,1496.98,2,20.22,Express,Credit Card,37,Male,City38,Not Returned,2388.5812880000003
2023-09-22,Books,235.79,4,23.09,Express,Wallet,61,Male,City98,Not Returned,725.384356
2024-07-29,Clothing,544.94,5,9.94,Next-Day,Credit Card,41,Female,City95,Not Returned,2453.8648200000002
2023-10-11,Books,139.19,1,8.01,Next-Day,Debit Card,26,Female,City11,Not Returned,128.04088099999998
2024-05-04,Books,1810.43,3,19.75,Express,Wallet,28,Female,City31,Not Returned,4358.610225
2025-03-12,Electronics,492.69,1,42.84,Next-Day,Wallet,34,Female,City33,Not Returned,281.62160399999993
2023-04-07,Clothing,1590.39,1,33.74,Next-Day,COD,50,Male,City45,Returned,1053.792414
2025-08-08,Clothing,917.67,1,12.13,Express,Debit Card,57,Male,City21,Not Returned,806.356629
2024-09-16,Home Appliances,1954.96,5,46.33,Next-Day,Wallet,51,Female,City98,Returned,5246.135159999999
2023-05-07,Electronics,1954.27,1,14.86,Next-Day,Wallet,29,Male,City31,Not Returned,1663.8654780000002
2025-08-24,Electronics,282.13,5,23.01,Express,Debit Card,35,Male,City35,Returned,1086.0594350000001
2023-02-15,Clothing,152.97,4,25.76,Standard,COD,27,Male,City50,Not Returned,454.259712
2025-08-18,Electronics,475.88,5,27.24,Next-Day,Debit Card,50,Female,City74,Not Returned,1731.2514400000002
2025-04-05,Books,808.69,1,35.57,Express,Debit Card,31,Female,City89,Returned,521.0389670000001
2024-07-19,Clothing,278.56,5,38.49,Standard,COD,21,Female,City58,Returned,856.71128
2022-10-31,Electronics,1284.08,4,1.79,Next-Day,Wallet,21,Male,City66,Not Returned,5044.3798719999995
2023-03-02,Clothing,1405.17,4,43.17,Next-Day,Debit Card,35,Female,City99,Returned,3194.232444
2024-11-22,Clothing,230.57,5,27.89,Next-Day,COD,21,Female,City52,Not Returned,831.320135
2023-11-03,Books,390.27,5,6.62,Next-Day,Wallet,29,Female,City84,Not Returned,1822.1706299999998
2023-03-29,Books,491.25,4,11.9,Standard,Debit Card,27,Female,City3,Returned,1731.165
2022-07-04,Books,607.23,2,10.59,Standard,Credit Card,55,Male,City79,Not Returned,1085.848686
2022-02-15,Clothing,1727.87,3,20.83,Next-Day,Credit Card,42,Female,City69,Not Returned,4103.864037
2025-07-05,Electronics,1392.57,2,15.81,Standard,COD,29,Male,City14,Returned,2344.809366
2023-01-03,Clothing,1003.43,3,45.72,Express,Credit Card,63,Female,City61,Not Returned,1633.9854119999998
2025-04-02,Toys,1839.06,4,10.37,Next-Day,Credit Card,39,Female,City1,Returned,6593.397911999999
2023-11-04,Clothing,1266.68,2,49.67,Next-Day,COD,64,Male,City38,Returned,1275.040088
2023-08-01,Electronics,1296.78,3,20.02,Standard,Wallet,41,Female,City94,Not Returned,3111.4939320000003
2023-05-09,Home Appliances,405.29,4,46.99,Next-Day,Wallet,59,Male,City36,Not Returned,859.376916
2023-09-23,Toys,104.13,2,33.57,Standard,Credit Card,32,Male,City42,Returned,138.347118
2023-02-26,Electronics,871.78,1,14.65,Express,COD,18,Male,City30,Not Returned,744.06423
2023-02-14,Books,1328.13,3,33.46,Next-Day,COD,23,Female,City8,Not Returned,2651.213106
2022-05-12,Toys,1370.59,4,7.2,Next-Day,Wallet,58,Female,City61,Not Returned,5087.630079999999
2024-12-16,Clothing,1914.85,5,20.0,Standard,Debit Card,42,Female,City48,Returned,7659.400000000001
2024-08-10,Electronics,1415.27,4,49.78,Standard,Credit Card,24,Male,City58,Not Returned,2842.9943759999996
2023-06-27,Clothing,1255.64,1,48.54,Express,Credit Card,47,Male,City34,Not Returned,646.152344
2023-01-19,Clothing,1239.67,5,12.22,Standard,Debit Card,22,Male,City81,Not Returned,5440.9116300000005
2025-05-26,Electronics,910.99,2,25.04,Express,Wallet,35,Male,City9,Not Returned,1365.756208
2022-11-26,Toys,579.18,2,48.34,Next-Day,COD,54,Female,City58,Not Returned,598.4087759999999
2023-03-30,Electronics,468.09,3,12.53,Standard,COD,27,Male,City51,Not Returned,1228.314969
2025-03-18,Books,460.43,1,30.33,Standard,Debit Card,64,Female,City24,Not Returned,320.7815810000001
2023-08-20,Electronics,712.91,2,35.52,Next-Day,Wallet,42,Female,City44,Returned,919.368736
2022-07-01,Toys,502.09,1,8.9,Standard,Debit Card,39,Female,City23,Not Returned,457.40399
2023-10-21,Books,766.85,2,42.23,Standard,COD,36,Male,City99,Returned,886.0184900000002
2022-01-25,Electronics,1789.96,4,31.85,Next-Day,Wallet,28,Male,City73,Not Returned,4879.43096
2023-07-30,Books,981.95,4,14.72,Standard,Credit Card,50,Male,City74,Returned,3349.62784
2024-07-22,Clothing,1059.71,2,6.65,Next-Day,Debit Card,36,Female,City45,Returned,1978.47857
2022-09-17,Clothing,190.63,2,32.06,Standard,Debit Card,37,Female,City37,Returned,259.028044
2022-06-18,Clothing,698.83,4,22.74,Next-Day,COD,43,Female,City82,Returned,2159.664232
2025-07-13,Clothing,351.11,1,5.06,Standard,Credit Card,37,Male,City68,Returned,333.343834
2024-04-13,Clothing,1693.01,5,6.13,Standard,Wallet,52,Male,City55,Returned,7946.142434999999
2023-08-04,Electronics,1731.2,4,20.2,Express,COD,44,Male,City21,Not Returned,5525.990400000001
2024-07-28,Clothing,1383.7,5,23.61,Standard,COD,21,Male,City29,Not Returned,5285.04215
2022-02-03,Electronics,858.96,4,2.62,Standard,Credit Card,39,Male,City81,Not Returned,3345.820992
2023-11-08,Books,1361.55,2,46.4,Express,COD,48,Male,City64,Not Returned,1459.5816
2025-06-09,Clothing,563.46,1,13.09,Express,COD,40,Male,City99,Returned,489.70308600000004
2022-01-02,Books,1285.97,4,42.58,Standard,Wallet,35,Male,City81,Not Returned,2953.6158960000002
2025-07-08,Clothing,1899.46,3,36.4,Next-Day,COD,58,Female,City48,Not Returned,3624.16968
2024-04-08,Books,694.07,1,6.65,Next-Day,COD,53,Male,City56,Not Returned,647.914345
2022-05-12,Clothing,1491.76,2,35.66,Express,Debit Card,23,Male,City96,Not Returned,1919.5967679999999
2023-05-21,Clothing,698.94,2,3.52,Express,Debit Card,25,Male,City14,Not Returned,1348.674624
2023-02-27,Toys,1205.29,3,3.49,Standard,Debit Card,62,Male,City8,Not Returned,3489.676137
2025-07-13,Books,552.35,3,32.73,Next-Day,Debit Card,29,Female,City33,Returned,1114.6975350000002
2024-05-15,Clothing,1628.52,2,3.91,Express,Credit Card,21,Female,City85,Not Returned,3129.689736
2022-07-20,Electronics,261.42,2,3.1,Express,COD,39,Male,City81,Not Returned,506.63196
2025-06-08,Clothing,416.01,5,49.2,Express,Credit Card,35,Female,City16,Not Returned,1056.6654
2024-04-12,Toys,241.97,2,1.32,Next-Day,Debit Card,48,Female,City43,Not Returned,477.551992
2022-11-09,Toys,1450.58,1,44.59,Express,Debit Card,38,Male,City40,Not Returned,803.766378
2023-08-15,Clothing,1871.07,1,9.37,Express,Debit Card,28,Male,City68,Not Returned,1695.7507409999998
2025-06-05,Clothing,675.8,5,23.77,Standard,Debit Card,29,Female,City84,Returned,2575.8116999999997
2022-08-08,Electronics,991.44,2,22.57,Express,Debit Card,36,Male,City41,Returned,1535.343984
2025-08-19,Clothing,483.23,3,10.2,Express,Debit Card,26,Female,City68,Not Returned,1301.8216200000002
2022-02-03,Toys,426.22,4,15.22,Standard,Debit Card,37,Male,City35,Not Returned,1445.3972640000002
2022-12-06,Clothing,1834.84,2,23.5,Standard,Wallet,20,Male,City47,Not Returned,2807.3052
2024-05-25,Books,771.18,1,19.81,Express,Wallet,55,Female,City71,Not Returned,618.409242
2024-05-16,Clothing,467.69,5,40.25,Standard,Credit Card,32,Male,City25,Returned,1397.2238749999997
2025-02-12,Books,346.22,3,42.44,Next-Day,Wallet,23,Male,City47,Not Returned,597.852696
2022-02-17,Books,347.03,2,20.74,Express,Debit Card,44,Female,City9,Not Returned,550.111956
2025-08-21,Electronics,1741.61,2,2.99,Standard,Debit Card,43,Male,City90,Returned,3379.0717219999997
2022-08-12,Electronics,412.61,2,35.25,Standard,Debit Card,40,Female,City94,Not Returned,534.3299499999999
2022-08-15,Toys,579.08,4,12.11,Express,COD,63,Female,City63,Returned,2035.8136480000003
2023-07-30,Clothing,1157.61,1,45.78,Standard,COD,49,Female,City62,Not Returned,627.6561419999999
2025-04-23,Books,293.9,5,44.44,Standard,COD,32,Female,City14,Returned,816.4542000000001
2024-08-12,Toys,1083.87,5,29.01,Express,COD,65,Female,City65,Not Returned,3847.1965649999993
2024-02-29,Clothing,1491.73,4,13.62,Express,COD,49,Male,City70,Returned,5154.225496
2025-05-06,Home Appliances,1404.28,2,31.22,Next-Day,Wallet,18,Male,City28,Not Returned,1931.7275679999998
2022-01-22,Clothing,839.46,4,26.56,Express,Debit Card,33,Female,City10,Not Returned,2465.997696
2025-01-19,Clothing,1036.65,5,12.22,Express,Credit Card,43,Female,City94,Returned,4549.85685
2023-05-17,Toys,1992.73,5,10.24,Next-Day,COD,56,Female,City82,Not Returned,8943.372239999999
2024-12-05,Clothing,217.91,5,41.23,Standard,COD,51,Male,City90,Not Returned,640.3285350000001
2023-12-07,Electronics,1659.53,1,14.52,Standard,Credit Card,64,Male,City98,Not Returned,1418.566244
2025-02-13,Toys,675.93,3,49.15,Standard,COD,34,Male,City57,Returned,1031.1312149999999
2024-11-29,Books,1857.73,1,31.36,Standard,COD,60,Female,City19,Not Returned,1275.145872
2025-01-28,Books,984.01,3,20.54,Next-Day,Credit Card,44,Female,City24,Not Returned,2345.6830379999997
2023-09-18,Toys,1691.05,4,15.2,Standard,COD,30,Female,City86,Not Returned,5736.0416
2022-04-21,Clothing,183.17,3,38.76,Next-Day,Debit Card,28,Female,City86,Not Returned,336.519924
2025-08-28,Toys,1844.61,5,34.13,Next-Day,Debit Card,20,Female,City38,Not Returned,6075.223034999999
2024-01-08,Electronics,698.71,3,8.33,Standard,Debit Card,45,Male,City73,Not Returned,1921.522371
2022-09-27,Home Appliances,782.94,1,26.72,Standard,Credit Card,60,Female,City20,Returned,573.738432
2022-09-01,Clothing,379.93,4,20.4,Next-Day,Debit Card,56,Female,City38,Returned,1209.69712
2023-07-09,Electronics,416.05,4,35.01,Standard,COD,31,Female,City6,Not Returned,1081.56358
2022-07-03,Toys,556.35,1,2.69,Express,COD,47,Female,City3,Not Returned,541.384185
2023-01-31,Clothing,1608.41,5,48.49,Next-Day,COD,39,Male,City60,Not Returned,4142.459955
2023-12-02,Home Appliances,853.18,3,35.91,Next-Day,Wallet,22,Male,City59,Returned,1640.409186
2022-06-30,Electronics,1522.66,1,20.68,Express,Wallet,37,Female,City86,Not Returned,1207.773912
2025-04-11,Electronics,1755.4,4,5.41,Next-Day,Wallet,55,Female,City47,Not Returned,6641.7314400000005
2024-07-15,Clothing,1161.69,3,25.59,Standard,Credit Card,19,Female,City41,Not Returned,2593.2405870000002
2022-11-15,Electronics,828.26,1,8.55,Standard,COD,63,Male,City2,Not Returned,757.44377
2024-07-21,Electronics,812.86,4,49.67,Next-Day,COD,26,Male,City95,Returned,1636.449752
2022-07-13,Electronics,1033.55,3,16.94,Standard,COD,26,Female,City41,Not Returned,2575.3998899999997
2024-02-26,Electronics,1027.37,2,34.42,Express,Credit Card,21,Female,City26,Returned,1347.4984919999997
2025-08-06,Home Appliances,1813.16,1,41.34,Express,COD,56,Female,City34,Returned,1063.599656
2022-01-11,Clothing,1240.26,1,0.63,Express,COD,51,Female,City42,Not Returned,1232.4463620000001
2022-10-24,Toys,245.66,5,18.67,Standard,Debit Card,38,Male,City53,Not Returned,998.97639
2024-12-24,Clothing,1658.52,3,17.82,Express,COD,19,Male,City82,Not Returned,4088.9152079999994
2023-12-02,Toys,1159.28,2,20.31,Standard,Credit Card,22,Female,City69,Not Returned,1847.660464
2022-04-13,Books,655.15,5,28.41,Next-Day,Debit Card,54,Male,City1,Not Returned,2345.109425
2022-08-28,Electronics,354.28,1,39.88,Standard,Credit Card,56,Female,City31,Not Returned,212.99313599999996
2025-03-27,Clothing,1751.45,2,49.84,Express,Credit Card,44,Female,City22,Not Returned,1757.0546400000003
2023-10-28,Electronics,1725.04,4,29.14,Standard,COD,54,Male,City36,Returned,4889.453376
2024-08-18,Books,373.6,1,41.0,Express,Wallet,48,Male,City13,Not Returned,220.42400000000004
2024-02-01,Books,1816.03,2,19.78,Next-Day,Credit Card,33,Female,City68,Not Returned,2913.638532
2022-09-09,Electronics,1230.02,1,34.64,Next-Day,Credit Card,39,Female,City31,Returned,803.941072
2023-03-31,Electronics,1122.77,2,11.2,Standard,Debit Card,21,Male,City38,Not Returned,1994.03952
2023-07-08,Books,848.74,3,29.06,Express,Credit Card,44,Male,City53,Returned,1806.2884680000002
2022-07-25,Electronics,480.08,1,19.28,Standard,Wallet,58,Male,City58,Not Returned,387.520576
2023-12-07,Books,850.75,4,47.49,Express,Credit Card,22,Male,City37,Not Returned,1786.9152999999997
2024-03-10,Books,1426.36,2,15.91,Standard,Credit Card,19,Female,City86,Returned,2398.8522479999997
2024-07-14,Clothing,327.46,1,47.17,Standard,Wallet,32,Male,City88,Returned,172.997118
2025-07-21,Clothing,1764.31,2,43.64,Express,Debit Card,18,Female,City57,Not Returned,1988.730232
2022-01-13,Toys,653.42,1,7.58,Standard,Credit Card,45,Male,City99,Not Returned,603.890764
2024-06-15,Electronics,1650.58,3,2.25,Standard,Credit Card,42,Female,City5,Not Returned,4840.32585
2025-06-13,Home Appliances,172.86,5,1.48,Standard,Wallet,65,Male,City46,Returned,851.50836
2024-03-14,Toys,1931.99,2,40.32,Next-Day,Debit Card,29,Male,City5,Not Returned,2306.023264
2024-02-08,Books,758.2,2,21.01,Next-Day,Debit Card,46,Female,City60,Returned,1197.80436
2024-08-21,Clothing,1537.61,3,41.62,Express,Wallet,42,Female,City89,Returned,2692.9701540000005
2022-11-17,Books,1759.03,1,17.31,Next-Day,Debit Card,31,Male,City29,Not Returned,1454.5419069999998
2022-12-22,Toys,892.34,2,39.13,Standard,Credit Card,57,Male,City34,Not Returned,1086.334716
2024-03-05,Clothing,1335.93,1,25.8,Standard,Credit Card,56,Male,City3,Returned,991.2600600000001
2025-03-03,Electronics,947.78,4,20.19,Standard,COD,42,Female,City67,Not Returned,3025.692872
2022-02-13,Clothing,779.22,2,42.71,Standard,Credit Card,40,Male,City36,Not Returned,892.830276
2023-05-02,Clothing,1350.26,1,33.29,Express,COD,28,Male,City32,Returned,900.758446
2022-04-04,Books,267.4,1,9.47,Express,Credit Card,24,Male,City71,Not Returned,242.07721999999998
2025-04-11,Electronics,463.89,4,5.87,Express,Debit Card,39,Male,City65,Not Returned,1746.638628
2025-03-07,Books,1929.97,5,27.92,Express,Credit Card,55,Female,City1,Not Returned,6955.61188
2025-04-05,Home Appliances,812.08,3,34.57,Express,Wallet,53,Female,City97,Not Returned,1594.0318320000001
2022-10-06,Clothing,1477.09,3,33.69,Next-Day,Wallet,41,Male,City99,Not Returned,2938.375137
2024-05-21,Electronics,1531.63,5,44.26,Standard,Credit Card,19,Male,City70,Not Returned,4268.6528100000005
2022-03-17,Clothing,160.42,3,44.18,Standard,Wallet,37,Female,City86,Not Returned,268.639332
2023-01-26,Electronics,806.8,5,31.7,Next-Day,Credit Card,58,Male,City35,Not Returned,2755.222
2023-03-16,Clothing,1965.09,4,12.16,Express,COD,58,Female,City58,Returned,6904.540223999999
2024-07-03,Clothing,960.65,1,28.46,Standard,COD,45,Male,City84,Not Returned,687.24901
2025-04-19,Toys,111.57,1,6.87,Standard,Debit Card,46,Male,City19,Returned,103.905141
2022-11-21,Clothing,1337.78,4,19.7,Standard,Debit Card,37,Male,City73,Not Returned,4296.9493600000005
2022-08-29,Clothing,552.83,1,23.39,Express,COD,19,Female,City91,Not Returned,423.52306300000004
2025-08-23,Books,371.35,3,9.75,Express,Credit Card,20,Male,City47,Not Returned,1005.4301250000001
2022-06-09,Toys,1937.95,1,21.35,Express,Wallet,50,Male,City98,Not Returned,1524.197675
2024-07-19,Clothing,1583.63,2,0.46,Express,Credit Card,55,Female,City27,Not Returned,3152.690604
2023-03-24,Electronics,1172.24,4,21.94,Standard,Credit Card,46,Male,City85,Not Returned,3660.202176
2024-07-02,Toys,1105.06,5,1.27,Next-Day,Debit Card,46,Male,City8,Not Returned,5455.128689999999
2023-10-27,Home Appliances,1476.7,5,10.86,Next-Day,Credit Card,63,Male,City42,Not Returned,6581.6519
2024-03-24,Electronics,523.36,5,0.01,Next-Day,Wallet,36,Male,City89,Not Returned,2616.53832
2024-01-28,Electronics,520.24,3,45.31,Express,Debit Card,18,Female,City22,Not Returned,853.5577679999999
2024-02-16,Electronics,1620.8,2,22.99,Next-Day,Credit Card,50,Female,City12,Not Returned,2496.35616
2024-01-04,Clothing,825.49,1,12.37,Standard,Debit Card,59,Female,City95,Not Returned,723.376887
2023-04-18,Home Appliances,1436.54,5,7.63,Next-Day,Wallet,29,Female,City49,Returned,6634.659989999999
2024-12-27,Clothing,930.97,5,46.32,Standard,COD,24,Male,City9,Returned,2498.72348
2022-12-12,Clothing,412.06,2,22.36,Standard,COD,18,Male,City68,Returned,639.846768
2024-03-25,Electronics,695.06,1,49.82,Next-Day,COD,45,Male,City9,Returned,348.781108
2022-03-07,Clothing,1683.87,3,48.51,Express,Credit Card,64,Female,City36,Not Returned,2601.073989
2022-05-28,Electronics,736.01,4,7.13,Next-Day,COD,39,Male,City39,Not Returned,2734.129948
2022-11-17,Toys,1798.42,1,41.05,Express,Debit Card,31,Female,City93,Not Returned,1060.16859
2023-12-15,Electronics,964.43,5,32.98,Express,Wallet,43,Male,City23,Not Returned,3231.80493
2025-04-13,Clothing,1749.64,5,42.15,Express,Debit Card,55,Female,City100,Returned,5060.8337
2023-04-30,Books,1027.43,5,34.0,Next-Day,Debit Card,42,Male,City59,Not Returned,3390.519
2024-03-28,Books,784.57,4,6.98,Standard,Credit Card,64,Male,City29,Returned,2919.2280560000004
2024-08-19,Electronics,159.93,2,8.41,Standard,Wallet,30,Female,City23,Not Returned,292.959774
2023-06-19,Clothing,1888.02,2,24.24,Next-Day,Debit Card,31,Female,City52,Not Returned,2860.7279040000003
2025-03-26,Clothing,1575.63,1,43.3,Standard,Credit Card,18,Male,City97,Not Returned,893.38221
2025-08-12,Electronics,1741.35,3,42.13,Next-Day,Credit Card,41,Male,City63,Returned,3023.1577349999993
2025-05-07,Toys,830.85,2,46.15,Next-Day,Debit Card,35,Male,City40,Not Returned,894.8254499999999
2025-07-12,Clothing,1281.11,5,48.75,Next-Day,Debit Card,63,Female,City84,Not Returned,3282.844374999999
2023-05-25,Toys,1394.64,5,12.13,Next-Day,Debit Card,36,Male,City82,Not Returned,6127.350840000001
2023-08-05,Books,1280.01,4,45.01,Next-Day,COD,19,Female,City84,Not Returned,2815.5099960000002
2022-07-07,Electronics,109.71,2,30.56,Standard,Credit Card,35,Female,City21,Returned,152.365248
2024-07-23,Electronics,597.3,4,9.11,Standard,Credit Card,54,Male,City96,Not Returned,2171.5438799999997
2022-08-04,Clothing,579.68,2,27.8,Standard,Debit Card,21,Male,City94,Returned,837.0579199999999
2024-07-18,Clothing,1118.26,2,23.37,Standard,Credit Card,60,Male,City9,Not Returned,1713.845276
2023-12-28,Electronics,435.11,5,25.65,Standard,Debit Card,61,Female,City29,Not Returned,1617.5214250000001
2024-08-16,Clothing,1644.82,1,26.66,Next-Day,Debit Card,20,Female,City1,Not Returned,1206.310988
2025-09-02,Clothing,280.31,1,1.47,Standard,Credit Card,58,Female,City14,Not Returned,276.189443
2024-07-05,Books,1095.57,4,19.11,Next-Day,Credit Card,57,Female,City60,Returned,3544.8262919999997
2022-10-18,Clothing,1020.88,4,2.2,Next-Day,Debit Card,24,Female,City92,Not Returned,3993.6825599999997
2025-05-12,Toys,689.34,5,25.18,Express,Wallet,60,Male,City25,Not Returned,2578.82094
2024-01-24,Electronics,539.95,3,43.63,Next-Day,COD,56,Male,City81,Not Returned,913.109445
2024-01-09,Books,1491.8,2,36.86,Standard,COD,20,Female,City65,Not Returned,1883.84504
2025-07-19,Electronics,791.22,5,40.23,Standard,Debit Card,55,Male,City75,Not Returned,2364.5609700000005
2023-03-18,Electronics,1690.3,1,26.29,Next-Day,COD,44,Female,City42,Not Returned,1245.9201300000002
2022-05-13,Home Appliances,1525.2,4,30.03,Standard,Wallet,23,Female,City35,Not Returned,4268.72976
2025-06-15,Clothing,1398.69,2,38.23,Standard,Debit Card,42,Female,City77,Not Returned,1727.941626
2022-04-22,Electronics,364.92,5,3.71,Standard,COD,44,Male,City93,Returned,1756.9073400000002
2024-03-25,Clothing,185.39,3,13.02,Express,Wallet,61,Male,City20,Not Returned,483.756666
2023-04-11,Electronics,605.34,5,17.43,Express,COD,26,Male,City11,Returned,2499.1461900000004
2025-01-17,Clothing,1264.77,2,36.32,Standard,Wallet,56,Female,City12,Returned,1610.811072
2022-12-29,Toys,1355.17,2,1.1,Next-Day,Wallet,51,Female,City57,Not Returned,2680.52626
2022-11-04,Books,395.16,4,20.46,Next-Day,Credit Card,26,Male,City73,Not Returned,1257.241056
2023-03-02,Toys,1426.87,2,4.57,Express,Credit Card,18,Male,City21,Returned,2723.324082
2024-12-03,Electronics,719.67,2,13.13,Express,Debit Card,23,Female,City47,Not Returned,1250.354658
2023-10-07,Clothing,889.15,4,34.52,Express,COD,41,Male,City64,Not Returned,2328.86168
2025-07-11,Clothing,109.5,3,32.75,Next-Day,Debit Card,56,Male,City69,Not Returned,220.91625
2022-02-06,Clothing,740.33,2,20.44,Express,COD,59,Male,City11,Not Returned,1178.0130960000001
2023-10-31,Electronics,191.18,3,3.91,Standard,Debit Card,63,Male,City46,Not Returned,551.1145859999999
2023-05-20,Books,474.21,5,34.17,Next-Day,Wallet,61,Female,City26,Returned,1560.8622149999999
2024-01-24,Home Appliances,1040.98,3,0.92,Next-Day,Credit Card,55,Female,City48,Not Returned,3094.208952
2023-06-06,Toys,1250.4,5,20.28,Express,Wallet,49,Female,City64,Not Returned,4984.0944
2022-08-04,Electronics,1736.38,1,37.15,Standard,Credit Card,18,Female,City28,Returned,1091.3148300000003
2024-01-24,Toys,1096.71,3,20.47,Standard,Wallet,27,Female,City95,Not Returned,2616.640389
2023-12-07,Clothing,1131.61,4,30.56,Next-Day,COD,58,Female,City49,Returned,3143.159936
2023-11-09,Toys,643.4,3,20.72,Express,Debit Card,52,Female,City45,Not Returned,1530.2625599999997
2025-03-29,Books,1967.48,5,2.78,Express,Debit Card,54,Female,City21,Not Returned,9563.920279999998
2024-03-08,Toys,1687.01,1,42.12,Next-Day,COD,29,Female,City39,Returned,976.441388
2025-03-21,Home Appliances,739.52,3,45.61,Next-Day,Credit Card,40,Male,City21,Returned,1206.674784
2025-05-25,Clothing,1499.29,4,14.78,Express,Wallet,46,Male,City60,Returned,5110.779752
2022-09-30,Clothing,1912.51,1,13.75,Next-Day,Credit Card,58,Female,City78,Not Returned,1649.5398750000002
2025-04-19,Clothing,613.57,2,48.7,Express,Credit Card,50,Male,City31,Not Returned,629.5228199999999
2022-01-19,Home Appliances,1572.91,2,6.74,Standard,Wallet,21,Female,City62,Not Returned,2933.791732
2023-05-04,Clothing,708.33,2,9.18,Standard,Wallet,33,Female,City94,Not Returned,1286.6106120000002
2022-12-10,Clothing,218.52,5,49.95,Express,Credit Card,41,Male,City40,Not Returned,546.8463
2022-10-20,Home Appliances,1123.93,3,35.25,Express,Credit Card,49,Male,City43,Returned,2183.2340249999997
2025-01-15,Home Appliances,893.09,4,27.85,Express,Debit Card,32,Female,City59,Not Returned,2577.4577400000003
2024-07-24,Electronics,1788.03,5,12.44,Standard,Wallet,19,Male,City70,Not Returned,7827.99534
2024-02-29,Clothing,808.74,3,14.71,Next-Day,COD,52,Female,City37,Not Returned,2069.323038
2024-02-04,Clothing,1053.9,5,7.88,Next-Day,COD,18,Female,City5,Returned,4854.2634
2022-08-17,Electronics,1023.21,5,47.23,Next-Day,Debit Card,57,Female,City57,Returned,2699.7395850000003
2022-10-10,Home Appliances,1882.97,5,8.47,Next-Day,COD,64,Male,City81,Returned,8617.412205
2024-01-24,Home Appliances,879.57,5,39.23,Next-Day,Credit Card,35,Female,City14,Not Returned,2672.5734450000004
2024-08-28,Toys,514.52,1,48.12,Express,Debit Card,30,Female,City27,Not Returned,266.932976
2022-05-30,Books,611.84,2,11.64,Standard,Wallet,25,Female,City95,Not Returned,1081.243648
2023-11-26,Electronics,516.96,4,6.55,Standard,Wallet,61,Male,City66,Not Returned,1932.39648
2023-05-20,Books,1583.03,2,37.78,Standard,Credit Card,45,Male,City57,Not Returned,1969.9225319999998
2023-08-30,Electronics,257.63,2,35.13,Next-Day,Wallet,23,Female,City16,Not Returned,334.249162
2022-10-19,Books,1666.9,2,26.85,Express,Wallet,40,Male,City69,Not Returned,2438.6747000000005
2023-08-09,Clothing,698.24,2,19.8,Express,Debit Card,56,Male,City59,Not Returned,1119.9769600000002
2025-02-02,Home Appliances,1792.52,5,5.63,Standard,Debit Card,62,Male,City48,Not Returned,8458.00562
2022-05-31,Electronics,1848.35,2,33.5,Express,Credit Card,46,Female,City23,Returned,2458.3055
2023-10-02,Electronics,1909.72,3,39.41,Express,Debit Card,34,Female,City82,Returned,3471.2980440000006
2023-08-01,Clothing,1281.14,2,4.23,Standard,COD,42,Female,City96,Not Returned,2453.8955560000004
2023-09-08,Clothing,842.33,3,47.88,Standard,COD,40,Male,City96,Not Returned,1317.0671880000002
2022-03-20,Electronics,1013.19,3,7.8,Express,Credit Card,34,Female,City57,Not Returned,2802.48354
2023-10-19,Electronics,1536.81,1,48.52,Next-Day,Wallet,34,Female,City99,Not Returned,791.1497879999998
2025-07-12,Electronics,1765.02,4,35.51,Express,COD,36,Female,City1,Returned,4553.045592
2022-07-14,Electronics,615.13,5,46.7,Standard,Credit Card,31,Male,City79,Not Returned,1639.3214499999997
2025-03-31,Clothing,625.12,2,5.63,Next-Day,Wallet,42,Female,City48,Not Returned,1179.851488
2022-11-20,Clothing,1060.46,5,7.66,Express,Credit Card,53,Female,City95,Not Returned,4896.14382
2022-08-19,Clothing,1128.66,4,23.78,Standard,Credit Card,51,Male,City100,Not Returned,3441.0586080000003
2022-02-25,Toys,490.78,1,26.04,Express,COD,50,Female,City47,Not Returned,362.980888
2022-08-24,Books,420.03,3,39.78,Standard,Wallet,40,Male,City17,Not Returned,758.8261980000001
2025-04-28,Electronics,1751.59,4,8.96,Express,COD,58,Female,City88,Returned,6378.590144
2022-08-23,Electronics,470.78,2,24.3,Next-Day,Debit Card,26,Female,City34,Not Returned,712.7609199999999
2022-11-10,Books,1131.53,1,2.47,Standard,Credit Card,27,Male,City16,Not Returned,1103.581209
2025-05-05,Electronics,1374.85,3,17.25,Standard,COD,26,Female,City13,Not Returned,3413.0651249999996
2025-06-11,Electronics,146.89,4,32.19,Standard,COD,32,Male,City53,Not Returned,398.42443599999996
2024-11-09,Clothing,198.77,2,47.08,Express,Credit Card,58,Male,City36,Returned,210.37816800000002
2023-10-26,Toys,1007.99,4,9.77,Express,COD,56,Male,City32,Returned,3638.037508
2024-09-18,Clothing,1800.92,4,43.0,Express,Credit Card,45,Male,City21,Returned,4106.097600000001
2022-01-22,Home Appliances,1803.93,4,41.02,Next-Day,Wallet,27,Female,City89,Not Returned,4255.831656
2024-11-21,Clothing,360.94,2,20.41,Next-Day,Debit Card,18,Female,City75,Not Returned,574.544292
2022-12-24,Clothing,1964.03,2,11.52,Express,Debit Card,48,Female,City87,Not Returned,3475.547488
2025-09-03,Electronics,1614.59,2,13.01,Next-Day,COD,22,Female,City57,Not Returned,2809.063682
2023-03-05,Toys,1609.18,2,15.31,Standard,Debit Card,23,Female,City73,Not Returned,2725.629084
2024-12-22,Electronics,1343.59,2,0.43,Standard,Wallet,57,Male,City73,Not Returned,2675.625126
2023-09-09,Toys,629.48,3,2.35,Next-Day,Debit Card,35,Male,City42,Not Returned,1844.06166
2024-07-10,Toys,510.41,5,40.98,Express,COD,53,Male,City100,Not Returned,1506.2199100000003
2024-06-07,Toys,1735.5,5,18.41,Standard,COD,33,Male,City55,Returned,7079.97225
2024-05-21,Electronics,1787.15,3,20.28,Next-Day,Wallet,64,Female,City82,Not Returned,4274.147940000001
2024-12-23,Electronics,934.12,5,43.5,Standard,Credit Card,45,Male,City72,Not Returned,2638.889
2022-03-01,Clothing,1272.11,5,5.39,Standard,Wallet,38,Female,City73,Not Returned,6017.716355
2022-06-19,Clothing,1223.35,2,44.05,Standard,COD,61,Female,City84,Not Returned,1368.92865
2023-08-24,Clothing,330.54,1,39.15,Next-Day,Debit Card,54,Male,City58,Returned,201.13359000000003
2022-01-21,Electronics,1471.36,5,7.62,Next-Day,Credit Card,42,Male,City71,Not Returned,6796.211839999999
2022-11-06,Clothing,390.78,3,4.03,Express,COD,42,Male,City92,Not Returned,1125.0946979999999
2023-08-11,Clothing,1223.7,5,47.3,Next-Day,Debit Card,47,Female,City22,Returned,3224.4495
2023-05-05,Toys,1724.03,4,35.49,Standard,Wallet,21,Male,City40,Not Returned,4448.687012
2025-06-18,Electronics,705.81,1,18.86,Standard,Debit Card,44,Male,City68,Not Returned,572.6942339999999
2023-11-19,Clothing,1573.3,3,29.18,Express,Debit Card,49,Female,City86,Returned,3342.6331799999994
2023-05-26,Clothing,592.98,5,12.84,Next-Day,Credit Card,65,Female,City60,Not Returned,2584.2068400000003
2024-06-09,Toys,1525.48,2,30.66,Standard,COD,37,Female,City13,Not Returned,2115.535664
2023-05-03,Clothing,1065.28,3,7.98,Next-Day,COD,44,Female,City30,Not Returned,2940.811968
2022-12-01,Toys,283.53,4,32.42,Express,Debit Card,49,Female,City76,Returned,766.4382959999999
2024-08-19,Electronics,1152.05,2,46.68,Express,COD,23,Male,City35,Not Returned,1228.54612
2022-07-25,Electronics,1251.56,2,17.27,Standard,COD,41,Female,City63,Not Returned,2070.831176
2022-08-28,Electronics,1121.03,1,15.42,Standard,Credit Card,65,Female,City12,Not Returned,948.1671739999999
2023-02-02,Toys,770.87,3,37.31,Standard,Debit Card,54,Female,City95,Not Returned,1449.7752090000001
2025-02-17,Electronics,1173.27,4,47.04,Next-Day,Credit Card,38,Male,City61,Not Returned,2485.4551680000004
2025-06-14,Clothing,1124.25,2,5.67,Next-Day,Credit Card,62,Male,City63,Not Returned,2121.01005
2022-01-08,Home Appliances,790.36,1,29.52,Next-Day,COD,49,Male,City9,Not Returned,557.0457279999999
2024-09-13,Clothing,1713.2,3,7.74,Standard,Credit Card,38,Female,City31,Not Returned,4741.79496
2025-01-05,Clothing,418.12,4,49.39,Standard,Debit Card,59,Female,City84,Not Returned,846.442128
2025-03-23,Electronics,287.48,2,29.16,Standard,COD,43,Female,City84,Not Returned,407.30166399999996
2022-10-05,Toys,1376.46,4,46.28,Standard,Credit Card,55,Female,City31,Not Returned,2957.7372480000004
2023-01-19,Clothing,1241.34,1,1.45,Express,Debit Card,39,Female,City13,Returned,1223.34057
2025-06-08,Clothing,1717.07,5,29.79,Next-Day,COD,65,Male,City9,Not Returned,6027.774235
2024-06-08,Electronics,920.99,5,45.21,Express,COD,19,Female,City65,Not Returned,2523.052105
2023-03-14,Clothing,1927.93,5,6.29,Next-Day,Debit Card,35,Female,City13,Returned,9033.316015
2025-08-05,Electronics,1936.82,3,24.31,Next-Day,COD,24,Female,City93,Not Returned,4397.937174
2025-01-09,Electronics,1046.51,2,12.85,Standard,Debit Card,55,Male,City6,Not Returned,1824.06693
2022-06-14,Clothing,1047.67,4,13.94,Express,Debit Card,38,Female,City17,Not Returned,3606.499208
2024-02-24,Electronics,199.95,4,1.73,Standard,Wallet,38,Male,City78,Not Returned,785.9634599999999
2024-01-11,Electronics,214.77,3,35.29,Standard,Wallet,37,Male,City63,Returned,416.93300100000005
2022-04-15,Electronics,397.28,3,44.61,Express,Debit Card,41,Female,City65,Not Returned,660.160176
2022-03-09,Clothing,1174.51,3,49.08,Next-Day,Wallet,36,Female,City24,Not Returned,1794.1814760000002
2024-01-28,Clothing,396.08,1,20.26,Next-Day,Wallet,59,Female,City47,Returned,315.834192
2024-01-03,Electronics,1505.9,5,46.79,Next-Day,Wallet,62,Female,City29,Returned,4006.44695
2023-11-15,Clothing,1306.36,1,32.74,Standard,Wallet,23,Female,City100,Not Returned,878.6577359999999
2025-02-05,Books,1304.14,2,47.43,Next-Day,Wallet,54,Male,City77,Not Returned,1371.1727960000003
2024-11-21,Electronics,526.93,1,45.39,Next-Day,Wallet,26,Male,City51,Not Returned,287.75647299999997
2022-11-08,Clothing,1452.03,4,34.98,Next-Day,Credit Card,57,Female,City77,Returned,3776.4396240000005
2025-08-31,Home Appliances,913.74,5,21.15,Standard,Debit Card,40,Male,City34,Not Returned,3602.41995
2022-10-19,Electronics,1941.45,3,9.86,Standard,Wallet,39,Male,City42,Returned,5250.06909
2024-04-07,Toys,1256.58,2,20.08,Standard,Credit Card,30,Male,City17,Not Returned,2008.517472
2025-04-04,Clothing,444.41,4,37.96,Standard,Debit Card,45,Male,City45,Not Returned,1102.847856
2025-02-21,Toys,1252.87,5,49.58,Next-Day,COD,36,Male,City51,Not Returned,3158.4852699999997
2025-01-15,Home Appliances,1671.39,4,21.14,Next-Day,Wallet,53,Female,City96,Not Returned,5272.232616
2022-01-24,Toys,1289.14,3,9.17,Next-Day,Credit Card,49,Male,City87,Not Returned,3512.777586
2025-08-29,Toys,1140.84,1,21.25,Next-Day,Credit Card,57,Female,City32,Not Returned,898.4114999999999
2022-02-01,Books,1386.57,2,36.46,Standard,COD,39,Male,City67,Returned,1762.0531559999997
2024-06-17,Books,440.89,4,40.94,Next-Day,Credit Card,58,Male,City50,Not Returned,1041.558536
2023-01-14,Electronics,102.89,5,47.02,Express,Wallet,21,Male,City98,Not Returned,272.55561000000006
2022-04-13,Electronics,1680.59,5,10.45,Next-Day,Debit Card,60,Female,City15,Not Returned,7524.841724999998
2024-12-18,Home Appliances,1906.07,3,0.11,Next-Day,COD,57,Female,City72,Not Returned,5711.9199690000005
2023-04-07,Clothing,475.78,2,7.53,Standard,COD,51,Male,City64,Not Returned,879.907532
2024-11-30,Books,602.64,2,25.16,Express,COD,34,Male,City24,Not Returned,902.0315519999999
2024-10-22,Electronics,536.94,5,25.37,Next-Day,Debit Card,39,Male,City20,Not Returned,2003.5916100000002
2024-06-09,Clothing,497.07,5,35.75,Next-Day,Wallet,52,Female,City45,Returned,1596.837375
2022-07-30,Clothing,1869.24,4,45.79,Express,Credit Card,31,Female,City66,Not Returned,4053.260016
2022-12-12,Electronics,729.21,4,10.73,Express,Debit Card,35,Female,City42,Returned,2603.863068
2023-04-10,Electronics,984.95,3,47.26,Standard,Credit Card,19,Male,City50,Not Returned,1558.3878900000004
2022-07-18,Clothing,1670.63,4,23.43,Express,Wallet,65,Male,City85,Not Returned,5116.805564
2022-11-15,Clothing,941.94,4,44.21,Express,Wallet,34,Male,City81,Not Returned,2102.0333040000005
2022-12-16,Books,1662.13,5,0.16,Express,Wallet,59,Female,City8,Not Returned,8297.35296
2025-06-02,Toys,533.75,4,21.4,Standard,Wallet,25,Male,City66,Not Returned,1678.1100000000001
2022-04-22,Clothing,1911.16,2,6.09,Next-Day,Credit Card,59,Male,City86,Not Returned,3589.5407120000004
2022-09-07,Books,326.63,3,39.67,Express,Wallet,61,Female,City21,Not Returned,591.1676369999999
2024-09-11,Home Appliances,994.14,5,23.26,Express,Debit Card,39,Male,City88,Returned,3814.51518
2024-09-28,Books,1351.53,2,26.94,Express,Wallet,64,Male,City39,Not Returned,1974.8556359999998
2022-07-17,Electronics,1816.02,2,25.84,Express,COD,49,Female,City82,Not Returned,2693.520864
2023-12-01,Books,1716.76,4,11.9,Express,COD,59,Female,City85,Not Returned,6049.86224
2024-01-29,Electronics,529.84,1,42.61,Next-Day,Debit Card,47,Male,City60,Not Returned,304.07517600000006
2024-01-11,Electronics,785.18,4,10.05,Standard,Wallet,34,Male,City82,Not Returned,2825.0776399999995
2024-06-21,Clothing,125.76,1,26.12,Next-Day,Credit Card,46,Male,City4,Not Returned,92.911488
2022-09-25,Toys,686.94,2,24.3,Standard,Debit Card,19,Female,City65,Not Returned,1040.02716
2023-05-28,Electronics,1484.14,1,47.57,Next-Day,Credit Card,45,Female,City93,Returned,778.1346020000001
2023-10-08,Electronics,440.83,2,7.82,Next-Day,Debit Card,62,Male,City93,Not Returned,812.7141879999999
2023-06-28,Electronics,1135.53,1,16.49,Standard,Wallet,52,Female,City72,Not Returned,948.2811029999999
2022-07-17,Books,1675.61,4,14.43,Express,Wallet,60,Female,City69,Returned,5735.277908
2023-09-06,Toys,1517.03,4,31.81,Express,COD,28,Male,City29,Returned,4137.851028
2024-06-23,Clothing,1945.33,2,6.27,Next-Day,Debit Card,22,Male,City33,Not Returned,3646.7156179999997
2024-12-07,Clothing,1338.12,2,40.85,Next-Day,Credit Card,24,Male,City60,Returned,1582.9959599999997
2022-10-12,Clothing,1685.25,4,16.34,Standard,COD,25,Female,City74,Not Returned,5639.5206
2023-02-04,Electronics,1797.05,2,46.82,Express,Debit Card,51,Female,City35,Not Returned,1911.34238
2025-08-08,Electronics,384.58,2,33.23,Express,Wallet,47,Female,City13,Not Returned,513.568132
2022-10-05,Toys,1520.19,1,15.79,Next-Day,Wallet,20,Female,City83,Not Returned,1280.1519990000002
2025-08-19,Electronics,1375.64,1,9.36,Standard,COD,23,Male,City30,Not Returned,1246.880096
2023-08-10,Home Appliances,1375.34,3,41.86,Standard,Credit Card,51,Female,City28,Returned,2398.868028
2024-06-06,Electronics,732.14,2,27.11,Express,COD,55,Male,City86,Not Returned,1067.313692
2022-07-02,Home Appliances,1316.45,3,19.89,Express,Wallet,39,Male,City39,Returned,3163.8242850000006
2025-05-25,Electronics,266.8,1,1.85,Standard,Wallet,64,Male,City79,Not Returned,261.86420000000004
2023-03-04,Electronics,617.64,2,31.62,Next-Day,Credit Card,54,Female,City55,Not Returned,844.6844639999999
2022-05-14,Electronics,864.59,5,35.94,Express,Debit Card,55,Female,City23,Not Returned,2769.28177
2023-01-21,Clothing,1492.29,1,2.8,Express,Wallet,48,Female,City88,Not Returned,1450.50588
2024-04-29,Books,1490.2,4,15.06,Next-Day,Wallet,34,Female,City14,Not Returned,5063.10352
2022-07-01,Electronics,1456.8,1,19.82,Standard,Wallet,36,Male,City90,Returned,1168.06224
2022-10-18,Electronics,1698.18,5,44.86,Next-Day,COD,29,Male,City71,Not Returned,4681.882259999999
2022-06-26,Toys,622.47,3,14.85,Standard,COD,48,Male,City19,Returned,1590.099615
2024-07-27,Clothing,735.92,2,30.92,Next-Day,Wallet,22,Male,City3,Not Returned,1016.7470719999999
2025-06-25,Clothing,751.19,2,42.31,Express,Debit Card,35,Male,City9,Not Returned,866.723022
2022-10-11,Home Appliances,1981.09,1,8.92,Standard,Credit Card,34,Female,City34,Not Returned,1804.376772
2022-03-29,Electronics,175.92,4,24.95,Standard,COD,34,Male,City36,Not Returned,528.1118399999999
2023-12-29,Books,1731.79,1,30.77,Next-Day,Wallet,22,Female,City64,Not Returned,1198.918217
2025-02-24,Electronics,1535.22,3,22.3,Standard,Debit Card,33,Male,City80,Not Returned,3578.59782
2022-04-18,Home Appliances,702.08,4,29.46,Standard,COD,62,Male,City49,Not Returned,1980.9889280000002
2023-05-10,Toys,1287.33,1,0.76,Standard,Credit Card,24,Female,City15,Not Returned,1277.5462919999998
2024-10-18,Electronics,1161.55,3,44.06,Express,Wallet,22,Male,City34,Returned,1949.3132099999993
2023-10-08,Clothing,759.28,5,27.33,Standard,Debit Card,44,Female,City69,Not Returned,2758.84388
2023-08-01,Toys,700.14,4,6.44,Express,COD,19,Male,City60,Returned,2620.203936
2025-04-13,Books,508.0,1,35.34,Express,Debit Card,21,Female,City32,Returned,328.47279999999995
2022-09-08,Clothing,865.37,4,27.85,Next-Day,Debit Card,65,Male,City71,Not Returned,2497.45782
2024-04-27,Books,1908.54,1,32.88,Standard,Debit Card,63,Male,City30,Not Returned,1281.012048
2022-05-09,Books,712.85,4,29.5,Next-Day,Credit Card,21,Female,City77,Not Returned,2010.2370000000003
2024-03-24,Toys,1492.89,2,3.38,Standard,Wallet,37,Female,City98,Not Returned,2884.860636
2024-12-24,Electronics,1899.97,2,20.3,Express,Debit Card,37,Male,City91,Not Returned,3028.5521799999997
2022-12-13,Books,174.93,2,14.4,Next-Day,Credit Card,59,Male,City81,Not Returned,299.48016
2023-01-12,Home Appliances,1364.96,3,7.8,Standard,Debit Card,39,Female,City37,Not Returned,3775.4793600000003
2024-09-24,Clothing,1721.81,4,19.35,Express,Wallet,27,Male,City10,Not Returned,5554.55906
2023-09-25,Books,687.37,3,24.18,Standard,Wallet,29,Female,City7,Not Returned,1563.491802
2023-12-23,Electronics,659.18,5,20.1,Next-Day,Credit Card,33,Female,City79,Not Returned,2633.4240999999993
2024-04-10,Home Appliances,1731.34,3,20.91,Standard,Wallet,29,Female,City54,Returned,4107.950417999999
2023-04-21,Electronics,967.96,2,40.05,Express,COD,36,Female,City67,Not Returned,1160.5840400000002
2022-11-23,Toys,852.53,4,49.1,Standard,Debit Card,49,Male,City17,Not Returned,1735.75108
2024-01-10,Clothing,614.82,4,15.5,Express,Wallet,28,Male,City1,Not Returned,2078.0916
2022-11-17,Clothing,102.89,4,45.76,Express,COD,52,Female,City44,Not Returned,223.230144
2025-07-19,Clothing,343.28,5,40.48,Standard,COD,41,Male,City30,Returned,1021.6012799999999
2025-06-29,Clothing,1438.05,3,44.43,Standard,COD,26,Male,City100,Not Returned,2397.373155
2025-04-15,Clothing,1700.42,2,4.03,Next-Day,Debit Card,29,Male,City42,Returned,3263.786148
2024-12-28,Toys,410.24,2,26.22,Next-Day,Debit Card,40,Female,City48,Returned,605.350144
2025-01-16,Home Appliances,338.3,3,27.85,Standard,COD,46,Female,City100,Returned,732.2503500000001
2024-07-17,Electronics,424.86,3,11.09,Standard,Wallet,38,Male,City17,Not Returned,1133.2290779999998
2024-06-14,Clothing,1978.15,4,28.52,Next-Day,Wallet,27,Male,City15,Not Returned,5655.92648
2025-04-10,Toys,1767.64,3,47.68,Express,COD,62,Female,City16,Returned,2774.487744
2023-06-24,Toys,627.1,5,36.71,Next-Day,Credit Card,43,Male,City68,Not Returned,1984.45795
2023-09-13,Toys,1478.37,4,28.56,Express,Credit Card,48,Female,City49,Not Returned,4224.590112
2022-12-13,Electronics,580.36,3,35.81,Express,Credit Card,61,Male,City52,Not Returned,1117.5992519999998
2024-08-19,Clothing,1045.04,5,39.98,Next-Day,Credit Card,59,Female,City96,Not Returned,3136.1650400000003
2023-02-05,Clothing,1699.82,1,38.06,Express,Credit Card,23,Male,City31,Not Returned,1052.8685079999998
2022-12-27,Toys,335.83,4,26.98,Express,Credit Card,54,Female,City69,Not Returned,980.892264
2023-05-24,Electronics,250.24,2,49.77,Next-Day,Wallet,42,Female,City62,Not Returned,251.39110399999998
2022-06-07,Electronics,1024.72,1,12.32,Express,COD,42,Female,City30,Not Returned,898.474496
2024-03-17,Books,851.03,4,23.42,Standard,Wallet,62,Female,City66,Returned,2606.875096
2022-10-22,Home Appliances,1397.71,4,39.68,Express,Credit Card,29,Female,City54,Returned,3372.394688
2024-11-28,Clothing,771.89,1,19.77,Standard,Debit Card,33,Female,City70,Not Returned,619.287347
2024-06-20,Electronics,895.4,4,9.41,Next-Day,Wallet,44,Female,City34,Not Returned,3244.57144
2022-04-24,Clothing,891.54,2,40.03,Express,Credit Card,58,Male,City39,Not Returned,1069.313076
2024-04-02,Clothing,1767.39,4,22.76,Express,COD,60,Male,City17,Not Returned,5460.528144
2025-01-25,Home Appliances,1861.67,1,48.01,Express,Wallet,34,Female,City45,Returned,967.882233
2025-08-01,Toys,1544.87,1,20.72,Express,Debit Card,48,Female,City4,Not Returned,1224.7729359999998
2025-04-02,Toys,1840.11,2,22.75,Next-Day,Wallet,23,Female,City16,Returned,2842.9699499999997
2023-05-06,Electronics,1038.6,2,27.41,Next-Day,Debit Card,46,Male,City88,Returned,1507.8394799999999
2023-07-27,Electronics,736.19,3,38.2,Next-Day,COD,64,Male,City52,Not Returned,1364.89626
2025-06-25,Electronics,820.86,5,23.1,Next-Day,Credit Card,30,Female,City74,Not Returned,3156.2067
2022-07-29,Clothing,1717.58,1,8.8,Express,COD,57,Male,City39,Not Returned,1566.43296
2025-03-15,Clothing,1363.89,1,12.59,Standard,Debit Card,64,Female,City92,Not Returned,1192.176249
2022-10-23,Electronics,1472.7,2,9.61,Next-Day,Credit Card,46,Female,City82,Not Returned,2662.34706
2024-12-27,Electronics,538.34,2,15.21,Standard,Credit Card,55,Female,City65,Returned,912.916972
2025-02-13,Books,330.61,2,0.42,Next-Day,COD,36,Female,City62,Not Returned,658.4428760000001
2025-03-30,Clothing,569.0,1,35.07,Standard,Wallet,44,Female,City49,Not Returned,369.4517
2024-02-24,Electronics,707.09,5,41.21,Next-Day,COD,28,Male,City71,Not Returned,2078.491055
2023-01-31,Clothing,1490.78,4,13.9,Next-Day,Wallet,47,Female,City73,Returned,5134.24632
2023-10-24,Toys,1514.45,1,35.11,Next-Day,Credit Card,21,Female,City53,Returned,982.7266050000001
2024-01-28,Electronics,880.06,4,3.24,Express,Wallet,40,Female,City41,Not Returned,3406.1842239999996
2024-02-04,Electronics,1475.8,3,46.77,Standard,COD,27,Male,City10,Not Returned,2356.70502
2023-10-06,Clothing,1047.1,2,22.67,Standard,Wallet,51,Male,City72,Returned,1619.4448599999998
2022-01-30,Electronics,1919.21,1,44.6,Express,Wallet,27,Male,City3,Returned,1063.24234
2022-01-30,Books,436.57,1,17.13,Standard,Debit Card,54,Female,City28,Not Returned,361.785559
2025-01-06,Books,170.0,5,47.79,Next-Day,Credit Card,49,Male,City74,Not Returned,443.785
2022-12-14,Clothing,1473.44,5,4.54,Express,Wallet,37,Male,City10,Not Returned,7032.729120000001
2022-09-08,Electronics,562.85,2,6.78,Express,Debit Card,32,Female,City39,Not Returned,1049.3775400000002
2022-08-17,Clothing,1918.81,4,43.22,Express,Wallet,45,Male,City14,Returned,4358.001272
2024-06-10,Toys,1957.24,5,11.41,Standard,Debit Card,24,Female,City14,Not Returned,8669.59458
2024-04-02,Home Appliances,529.61,3,25.11,Express,Wallet,42,Female,City75,Returned,1189.874787
2022-11-10,Clothing,662.57,1,25.22,Express,Credit Card,42,Male,City96,Not Returned,495.4698460000001
2023-05-31,Books,799.46,4,24.24,Next-Day,Credit Card,63,Male,City70,Returned,2422.6835840000003
2024-03-16,Home Appliances,1292.97,5,3.06,Next-Day,Wallet,62,Female,City14,Not Returned,6267.02559
2023-09-13,Electronics,536.8,5,6.3,Next-Day,Credit Card,36,Male,City72,Not Returned,2514.9080000000004
2024-09-19,Toys,1329.21,2,40.71,Next-Day,COD,33,Male,City23,Not Returned,1576.177218
2022-08-29,Clothing,1905.36,5,0.11,Next-Day,COD,39,Male,City48,Not Returned,9516.32052
2023-07-15,Clothing,1114.91,5,3.97,Standard,COD,18,Male,City48,Not Returned,5353.240365000001
2023-06-02,Home Appliances,1420.24,1,15.29,Express,Wallet,65,Male,City74,Not Returned,1203.085304
2024-08-29,Clothing,1528.1,1,17.3,Express,Credit Card,22,Female,City16,Not Returned,1263.7386999999999
2024-11-13,Clothing,1984.91,1,35.8,Express,Debit Card,20,Male,City47,Not Returned,1274.31222
2025-03-03,Toys,1461.0,1,29.96,Express,Credit Card,18,Male,City32,Not Returned,1023.2843999999999
2024-01-16,Books,893.52,4,22.26,Express,Debit Card,52,Male,City33,Returned,2778.489792
2022-08-01,Clothing,1244.74,2,10.43,Standard,COD,18,Male,City79,Not Returned,2229.827236
2024-02-29,Clothing,1862.5,4,28.85,Express,Debit Card,31,Female,City88,Returned,5300.675
2023-05-22,Clothing,388.05,2,33.34,Standard,Wallet,50,Male,City79,Returned,517.34826
2024-01-30,Electronics,1685.26,4,30.25,Express,Debit Card,52,Male,City38,Not Returned,4701.8754
2025-04-23,Books,886.43,3,7.07,Express,Credit Card,51,Male,City55,Returned,2471.278197
2023-03-19,Electronics,1268.9,2,8.3,Standard,COD,34,Female,City69,Not Returned,2327.1626
2023-08-13,Clothing,753.81,5,11.43,Standard,Credit Card,35,Female,City22,Not Returned,3338.247585
2024-01-05,Books,311.77,4,0.47,Standard,Debit Card,18,Female,City24,Returned,1241.2187239999998
2023-04-01,Electronics,1259.67,2,37.12,Standard,Wallet,45,Female,City100,Returned,1584.160992
2025-05-06,Toys,965.67,3,18.19,Express,Credit Card,59,Female,City30,Not Returned,2370.043881
2023-09-26,Clothing,1607.9,3,46.97,Next-Day,Wallet,65,Female,City99,Returned,2558.00811
2023-04-11,Electronics,876.3,3,14.07,Standard,Debit Card,22,Male,City28,Not Returned,2259.0137699999996
2022-08-19,Home Appliances,1692.74,2,6.27,Standard,COD,21,Male,City65,Not Returned,3173.210404
2025-01-26,Home Appliances,1200.65,5,5.74,Standard,COD,51,Female,City81,Not Returned,5658.66345
2024-05-22,Clothing,1861.28,5,4.82,Express,Debit Card,55,Male,City29,Not Returned,8857.83152
2025-05-06,Clothing,878.55,3,0.71,Express,Credit Card,46,Female,City5,Returned,2616.9368849999996
2025-06-08,Clothing,1411.55,5,0.84,Standard,Wallet,49,Male,City18,Returned,6998.4649
2022-09-20,Electronics,1484.46,1,23.65,Express,Credit Card,18,Female,City36,Not Returned,1133.3852100000001
2022-09-19,Electronics,630.58,4,3.75,Express,Debit Card,43,Male,City24,Not Returned,2427.733
2022-12-25,Clothing,545.42,4,36.99,Next-Day,Wallet,62,Male,City8,Not Returned,1374.6765679999999
2023-12-31,Toys,784.19,2,47.24,Express,Credit Card,61,Male,City64,Not Returned,827.477288
2022-04-23,Home Appliances,1825.71,4,6.47,Next-Day,Credit Card,49,Female,City23,Not Returned,6830.346252
2024-08-13,Clothing,540.77,3,0.11,Standard,COD,36,Female,City35,Not Returned,1620.525459
2025-08-20,Home Appliances,146.88,5,35.4,Standard,Wallet,36,Female,City92,Not Returned,474.4224
2025-08-15,Electronics,141.96,1,41.23,Standard,Debit Card,58,Female,City20,Not Returned,83.42989200000002
2022-10-27,Clothing,488.15,4,30.26,Standard,Debit Card,22,Male,City35,Not Returned,1361.74324
2022-09-30,Clothing,660.39,2,35.82,Next-Day,Debit Card,38,Male,City56,Not Returned,847.6766039999999
2023-03-12,Clothing,1955.23,2,46.88,Standard,Credit Card,61,Male,City28,Not Returned,2077.2363519999994
2025-05-19,Electronics,916.38,5,43.89,Express,Debit Card,51,Male,City2,Not Returned,2570.9040899999995
2025-07-16,Electronics,703.2,2,20.55,Standard,Credit Card,43,Male,City43,Returned,1117.3848
2023-06-06,Electronics,1331.33,2,41.07,Standard,Debit Card,51,Female,City73,Not Returned,1569.1055379999998
2023-06-28,Clothing,743.68,2,33.4,Standard,COD,55,Male,City53,Returned,990.58176
2022-04-22,Clothing,1852.0,2,0.37,Standard,Credit Card,18,Female,City44,Not Returned,3690.2952
2023-06-08,Clothing,1943.16,1,16.99,Standard,Wallet,42,Female,City97,Returned,1613.0171160000002
2024-07-11,Electronics,1069.54,5,41.32,Standard,COD,24,Female,City69,Returned,3138.0303599999997
2023-05-10,Clothing,1726.08,4,46.04,Standard,Debit Card,44,Male,City38,Not Returned,3725.571072
2023-12-26,Clothing,1121.87,1,13.54,Express,Credit Card,21,Male,City86,Not Returned,969.968802
2024-10-05,Clothing,1407.15,1,47.86,Express,Credit Card,34,Male,City70,Returned,733.6880100000002
2023-02-15,Clothing,1934.95,1,17.92,Next-Day,Wallet,32,Female,City13,Returned,1588.20696
2024-10-21,Books,501.99,3,29.07,Express,Debit Card,55,Female,City45,Not Returned,1068.1845210000001
2024-09-02,Clothing,432.87,3,15.26,Standard,Wallet,32,Male,City37,Returned,1100.4421140000002
2022-03-16,Electronics,743.07,3,7.45,Next-Day,Debit Card,36,Female,City45,Not Returned,2063.133855
2022-01-14,Clothing,175.98,4,40.34,Express,Wallet,20,Male,City99,Returned,419.958672
2025-06-18,Toys,1832.26,4,24.57,Standard,Credit Card,40,Female,City60,Not Returned,5528.2948719999995
2024-06-09,Clothing,1702.67,4,2.79,Next-Day,Debit Card,29,Female,City45,Not Returned,6620.662028
2024-04-24,Clothing,393.03,5,25.06,Express,COD,33,Female,City17,Returned,1472.68341
2024-12-03,Toys,1416.7,2,19.44,Next-Day,Debit Card,28,Male,City34,Not Returned,2282.58704
2023-11-05,Clothing,970.81,5,5.49,Express,COD,51,Male,City88,Not Returned,4587.562655
2022-06-09,Books,449.6,5,41.29,Next-Day,Debit Card,44,Female,City50,Not Returned,1319.8008
2022-03-12,Electronics,209.9,5,13.73,Express,Debit Card,65,Male,City25,Returned,905.40365
2023-01-10,Clothing,422.52,4,0.89,Standard,Credit Card,30,Female,City27,Not Returned,1675.038288
2023-06-23,Home Appliances,1077.9,1,26.63,Next-Day,Debit Card,37,Male,City23,Not Returned,790.8552300000001
2023-03-20,Electronics,1516.73,2,46.43,Standard,COD,43,Male,City46,Not Returned,1625.0245220000002
2023-07-28,Clothing,1178.58,5,28.28,Next-Day,Credit Card,50,Male,City46,Not Returned,4226.38788
2023-02-27,Books,1771.12,1,25.22,Express,Credit Card,35,Male,City4,Not Returned,1324.443536
2024-12-12,Clothing,1855.44,5,0.95,Standard,Debit Card,39,Male,City68,Not Returned,9189.066600000002
2023-01-31,Books,1966.44,1,17.64,Next-Day,Wallet,57,Male,City71,Not Returned,1619.559984
2023-06-07,Electronics,570.14,3,7.16,Next-Day,Credit Card,51,Female,City37,Returned,1587.9539280000001
2023-12-13,Books,762.66,3,3.68,Next-Day,Debit Card,37,Male,City76,Not Returned,2203.782336
2023-05-16,Clothing,1265.29,2,49.16,Standard,Wallet,23,Male,City8,Returned,1286.546872
2022-07-07,Books,899.87,4,17.57,Express,Wallet,26,Male,City47,Not Returned,2967.051364
2023-09-17,Electronics,605.12,5,30.58,Next-Day,Credit Card,33,Male,City10,Returned,2100.37152
2022-04-06,Electronics,1174.99,5,35.24,Next-Day,COD,58,Female,City21,Returned,3804.6176199999995
2025-08-02,Electronics,1783.83,1,31.13,Standard,Wallet,22,Male,City9,Not Returned,1228.523721
2022-11-06,Toys,1818.95,4,5.64,Next-Day,COD,30,Male,City78,Returned,6865.44488
2024-01-24,Electronics,800.48,1,7.74,Standard,Debit Card,52,Female,City52,Not Returned,738.522848
2023-03-02,Clothing,1549.98,4,20.1,Next-Day,Debit Card,34,Female,City15,Not Returned,4953.73608
2023-07-01,Electronics,1801.73,3,18.82,Express,Debit Card,30,Female,City36,Returned,4387.933242
2022-05-18,Electronics,294.47,3,36.64,Next-Day,Wallet,21,Male,City61,Not Returned,559.728576
2022-12-09,Clothing,1548.61,5,23.34,Next-Day,Debit Card,28,Female,City46,Not Returned,5935.822129999999
2023-12-11,Electronics,1628.2,1,44.88,Standard,Wallet,37,Male,City100,Not Returned,897.4638399999999
2022-10-30,Books,894.98,2,10.66,Next-Day,Wallet,50,Female,City48,Returned,1599.1502639999999
2023-04-30,Clothing,606.97,1,47.51,Next-Day,Credit Card,53,Male,City13,Not Returned,318.59855300000004
2023-08-11,Clothing,1669.41,1,42.62,Next-Day,COD,43,Male,City20,Not Returned,957.9074580000002
2022-01-23,Toys,600.65,5,4.54,Standard,Credit Card,47,Male,City17,Not Returned,2866.90245
2025-07-03,Electronics,125.61,2,2.74,Express,Credit Card,28,Male,City20,Not Returned,244.33657200000002
2022-09-27,Clothing,1488.8,2,33.16,Next-Day,Credit Card,35,Male,City61,Not Returned,1990.2278400000002
2022-02-08,Home Appliances,1782.33,2,48.52,Next-Day,Debit Card,60,Female,City77,Not Returned,1835.0869679999996
2022-07-30,Clothing,1174.59,3,43.17,Next-Day,COD,36,Male,City35,Not Returned,2002.5584909999998
2024-12-08,Clothing,1064.57,3,9.18,Express,Debit Card,51,Male,City70,Returned,2900.527422
2025-04-25,Toys,1072.41,4,25.86,Next-Day,Debit Card,50,Male,City51,Not Returned,3180.3390960000006
2023-02-21,Clothing,1189.11,3,15.88,Standard,Wallet,52,Male,City35,Not Returned,3000.8379959999997
2024-11-30,Books,161.99,5,49.76,Next-Day,COD,61,Female,City37,Not Returned,406.91888
2023-12-27,Clothing,1705.14,2,2.68,Standard,COD,47,Male,City11,Not Returned,3318.884496
2022-10-30,Clothing,154.24,1,29.34,Next-Day,Wallet,21,Female,City13,Not Returned,108.985984
2024-02-04,Toys,891.73,2,28.97,Express,Credit Card,54,Female,City8,Not Returned,1266.791638
2024-12-20,Toys,1068.72,4,34.96,Express,Wallet,20,Female,City10,Returned,2780.381952
2024-08-27,Books,1150.41,2,44.98,Standard,Wallet,47,Female,City67,Not Returned,1265.911164
2025-01-07,Books,831.56,1,29.98,Next-Day,Debit Card,41,Female,City67,Not Returned,582.2583119999999
2023-07-27,Electronics,953.49,4,37.44,Next-Day,Debit Card,37,Female,City93,Returned,2386.0133760000003
2025-06-01,Clothing,766.93,3,8.1,Express,COD,31,Male,City37,Not Returned,2114.42601
2024-08-11,Home Appliances,1186.2,3,14.09,Next-Day,COD,53,Male,City7,Not Returned,3057.19326
2024-05-15,Home Appliances,1897.89,3,27.13,Express,Debit Card,24,Male,City65,Not Returned,4148.977329
2023-07-21,Home Appliances,1521.48,5,38.12,Standard,Debit Card,39,Female,City94,Not Returned,4707.4591199999995
2024-08-08,Books,460.11,4,45.16,Standard,Wallet,42,Female,City25,Not Returned,1009.2972960000001
2022-01-29,Clothing,1934.08,3,38.39,Standard,Wallet,49,Male,City18,Not Returned,3574.7600639999996
2022-05-22,Toys,548.42,2,28.57,Next-Day,Wallet,54,Female,City32,Not Returned,783.4728119999999
2025-02-15,Clothing,1453.21,4,8.1,Next-Day,Wallet,53,Male,City38,Not Returned,5341.99996
2025-03-24,Clothing,1037.66,2,12.88,Express,Debit Card,58,Female,City3,Not Returned,1808.018784
2024-05-30,Toys,199.16,5,32.61,Express,Debit Card,64,Female,City93,Not Returned,671.0696199999999
2024-01-01,Home Appliances,1793.41,5,9.08,Express,Debit Card,51,Female,City65,Not Returned,8152.841860000001
2024-08-20,Electronics,1239.34,5,43.39,Express,Wallet,51,Female,City37,Not Returned,3507.9518700000003
2022-11-05,Clothing,347.47,3,20.16,Next-Day,COD,48,Female,City5,Returned,832.2601440000001
2022-08-22,Toys,1855.26,5,0.69,Standard,COD,48,Male,City77,Not Returned,9212.293529999999
2023-04-22,Clothing,134.72,2,35.75,Standard,COD,39,Female,City53,Returned,173.11520000000002
2023-02-13,Electronics,1253.71,2,12.87,Standard,Wallet,53,Female,City55,Not Returned,2184.715046
2025-08-21,Clothing,1662.24,3,46.35,Standard,COD,59,Female,City30,Not Returned,2675.37528
2024-09-04,Toys,318.89,2,12.86,Next-Day,Debit Card,43,Female,City38,Not Returned,555.761492
2024-03-24,Electronics,933.02,2,36.35,Standard,Credit Card,36,Male,City52,Returned,1187.7344600000001
2024-08-06,Clothing,822.73,4,35.48,Standard,COD,32,Female,City67,Not Returned,2123.301584
2022-12-01,Home Appliances,1155.06,3,8.15,Express,Wallet,64,Male,City95,Not Returned,3182.76783
2022-02-26,Clothing,186.52,3,1.46,Express,Debit Card,47,Female,City9,Returned,551.390424
2025-07-05,Clothing,879.44,3,15.27,Express,Credit Card,51,Male,City98,Returned,2235.448536
2022-08-01,Electronics,581.13,4,11.93,Next-Day,Wallet,19,Female,City27,Returned,2047.204764
2025-02-11,Electronics,326.7,2,4.1,Next-Day,Debit Card,22,Male,City69,Not Returned,626.6106
2022-10-08,Electronics,1321.92,4,3.13,Standard,Wallet,37,Female,City48,Not Returned,5122.175616
2022-05-23,Clothing,195.1,3,39.38,Next-Day,COD,21,Female,City69,Not Returned,354.8088599999999
2023-09-25,Home Appliances,1275.43,5,10.11,Next-Day,Wallet,31,Female,City60,Not Returned,5732.420135
2022-05-17,Home Appliances,391.79,1,13.55,Standard,Credit Card,59,Female,City64,Not Returned,338.70245500000004
2025-07-17,Clothing,907.84,5,23.6,Standard,COD,47,Female,City81,Returned,3467.9488
2024-09-20,Books,1422.3,3,1.2,Standard,Debit Card,28,Female,City72,Not Returned,4215.6972
2025-01-17,Clothing,121.73,3,41.04,Express,Debit Card,64,Female,City86,Not Returned,215.316024
2022-09-05,Electronics,1923.68,4,46.83,Express,Debit Card,24,Male,City65,Not Returned,4091.2826240000004
2023-03-21,Books,1353.74,4,28.2,Standard,Debit Card,26,Male,City31,Not Returned,3887.94128
2024-10-21,Toys,1117.59,2,3.71,Next-Day,Credit Card,49,Female,City72,Returned,2152.254822
2024-06-13,Toys,1234.26,5,26.97,Next-Day,Debit Card,52,Female,City76,Not Returned,4506.90039
2022-12-24,Electronics,1807.45,4,18.57,Express,Credit Card,56,Female,City99,Not Returned,5887.226140000001
2025-04-20,Toys,1930.41,1,0.29,Standard,Debit Card,57,Male,City93,Not Returned,1924.811811
2024-08-16,Clothing,764.82,3,24.65,Standard,Wallet,63,Female,City57,Not Returned,1728.87561
2023-05-06,Clothing,731.78,1,25.53,Express,Debit Card,51,Female,City62,Returned,544.956566
2023-02-08,Toys,742.94,2,38.0,Express,Debit Card,46,Male,City7,Returned,921.2456000000001
2023-02-02,Toys,1446.06,5,35.03,Next-Day,COD,65,Male,City91,Returned,4697.525909999999
2024-01-31,Clothing,1336.87,5,44.97,Standard,Debit Card,24,Female,City66,Not Returned,3678.3978049999996
2024-11-18,Clothing,1689.49,4,5.93,Next-Day,Credit Card,38,Male,City57,Returned,6357.212972
2022-02-12,Electronics,1240.9,4,7.92,Standard,Debit Card,56,Male,City42,Returned,4570.4828800000005
2023-05-17,Clothing,1603.72,2,49.44,Next-Day,Debit Card,21,Male,City35,Returned,1621.6816640000002
2025-05-25,Books,896.01,4,31.05,Next-Day,Wallet,46,Male,City73,Not Returned,2471.19558
2024-02-05,Electronics,1810.03,2,9.68,Express,COD,58,Male,City59,Not Returned,3269.638192
2022-03-10,Books,1461.29,1,27.95,Next-Day,Wallet,27,Male,City36,Not Returned,1052.859445
2023-07-11,Books,484.7,1,36.74,Next-Day,COD,25,Female,City97,Not Returned,306.62122
2022-11-12,Home Appliances,398.91,2,23.59,Next-Day,Debit Card,32,Female,City14,Not Returned,609.614262
2022-03-18,Electronics,1771.22,5,0.36,Next-Day,Wallet,19,Female,City100,Not Returned,8824.21804
2025-05-11,Electronics,1899.56,2,31.81,Next-Day,Wallet,61,Female,City100,Not Returned,2590.6199279999996
2025-08-21,Books,1510.18,2,41.13,Standard,Credit Card,52,Female,City98,Not Returned,1778.0859320000002
2025-07-23,Books,1532.88,2,6.8,Express,Wallet,30,Male,City57,Not Returned,2857.28832
2023-05-25,Home Appliances,529.41,5,26.52,Express,Debit Card,35,Female,City42,Not Returned,1945.0523399999997
2022-11-21,Electronics,575.32,1,26.63,Next-Day,Wallet,21,Male,City60,Returned,422.11228400000005
2023-10-06,Books,849.8,4,41.37,Next-Day,COD,33,Male,City30,Not Returned,1992.9509600000001
2023-02-04,Clothing,133.32,4,11.63,Standard,COD,47,Female,City44,Not Returned,471.2595359999999
2023-07-21,Clothing,518.46,2,10.22,Express,Debit Card,56,Male,City65,Not Returned,930.946776
2022-01-31,Clothing,819.59,4,10.31,Express,Credit Card,51,Female,City85,Returned,2940.361084
2023-11-13,Home Appliances,1230.82,5,39.54,Standard,Wallet,48,Female,City37,Not Returned,3720.7688599999997
2022-03-19,Clothing,1971.56,3,28.34,Next-Day,COD,55,Female,City63,Not Returned,4238.459688
2023-03-11,Toys,1060.06,4,45.82,Express,Credit Card,35,Male,City46,Not Returned,2297.362032
2022-07-02,Clothing,360.26,5,40.39,Next-Day,Debit Card,55,Female,City98,Not Returned,1073.75493
2023-04-03,Clothing,750.66,2,26.53,Standard,COD,20,Female,City50,Not Returned,1103.0198039999998
2025-07-14,Home Appliances,1521.75,1,4.91,Standard,Wallet,25,Female,City51,Not Returned,1447.0320749999998
2023-02-18,Home Appliances,177.2,2,20.56,Next-Day,Wallet,31,Male,City41,Not Returned,281.53535999999997
2022-09-24,Toys,552.01,3,42.52,Next-Day,Wallet,34,Female,City46,Returned,951.886044
2022-12-02,Home Appliances,1273.49,1,41.76,Standard,Credit Card,49,Female,City57,Not Returned,741.6805760000001
2024-02-06,Electronics,1470.09,5,44.8,Next-Day,Debit Card,44,Male,City70,Not Returned,4057.4484
2023-11-24,Books,1289.38,4,4.69,Express,COD,54,Female,City58,Returned,4915.632312
2024-09-06,Electronics,1185.25,4,42.92,Next-Day,Credit Card,21,Female,City77,Returned,2706.1628
2022-09-18,Electronics,1946.15,5,46.54,Express,Wallet,46,Male,City40,Not Returned,5202.05895
2024-01-14,Toys,740.61,1,12.54,Express,COD,61,Male,City88,Not Returned,647.737506
2023-12-10,Clothing,204.31,5,38.01,Standard,Credit Card,54,Male,City46,Not Returned,633.258845
2022-07-02,Home Appliances,156.19,1,12.82,Standard,Debit Card,40,Male,City65,Not Returned,136.166442
2023-12-31,Home Appliances,1175.07,5,0.53,Express,Wallet,44,Male,City98,Not Returned,5844.210644999999
2024-09-17,Clothing,1096.03,3,2.7,Express,Debit Card,56,Female,City60,Not Returned,3199.31157
2023-12-17,Toys,221.52,5,43.16,Next-Day,Wallet,57,Female,City36,Not Returned,629.5598400000001
2022-01-10,Clothing,229.18,1,22.99,Express,Credit Card,48,Female,City48,Not Returned,176.491518
2024-02-13,Home Appliances,1390.21,2,29.28,Next-Day,Debit Card,62,Male,City34,Not Returned,1966.3130240000003
2022-05-19,Clothing,1312.31,5,5.97,Express,Wallet,48,Female,City83,Not Returned,6169.825465
2023-05-01,Clothing,1506.09,5,3.56,Standard,Debit Card,23,Male,City69,Not Returned,7262.3659800000005
2022-12-20,Toys,1218.31,1,41.35,Standard,Credit Card,19,Female,City10,Returned,714.538815
2022-01-09,Clothing,1588.78,2,5.31,Next-Day,COD,22,Male,City44,Returned,3008.8315639999996
2025-03-18,Clothing,1169.4,5,0.91,Standard,Debit Card,20,Male,City86,Not Returned,5793.7923
2022-01-31,Clothing,1248.31,4,1.08,Express,Wallet,25,Male,City4,Returned,4939.313007999999
2024-11-02,Books,537.72,4,45.52,Standard,Wallet,65,Female,City79,Not Returned,1171.799424
2023-07-11,Electronics,996.69,3,36.16,Express,Wallet,46,Male,City58,Not Returned,1908.8606880000004
2022-12-31,Books,1816.88,4,45.09,Next-Day,Wallet,56,Male,City88,Not Returned,3990.5952319999997
2023-02-15,Books,446.63,4,25.35,Next-Day,Wallet,21,Male,City11,Not Returned,1333.63718
2023-08-02,Electronics,1242.53,1,20.27,Next-Day,COD,64,Female,City19,Not Returned,990.669169
2022-05-06,Home Appliances,1700.25,1,15.36,Next-Day,Credit Card,26,Female,City66,Not Returned,1439.0916
2023-02-22,Electronics,736.37,4,0.57,Next-Day,Credit Card,59,Female,City59,Not Returned,2928.690764
2024-10-02,Toys,1371.27,2,5.96,Express,Wallet,23,Male,City60,Returned,2579.084616
2022-12-13,Electronics,1324.91,2,34.48,Next-Day,Wallet,19,Female,City16,Not Returned,1736.162064
2022-07-29,Clothing,1064.39,3,8.69,Standard,Credit Card,19,Male,City21,Not Returned,2915.683527
2023-07-14,Clothing,1928.15,2,36.8,Next-Day,Credit Card,63,Female,City21,Returned,2437.1816000000003
2023-06-12,Home Appliances,349.14,5,40.51,Express,Credit Card,53,Female,City98,Returned,1038.5169299999998
2023-03-07,Toys,1884.97,1,20.37,Next-Day,Wallet,19,Male,City88,Returned,1501.0016110000001
2024-04-01,Electronics,1589.66,4,29.64,Next-Day,Wallet,54,Female,City43,Not Returned,4473.939104
2023-07-13,Electronics,789.34,2,18.78,Next-Day,COD,21,Male,City96,Not Returned,1282.2038960000002
2022-12-05,Home Appliances,1407.93,1,3.47,Express,Wallet,53,Male,City74,Not Returned,1359.0748290000001
2022-01-01,Toys,1284.01,4,43.75,Next-Day,Wallet,26,Female,City99,Not Returned,2889.0225
2023-11-14,Books,959.35,5,0.61,Standard,Credit Card,59,Male,City64,Returned,4767.489825
2024-04-30,Toys,483.01,3,41.76,Express,Debit Card,38,Male,City79,Not Returned,843.915072
2025-07-01,Toys,1401.32,3,48.03,Express,Debit Card,36,Female,City2,Not Returned,2184.798012
2023-03-09,Home Appliances,1709.05,5,7.3,Next-Day,COD,46,Female,City41,Not Returned,7921.44675
2024-12-02,Clothing,1333.48,5,30.21,Express,COD,64,Male,City74,Returned,4653.178459999999
2023-02-12,Home Appliances,959.25,1,6.75,Express,Credit Card,51,Male,City22,Not Returned,894.500625
2022-10-24,Electronics,1980.73,3,47.07,Standard,COD,47,Male,City13,Returned,3145.201167
2024-12-25,Toys,182.5,5,5.53,Standard,COD,54,Male,City62,Not Returned,862.0387499999999
2024-11-26,Home Appliances,1105.75,4,14.8,Express,Credit Card,34,Male,City99,Not Returned,3768.3959999999997
2023-12-16,Clothing,1384.58,2,38.0,Express,Credit Card,48,Male,City17,Not Returned,1716.8791999999999
2022-12-24,Toys,1382.85,1,41.99,Next-Day,Debit Card,35,Female,City6,Not Returned,802.191285
2023-10-14,Clothing,873.93,3,2.73,Standard,Wallet,18,Female,City31,Not Returned,2550.215133
2024-02-08,Clothing,585.61,3,33.14,Next-Day,Credit Card,22,Female,City76,Returned,1174.616538
2023-06-30,Clothing,672.15,5,48.6,Standard,Wallet,21,Male,City89,Not Returned,1727.4255
2023-08-20,Clothing,145.81,5,38.43,Express,Debit Card,28,Male,City81,Not Returned,448.876085
2023-12-10,Home Appliances,694.41,3,29.95,Standard,Debit Card,63,Female,City30,Returned,1459.302615
2022-07-01,Clothing,371.83,5,11.19,Express,Wallet,51,Male,City53,Not Returned,1651.111115
2023-12-10,Electronics,601.95,2,17.34,Next-Day,COD,37,Female,City80,Not Returned,995.1437400000001
2024-03-30,Toys,1687.76,1,0.75,Standard,Wallet,20,Female,City35,Not Returned,1675.1018000000001
2024-07-25,Clothing,607.24,1,10.11,Standard,Wallet,65,Male,City32,Not Returned,545.848036
2022-04-26,Clothing,1988.61,4,25.61,Next-Day,Debit Card,39,Female,City39,Not Returned,5917.307916
2024-09-19,Clothing,1008.27,5,3.4,Standard,COD,22,Male,City5,Not Returned,4869.944100000001
2022-03-30,Clothing,726.47,1,26.3,Express,COD,28,Female,City43,Not Returned,535.40839
2025-02-01,Electronics,1868.29,3,21.42,Standard,COD,47,Male,City1,Returned,4404.3068459999995
2023-01-21,Toys,1732.62,4,40.95,Standard,Wallet,30,Male,City99,Not Returned,4092.44844
2023-01-03,Electronics,1068.75,1,15.19,Next-Day,Credit Card,56,Male,City68,Not Returned,906.406875
2023-01-18,Clothing,672.91,2,31.92,Express,COD,62,Male,City70,Not Returned,916.234256
2024-02-01,Toys,816.61,1,28.5,Express,Wallet,43,Female,City15,Not Returned,583.87615
2025-05-29,Electronics,616.97,3,17.08,Express,COD,26,Male,City61,Not Returned,1534.7745720000003
2025-02-09,Toys,389.16,2,12.58,Next-Day,Wallet,37,Male,City7,Not Returned,680.4073440000001
2022-06-04,Clothing,504.42,5,15.57,Standard,Credit Card,45,Male,City43,Returned,2129.4090300000003
2022-03-29,Toys,1629.6,4,43.72,Express,Wallet,45,Male,City64,Not Returned,3668.5555199999994
2024-08-07,Toys,1843.81,3,10.81,Next-Day,Wallet,62,Female,City89,Returned,4933.482417
2023-10-06,Clothing,1805.34,4,23.56,Express,Wallet,18,Male,City20,Not Returned,5520.007584
2022-02-18,Electronics,522.42,3,4.44,Express,Credit Card,37,Female,City70,Returned,1497.6736559999997
2022-12-26,Books,994.93,1,16.96,Standard,Debit Card,56,Female,City80,Returned,826.189872
2024-06-05,Clothing,1492.85,5,11.92,Standard,COD,49,Male,City49,Returned,6574.5114
2022-04-02,Electronics,665.62,4,20.67,Express,Wallet,35,Female,City85,Not Returned,2112.145384
2024-01-26,Toys,705.46,2,47.23,Next-Day,Wallet,29,Female,City38,Not Returned,744.5424840000002
2023-06-25,Books,761.86,2,2.03,Standard,Credit Card,56,Male,City6,Not Returned,1492.7884840000002
2025-01-19,Electronics,1749.89,5,5.62,Next-Day,Debit Card,62,Female,City75,Not Returned,8257.73091
2025-06-14,Electronics,1704.07,4,41.27,Express,Debit Card,29,Male,City27,Not Returned,4003.2012439999994
2025-03-29,Clothing,810.93,2,29.88,Next-Day,COD,24,Male,City46,Not Returned,1137.248232
2022-11-30,Electronics,848.67,1,37.58,Next-Day,Debit Card,26,Female,City45,Not Returned,529.739814
2022-06-24,Toys,1318.99,3,33.61,Express,Debit Card,23,Female,City14,Not Returned,2627.0323829999998
2023-07-11,Books,1733.61,4,31.03,Express,Debit Card,29,Female,City27,Not Returned,4782.683268
2024-07-18,Clothing,941.04,4,18.87,Express,Debit Card,21,Male,City35,Not Returned,3053.863008
2024-05-17,Home Appliances,1514.18,4,34.28,Next-Day,Credit Card,19,Female,City56,Returned,3980.476384
2022-12-01,Books,281.51,5,11.9,Express,Wallet,42,Female,City62,Not Returned,1240.05155
2022-11-17,Clothing,680.23,3,16.74,Next-Day,COD,53,Female,City41,Not Returned,1699.078494
2024-06-04,Clothing,1863.03,1,31.12,Standard,Credit Card,35,Female,City16,Not Returned,1283.255064
2024-02-07,Books,1753.02,4,41.0,Next-Day,Wallet,18,Female,City86,Returned,4137.127200000001
2022-12-06,Home Appliances,1916.38,1,5.24,Standard,Debit Card,64,Female,City55,Returned,1815.961688
2024-06-10,Clothing,779.42,3,32.47,Next-Day,Credit Card,52,Male,City57,Not Returned,1579.0269779999999
2024-12-09,Electronics,563.21,1,39.54,Standard,Wallet,20,Male,City21,Not Returned,340.516766
2023-01-28,Clothing,479.04,3,40.39,Standard,COD,60,Female,City57,Not Returned,856.6672320000001
2025-08-28,Electronics,837.16,3,0.64,Standard,Wallet,35,Male,City70,Not Returned,2495.406528
2022-11-11,Toys,1239.37,1,29.15,Standard,Credit Card,46,Male,City83,Not Returned,878.0936449999999
2025-02-03,Clothing,1969.47,4,5.94,Next-Day,COD,20,Male,City24,Not Returned,7409.933928
2023-08-28,Books,634.83,1,30.92,Next-Day,Wallet,45,Male,City69,Not Returned,438.540564
2023-02-10,Toys,1053.21,1,36.02,Next-Day,Debit Card,65,Female,City89,Not Returned,673.843758
2023-07-29,Clothing,982.05,4,32.68,Standard,Wallet,33,Male,City89,Returned,2644.46424
2024-12-08,Electronics,1085.65,3,18.5,Next-Day,Debit Card,54,Female,City39,Not Returned,2654.4142500000003
2025-05-21,Toys,1602.64,5,29.58,Standard,Debit Card,56,Male,City37,Not Returned,5642.89544
2024-08-09,Electronics,1759.27,3,15.83,Express,COD,24,Female,City36,Not Returned,4442.332676999999
2025-04-27,Books,546.35,3,22.54,Next-Day,COD,62,Male,City92,Returned,1269.60813
2024-02-29,Clothing,1822.11,1,0.11,Express,Debit Card,44,Female,City94,Not Returned,1820.105679
2025-06-22,Clothing,1787.57,4,48.41,Standard,Debit Card,19,Female,City78,Returned,3688.829452
2023-12-19,Clothing,1322.03,5,42.47,Express,Debit Card,49,Female,City93,Not Returned,3802.8192950000002
2023-10-24,Clothing,226.41,2,8.0,Next-Day,Debit Card,32,Female,City22,Not Returned,416.5944
2023-01-28,Books,1714.34,1,44.45,Next-Day,Wallet,60,Female,City63,Not Returned,952.3158699999999
2024-12-02,Books,1720.09,2,18.81,Express,Debit Card,45,Male,City62,Not Returned,2793.082142
2023-08-17,Electronics,1698.45,4,0.09,Standard,Debit Card,39,Male,City9,Not Returned,6787.68558
2022-04-05,Electronics,972.01,4,15.58,Next-Day,COD,63,Male,City46,Not Returned,3282.2833680000003
2022-03-21,Clothing,1585.01,1,29.37,Standard,COD,50,Female,City22,Not Returned,1119.4925629999998
2022-03-29,Home Appliances,1509.91,5,14.41,Express,COD,45,Male,City60,Not Returned,6461.659845
2025-02-18,Clothing,1840.43,5,40.35,Next-Day,Credit Card,62,Female,City51,Not Returned,5489.082475
2022-12-07,Electronics,180.16,2,37.73,Express,COD,46,Female,City57,Not Returned,224.371264
2022-04-02,Toys,1858.36,5,3.0,Express,COD,34,Female,City63,Not Returned,9013.045999999998
2022-04-08,Books,1885.08,4,1.99,Express,Debit Card,44,Male,City51,Not Returned,7390.267631999999
2024-05-17,Clothing,1733.26,4,34.11,Next-Day,Credit Card,42,Male,City81,Not Returned,4568.180056
2023-11-16,Electronics,654.86,1,45.41,Next-Day,Wallet,18,Female,City59,Not Returned,357.48807400000004
2022-07-08,Electronics,1561.87,4,4.12,Standard,Wallet,44,Male,City24,Not Returned,5990.083823999999
2024-11-01,Clothing,519.96,5,31.72,Standard,Credit Card,44,Female,City69,Not Returned,1775.1434400000003
2024-10-24,Books,1844.64,1,10.44,Express,Wallet,30,Male,City44,Returned,1652.059584
2025-05-14,Toys,1550.46,5,33.69,Standard,Debit Card,28,Male,City18,Not Returned,5140.5501300000005
2025-05-19,Books,816.13,5,29.74,Next-Day,Wallet,40,Female,City19,Not Returned,2867.06469
2023-05-24,Books,1186.41,5,9.28,Express,Credit Card,64,Female,City75,Returned,5381.55576
2024-05-07,Toys,1787.48,3,20.25,Standard,Credit Card,19,Male,City79,Not Returned,4276.5459
2022-12-17,Electronics,755.35,2,18.11,Next-Day,Credit Card,32,Female,City37,Not Returned,1237.11223
2022-12-03,Clothing,774.81,2,18.3,Express,COD,39,Male,City76,Returned,1266.0395399999998
2024-01-08,Books,1655.52,3,28.67,Next-Day,Credit Card,52,Female,City81,Not Returned,3542.6472479999998
2024-09-18,Toys,1707.6,4,7.66,Express,Debit Card,45,Female,City71,Not Returned,6307.19136
2025-05-21,Home Appliances,1355.32,1,29.27,Standard,Credit Card,22,Female,City23,Returned,958.617836
2022-07-22,Clothing,964.19,1,33.16,Next-Day,Wallet,32,Male,City72,Not Returned,644.4645960000001
2024-12-19,Toys,411.0,4,36.87,Express,Debit Card,25,Male,City83,Returned,1037.8572
2022-01-27,Electronics,1939.03,2,40.86,Standard,Wallet,44,Male,City29,Not Returned,2293.4846839999996
2022-05-12,Clothing,1468.09,4,7.87,Next-Day,COD,62,Female,City52,Returned,5410.205268
2023-12-26,Clothing,172.93,3,4.68,Next-Day,Credit Card,54,Female,City81,Returned,494.510628
2022-04-18,Electronics,1852.15,4,28.74,Standard,Debit Card,39,Female,City86,Returned,5279.36836
2022-01-03,Electronics,297.81,5,44.07,Standard,Wallet,45,Male,City36,Not Returned,832.825665
2022-08-02,Clothing,594.23,1,26.97,Express,COD,45,Male,City64,Returned,433.966169
2023-11-09,Books,810.28,2,14.71,Standard,Debit Card,32,Male,City7,Not Returned,1382.175624
2025-05-10,Electronics,1578.39,1,26.4,Standard,Debit Card,22,Female,City56,Returned,1161.69504
2022-02-21,Books,1826.55,3,14.55,Standard,Debit Card,22,Male,City8,Not Returned,4682.360925
2023-06-30,Electronics,1831.19,5,33.16,Express,COD,24,Male,City1,Returned,6119.836980000002
2023-01-19,Electronics,741.32,4,20.93,Express,Wallet,50,Female,City14,Not Returned,2344.646896
2023-09-30,Electronics,1510.0,5,31.39,Express,Credit Card,45,Male,City90,Not Returned,5180.054999999999
2024-12-03,Home Appliances,268.75,5,10.2,Next-Day,COD,45,Male,City27,Not Returned,1206.6875
2023-01-19,Clothing,528.49,1,40.1,Standard,Debit Card,22,Female,City93,Returned,316.56551
2023-04-23,Electronics,1607.82,4,25.05,Next-Day,COD,47,Female,City85,Returned,4820.244360000001
2024-02-06,Books,1279.76,5,14.09,Express,Debit Card,48,Male,City76,Not Returned,5497.20908
2022-04-26,Electronics,1056.29,3,13.9,Express,Debit Card,50,Female,City83,Not Returned,2728.39707
2025-03-19,Electronics,1130.85,1,46.78,Express,Credit Card,23,Male,City55,Not Returned,601.8383699999999
2023-09-08,Home Appliances,1151.24,4,43.31,Express,Credit Card,35,Male,City83,Not Returned,2610.5518239999997
2024-04-08,Clothing,1021.81,5,7.01,Standard,Wallet,25,Male,City9,Not Returned,4750.905594999999
2024-01-26,Books,1917.97,3,32.98,Express,Credit Card,53,Male,City94,Returned,3856.270482
2023-05-29,Clothing,1475.02,1,36.31,Express,COD,50,Female,City91,Not Returned,939.440238
2022-07-16,Home Appliances,664.38,1,44.37,Standard,COD,43,Female,City48,Not Returned,369.59459400000003
2022-10-11,Electronics,1599.77,3,40.66,Express,Debit Card,54,Male,City93,Not Returned,2847.910554
2024-08-06,Clothing,736.5,4,8.48,Next-Day,Debit Card,33,Female,City4,Not Returned,2696.1792
2024-02-26,Books,1340.22,4,23.51,Express,Credit Card,32,Female,City28,Not Returned,4100.537112
2024-11-19,Electronics,1034.59,5,11.35,Next-Day,Wallet,56,Male,City50,Not Returned,4585.820175
2025-06-19,Toys,150.78,1,9.86,Standard,Debit Card,42,Male,City75,Returned,135.913092
2022-11-06,Clothing,797.59,3,34.23,Standard,Credit Card,65,Female,City12,Not Returned,1573.7248289999998
2023-09-13,Toys,336.98,5,22.59,Next-Day,Debit Card,59,Male,City72,Not Returned,1304.2810900000002
2024-10-03,Toys,1286.87,5,33.81,Express,COD,34,Female,City2,Not Returned,4258.896264999999
2024-10-21,Clothing,1510.14,5,14.37,Next-Day,Credit Card,32,Female,City52,Returned,6465.664410000001
2024-12-23,Clothing,1345.02,2,41.23,Express,Wallet,49,Female,City54,Returned,1580.9365080000002
2022-07-12,Books,1994.92,5,2.65,Next-Day,Credit Card,57,Male,City8,Not Returned,9710.2731
2025-07-17,Electronics,1698.36,4,41.65,Express,COD,51,Male,City89,Not Returned,3963.97224
2025-01-20,Clothing,666.63,1,16.96,Express,Credit Card,47,Female,City64,Not Returned,553.569552
2022-09-16,Toys,1322.93,5,13.97,Express,Debit Card,32,Male,City5,Not Returned,5690.583395000001
2025-04-23,Clothing,1852.92,1,0.78,Next-Day,COD,35,Male,City68,Not Returned,1838.467224
2023-08-11,Clothing,1301.15,5,29.78,Standard,Wallet,27,Male,City4,Returned,4568.3376499999995
2023-12-11,Clothing,459.67,1,27.27,Standard,Wallet,58,Female,City94,Not Returned,334.31799100000006
2025-04-02,Books,955.56,3,44.11,Standard,Debit Card,53,Male,City42,Not Returned,1602.1874519999997
2022-10-21,Electronics,883.75,3,16.29,Next-Day,Debit Card,65,Male,City10,Not Returned,2219.361375
2025-05-27,Books,1210.94,1,48.49,Express,COD,23,Female,City58,Not Returned,623.7551940000001
2025-02-26,Clothing,970.51,2,48.24,Express,Debit Card,51,Male,City44,Returned,1004.6719520000001
2024-01-05,Clothing,364.64,3,23.68,Next-Day,Wallet,50,Female,City44,Not Returned,834.8797440000001
2024-12-23,Clothing,768.51,4,36.43,Next-Day,Wallet,26,Male,City33,Not Returned,1954.1672279999998
2025-06-15,Electronics,545.05,5,18.11,Next-Day,Wallet,52,Male,City81,Not Returned,2231.707225
2023-02-16,Books,739.66,2,28.74,Next-Day,Debit Card,61,Male,City87,Not Returned,1054.163432
2022-03-19,Toys,1964.65,2,36.91,Next-Day,Credit Card,59,Female,City46,Not Returned,2478.99537
2023-01-22,Books,1604.51,4,19.68,Standard,Wallet,62,Male,City43,Returned,5154.969728
2024-11-03,Clothing,705.68,4,17.13,Standard,Wallet,41,Male,City10,Returned,2339.188064
2022-03-18,Clothing,1664.26,4,5.39,Express,Credit Card,23,Female,City24,Returned,6298.225544
2023-06-24,Electronics,1905.17,1,17.11,Express,COD,26,Male,City42,Not Returned,1579.195413
2024-01-09,Clothing,1868.76,3,23.83,Standard,COD,30,Female,City32,Returned,4270.303476
2025-02-18,Toys,977.42,5,3.75,Express,Debit Card,44,Male,City38,Returned,4703.83375
2023-09-26,Electronics,1255.06,3,29.38,Express,Wallet,40,Male,City12,Not Returned,2658.9701159999995
2022-04-03,Electronics,1256.29,4,48.14,Next-Day,Credit Card,57,Female,City75,Returned,2606.047976
2022-06-13,Electronics,1877.8,2,30.99,Standard,Wallet,22,Female,City50,Not Returned,2591.7395599999995
2025-09-03,Electronics,590.55,5,14.8,Standard,Debit Card,52,Female,City84,Not Returned,2515.743
2023-12-30,Clothing,640.19,1,22.78,Express,Wallet,61,Female,City24,Returned,494.35471800000005
2022-10-26,Clothing,949.68,2,14.91,Next-Day,Wallet,58,Male,City84,Not Returned,1616.1654239999998
2022-07-01,Toys,1100.95,5,2.76,Next-Day,Wallet,38,Female,City55,Returned,5352.8189
2022-12-30,Clothing,1284.8,2,17.45,Express,COD,48,Female,City61,Returned,2121.2048
2024-01-24,Books,509.09,3,9.9,Standard,Credit Card,61,Male,City76,Not Returned,1376.07027
2024-10-19,Books,1604.78,2,29.1,Express,Credit Card,35,Female,City35,Not Returned,2275.57804
2023-02-27,Electronics,483.35,2,16.32,Express,COD,54,Female,City58,Not Returned,808.93456
2025-04-25,Books,1182.14,5,32.55,Standard,Debit Card,49,Male,City13,Returned,3986.767150000001
2024-09-08,Electronics,1971.99,4,30.3,Express,Debit Card,49,Male,City59,Not Returned,5497.908120000001
2022-06-13,Clothing,482.75,2,23.29,Express,Wallet,33,Female,City75,Returned,740.63505
2023-04-21,Clothing,1532.47,5,14.99,Standard,Debit Card,28,Female,City69,Not Returned,6513.763735
2022-08-04,Clothing,1006.44,5,9.23,Express,Credit Card,29,Male,City39,Not Returned,4567.727940000001
2023-06-15,Home Appliances,127.07,5,26.51,Express,Debit Card,20,Male,City39,Not Returned,466.9187149999999
2024-12-26,Books,1693.75,1,43.51,Next-Day,COD,48,Female,City17,Not Returned,956.7993749999999
2024-12-22,Electronics,930.3,4,27.74,Express,COD,58,Male,City57,Not Returned,2688.93912
2024-04-02,Home Appliances,1026.03,1,18.25,Express,Wallet,34,Female,City77,Not Returned,838.779525
2024-01-01,Books,1924.42,4,28.5,Standard,Credit Card,37,Male,City20,Not Returned,5503.841200000001
2024-10-15,Clothing,334.73,3,11.45,Express,Debit Card,52,Male,City67,Not Returned,889.210245
2024-08-23,Toys,259.86,4,20.47,Next-Day,COD,20,Female,City89,Not Returned,826.666632
2022-05-15,Books,1001.15,2,28.72,Express,Credit Card,64,Male,City8,Not Returned,1427.23944
2022-02-13,Clothing,314.38,1,18.05,Standard,Credit Card,61,Male,City61,Not Returned,257.63441
2022-07-01,Toys,510.81,1,1.65,Next-Day,Debit Card,51,Female,City3,Not Returned,502.381635
2025-04-12,Clothing,1462.56,3,38.72,Next-Day,COD,30,Male,City71,Returned,2688.770304
2022-01-16,Toys,1846.93,1,32.04,Next-Day,Credit Card,19,Female,City6,Not Returned,1255.173628
2023-04-06,Clothing,1868.69,2,22.01,Next-Day,COD,60,Female,City10,Not Returned,2914.782662
2024-09-05,Toys,156.28,1,17.99,Express,COD,29,Male,City61,Returned,128.165228
2022-06-30,Books,1207.34,5,7.28,Standard,COD,40,Male,City99,Returned,5597.22824
2022-11-08,Electronics,257.32,3,44.86,Express,Wallet,40,Female,City83,Not Returned,425.658744
2025-08-29,Clothing,1184.58,1,27.42,Next-Day,COD,60,Female,City2,Not Returned,859.768164
2022-11-13,Electronics,1886.61,2,25.65,Express,COD,30,Male,City66,Not Returned,2805.38907
2022-11-18,Clothing,1545.48,5,16.95,Standard,COD,41,Female,City80,Not Returned,6417.6057
2025-06-01,Clothing,1037.95,4,12.66,Standard,COD,26,Female,City76,Not Returned,3626.18212
2025-07-03,Electronics,263.68,3,11.15,Next-Day,COD,39,Male,City44,Not Returned,702.83904
2023-05-10,Books,1350.05,2,1.7,Standard,Wallet,56,Female,City24,Not Returned,2654.1983
2024-10-01,Toys,771.07,4,37.38,Express,Credit Card,40,Male,City100,Not Returned,1931.376136
2022-12-22,Electronics,1518.26,4,34.11,Standard,Debit Card,43,Male,City90,Not Returned,4001.526056
2024-03-22,Clothing,1379.2,4,34.8,Express,Debit Card,22,Female,City89,Not Returned,3596.9536000000003
2022-07-03,Electronics,1687.19,1,13.85,Express,Debit Card,25,Male,City17,Not Returned,1453.5141850000002
2023-03-21,Clothing,723.94,5,34.48,Express,Credit Card,39,Female,City50,Not Returned,2371.62744
2025-02-11,Clothing,201.9,1,45.25,Next-Day,Wallet,28,Male,City29,Not Returned,110.54025
2025-08-20,Clothing,1263.16,2,1.02,Express,Credit Card,63,Female,City77,Not Returned,2500.5515360000004
2025-04-26,Clothing,914.31,3,35.54,Next-Day,Credit Card,57,Female,City61,Not Returned,1768.092678
2022-06-01,Clothing,1077.87,1,9.9,Next-Day,Wallet,34,Male,City47,Not Returned,971.1608699999999
2025-01-01,Clothing,1225.61,2,40.39,Standard,Credit Card,27,Male,City23,Not Returned,1461.172242
2022-03-10,Clothing,728.38,2,0.57,Next-Day,Debit Card,27,Female,City45,Not Returned,1448.4564679999999
2022-01-16,Home Appliances,493.13,3,49.49,Next-Day,Wallet,18,Male,City91,Not Returned,747.239889
2024-04-24,Home Appliances,1758.5,4,49.27,Express,Credit Card,25,Female,City16,Not Returned,3568.3482
2022-02-14,Clothing,798.75,1,41.8,Next-Day,Debit Card,46,Female,City71,Not Returned,464.87250000000006
2022-09-30,Clothing,173.5,3,43.1,Express,COD,23,Female,City84,Not Returned,296.1645
2022-01-02,Electronics,1908.55,1,47.11,Next-Day,Credit Card,46,Female,City56,Returned,1009.4320949999999
2024-11-26,Electronics,1811.82,5,20.05,Next-Day,Credit Card,58,Male,City92,Not Returned,7242.7504500000005
2024-08-03,Electronics,752.66,3,22.27,Next-Day,COD,49,Male,City42,Returned,1755.127854
2022-05-28,Electronics,747.1,5,23.83,Express,Debit Card,53,Female,City80,Not Returned,2845.33035
2022-05-05,Clothing,793.48,1,18.62,Next-Day,Credit Card,27,Male,City86,Returned,645.734024
2024-07-20,Clothing,1986.41,2,49.79,Standard,Wallet,33,Male,City68,Returned,1994.7529220000001
2024-03-23,Books,707.07,3,23.94,Next-Day,Debit Card,55,Female,City3,Not Returned,1613.392326
2024-02-29,Toys,1278.39,5,30.74,Standard,COD,47,Female,City42,Returned,4427.0645700000005
2022-03-01,Electronics,1221.28,2,13.85,Standard,Wallet,57,Female,City73,Not Returned,2104.26544
2024-04-18,Electronics,1724.18,4,15.02,Next-Day,Debit Card,38,Female,City49,Returned,5860.8326560000005
2022-12-18,Clothing,798.53,2,39.15,Standard,Debit Card,64,Female,City68,Returned,971.81101
2024-09-22,Electronics,1468.68,4,23.91,Standard,Debit Card,41,Female,City46,Returned,4470.074448
2022-10-25,Books,1510.65,2,14.47,Standard,Wallet,35,Female,City17,Not Returned,2584.11789
2023-08-19,Books,752.91,1,16.31,Next-Day,COD,24,Male,City97,Not Returned,630.110379
2022-04-16,Electronics,1268.86,1,10.06,Next-Day,Credit Card,43,Female,City57,Not Returned,1141.2126839999999
2024-09-04,Toys,1086.52,1,14.71,Express,Credit Card,18,Female,City67,Not Returned,926.692908
2023-01-15,Electronics,781.48,2,8.54,Next-Day,Debit Card,24,Male,City17,Returned,1429.483216
2024-04-02,Home Appliances,1599.12,4,22.78,Standard,Credit Card,34,Male,City72,Not Returned,4939.3618559999995
2023-03-02,Home Appliances,238.78,4,12.07,Express,COD,18,Male,City37,Not Returned,839.837016
2023-10-08,Clothing,1020.28,4,0.66,Standard,Debit Card,28,Female,City32,Not Returned,4054.1846079999996
2024-05-31,Home Appliances,1518.99,4,10.81,Standard,Wallet,29,Female,City6,Returned,5419.148724000001
2022-06-21,Electronics,1781.44,1,13.21,Express,Debit Card,18,Male,City63,Not Returned,1546.111776
2024-11-24,Toys,1787.61,4,3.21,Standard,Wallet,52,Male,City65,Not Returned,6920.910876
2023-10-26,Electronics,1358.04,1,9.12,Next-Day,Debit Card,19,Male,City35,Not Returned,1234.186752
2024-11-28,Toys,264.9,1,26.31,Next-Day,COD,39,Female,City78,Not Returned,195.20480999999998
2025-01-23,Electronics,823.18,2,11.88,Express,Wallet,49,Male,City23,Not Returned,1450.772432
2022-06-23,Electronics,950.34,3,5.37,Standard,Wallet,22,Male,City73,Not Returned,2697.920226
2022-08-08,Books,994.95,5,33.9,Express,Credit Card,35,Female,City85,Not Returned,3288.3097500000003
2025-01-16,Books,1890.45,3,25.19,Next-Day,Credit Card,20,Male,City66,Not Returned,4242.736935
2024-05-16,Electronics,810.23,3,25.45,Express,Credit Card,42,Male,City62,Not Returned,1812.0793950000002
2024-07-07,Books,1700.21,3,8.78,Standard,Debit Card,31,Male,City85,Returned,4652.794686
2022-01-26,Toys,873.95,5,3.96,Express,Wallet,58,Female,City50,Not Returned,4196.7079
2023-09-19,Home Appliances,1629.07,5,32.08,Next-Day,Debit Card,39,Male,City70,Not Returned,5532.32172
2024-07-08,Clothing,1692.41,3,14.52,Standard,Debit Card,55,Male,City24,Not Returned,4340.0162040000005
2022-10-25,Books,497.14,3,32.49,Standard,Credit Card,22,Female,City70,Not Returned,1006.857642
2023-11-27,Electronics,942.5,1,34.36,Standard,Debit Card,62,Female,City81,Returned,618.657
2024-03-16,Toys,336.91,1,43.02,Standard,Credit Card,54,Female,City16,Not Returned,191.971318
2022-07-14,Clothing,1605.45,3,44.08,Express,COD,44,Female,City80,Returned,2693.3029200000005
2024-04-07,Clothing,1865.05,1,20.01,Next-Day,Wallet,56,Female,City98,Not Returned,1491.8534949999998
2025-03-11,Electronics,1105.04,1,27.38,Express,Credit Card,52,Male,City78,Returned,802.4800479999999
2024-04-27,Home Appliances,1395.53,2,0.7,Standard,COD,59,Female,City32,Not Returned,2771.52258
2024-04-04,Clothing,1377.17,2,9.68,Express,COD,53,Male,City81,Not Returned,2487.719888
2025-08-24,Electronics,421.37,3,37.29,Standard,Credit Card,38,Female,City73,Not Returned,792.723381
2022-03-23,Books,1530.18,1,31.72,Express,Credit Card,44,Female,City11,Returned,1044.8069040000003
2023-11-24,Clothing,1806.69,1,29.27,Next-Day,COD,51,Female,City91,Not Returned,1277.8718370000001
2023-05-20,Toys,810.06,1,24.34,Standard,Credit Card,40,Male,City3,Not Returned,612.8913959999999
2024-04-05,Toys,1352.75,5,21.17,Standard,Credit Card,53,Male,City53,Returned,5331.864125
2022-06-16,Toys,1000.21,2,11.65,Express,Wallet,57,Female,City88,Not Returned,1767.37107
2022-01-15,Home Appliances,1337.5,1,41.37,Standard,Credit Card,31,Male,City69,Not Returned,784.1762500000001
2025-08-04,Home Appliances,1377.92,1,8.05,Next-Day,Credit Card,56,Male,City20,Not Returned,1266.99744
2023-09-28,Clothing,1278.54,2,39.41,Express,COD,31,Female,City70,Returned,1549.3347720000002
2024-11-09,Toys,206.69,3,40.36,Express,Debit Card,40,Female,City25,Not Returned,369.809748
2022-07-30,Clothing,572.53,2,47.49,Express,Debit Card,23,Female,City93,Returned,601.2710059999998
2024-04-14,Clothing,1514.93,4,33.75,Standard,Wallet,54,Male,City3,Not Returned,4014.5645
2023-10-11,Home Appliances,1800.13,3,43.63,Next-Day,Debit Card,30,Female,City35,Returned,3044.199843
2023-02-08,Electronics,731.87,3,21.23,Standard,Wallet,61,Female,City1,Not Returned,1729.481997
2025-07-19,Electronics,1033.58,3,43.71,Express,Wallet,52,Female,City88,Not Returned,1745.4065459999997
2024-05-09,Electronics,710.57,2,45.29,Express,Debit Card,25,Female,City82,Not Returned,777.5056940000001
2025-05-16,Clothing,1956.67,5,13.31,Next-Day,Credit Card,45,Female,City68,Returned,8481.186115
2023-03-29,Clothing,165.97,3,15.31,Standard,Wallet,20,Male,City42,Not Returned,421.67997899999995
2023-07-30,Clothing,623.12,5,32.09,Next-Day,Credit Card,57,Female,City7,Returned,2115.80396
2024-01-09,Clothing,1485.68,3,28.66,Standard,Wallet,36,Female,City50,Not Returned,3179.652336
2022-01-19,Toys,168.22,2,24.69,Next-Day,Credit Card,55,Female,City68,Not Returned,253.372964
2024-01-16,Electronics,1709.88,2,0.57,Express,Wallet,47,Female,City14,Not Returned,3400.2673680000003
2023-02-14,Electronics,1409.72,5,44.21,Express,COD,19,Female,City92,Returned,3932.413940000001
2024-10-23,Clothing,131.8,5,18.4,Express,COD,56,Female,City20,Returned,537.744
2025-07-31,Clothing,1599.11,4,28.01,Next-Day,Wallet,19,Female,City89,Not Returned,4604.797156
2023-04-28,Home Appliances,1725.38,2,33.43,Express,Credit Card,29,Female,City24,Not Returned,2297.170932
2023-12-18,Electronics,1067.51,3,31.11,Express,Credit Card,22,Female,City9,Returned,2206.222917
2025-02-19,Electronics,490.16,3,22.02,Express,Debit Card,57,Male,City60,Not Returned,1146.680304
2022-04-24,Clothing,1213.33,1,17.72,Express,Debit Card,65,Female,City43,Not Returned,998.3279239999999
2024-01-08,Books,630.43,5,17.52,Standard,Debit Card,23,Male,City50,Returned,2599.8933199999997
2023-05-21,Books,732.91,5,19.66,Next-Day,Wallet,52,Female,City22,Not Returned,2944.0994699999997
2024-02-07,Clothing,784.7,5,7.1,Next-Day,COD,32,Male,City34,Not Returned,3644.9315
2023-06-14,Toys,681.25,1,22.16,Next-Day,Debit Card,45,Male,City4,Not Returned,530.285
2022-10-01,Electronics,1312.46,5,29.75,Standard,Debit Card,39,Male,City55,Returned,4610.0157500000005
2022-07-28,Toys,514.32,1,28.89,Standard,Wallet,60,Female,City100,Not Returned,365.73295200000007
2022-10-30,Clothing,1240.95,4,15.99,Standard,Credit Card,38,Female,City46,Not Returned,4170.08838
2024-06-08,Clothing,1952.04,2,7.24,Next-Day,Debit Card,44,Male,City36,Returned,3621.424608
2024-07-06,Electronics,115.53,1,39.77,Express,Credit Card,38,Female,City76,Not Returned,69.58371899999999
2022-12-03,Clothing,1078.79,3,2.07,Express,Debit Card,19,Female,City43,Not Returned,3169.377141
2022-02-16,Clothing,1526.17,5,35.3,Express,COD,31,Male,City95,Not Returned,4937.15995
2025-03-13,Toys,827.0,1,28.23,Standard,Credit Card,38,Male,City74,Not Returned,593.5379
2025-01-13,Toys,113.48,5,46.82,Standard,Debit Card,64,Female,City22,Not Returned,301.74332000000004
2024-03-11,Toys,137.58,5,14.39,Express,Credit Card,22,Female,City30,Not Returned,588.91119
2022-04-04,Clothing,1011.67,2,36.93,Next-Day,Debit Card,35,Female,City74,Returned,1276.1205380000001
2022-02-08,Electronics,1939.66,3,14.94,Express,COD,31,Female,City18,Returned,4949.624388
2022-07-05,Electronics,1862.99,2,42.33,Express,Credit Card,49,Male,City20,Returned,2148.772666
2023-09-04,Books,1258.42,3,23.7,Standard,Debit Card,64,Male,City24,Not Returned,2880.52338
2025-03-18,Clothing,1033.6,1,47.45,Express,Credit Card,58,Male,City25,Returned,543.1567999999999
2024-12-11,Electronics,271.02,4,4.28,Next-Day,Debit Card,26,Female,City62,Not Returned,1037.681376
2025-07-14,Electronics,1292.44,2,10.53,Next-Day,COD,53,Male,City31,Not Returned,2312.692136
2024-05-08,Clothing,167.19,2,4.68,Next-Day,Wallet,35,Female,City53,Not Returned,318.731016
2022-07-06,Electronics,1947.66,2,2.61,Next-Day,Wallet,38,Male,City57,Returned,3793.652148
2025-02-11,Books,597.17,2,37.65,Next-Day,Wallet,32,Male,City59,Returned,744.6709899999998
2024-11-21,Electronics,1996.52,1,36.71,Next-Day,Credit Card,18,Male,City88,Not Returned,1263.597508
2023-08-09,Electronics,739.17,3,15.77,Express,COD,42,Male,City35,Not Returned,1867.808673
2024-06-20,Books,1463.05,4,2.7,Next-Day,COD,65,Male,City13,Not Returned,5694.1906
2023-03-07,Clothing,795.04,4,24.03,Standard,Credit Card,40,Male,City68,Not Returned,2415.967552
2024-11-16,Books,662.54,1,7.28,Standard,Debit Card,59,Female,City10,Returned,614.307088
2022-07-29,Electronics,503.1,2,3.05,Express,COD,49,Female,City89,Not Returned,975.5109000000001
2024-11-16,Home Appliances,1979.94,4,23.38,Next-Day,Credit Card,55,Male,City10,Not Returned,6068.1201120000005
2025-05-14,Toys,623.18,4,6.5,Standard,Debit Card,20,Female,City99,Not Returned,2330.6932
2023-12-04,Clothing,1231.87,1,9.48,Next-Day,Credit Card,50,Male,City90,Returned,1115.088724
2022-01-17,Toys,409.31,2,40.37,Next-Day,Credit Card,61,Male,City97,Not Returned,488.14310600000005
2025-08-12,Toys,366.33,1,4.1,Express,Wallet,22,Male,City52,Not Returned,351.31046999999995
2023-11-12,Clothing,521.39,5,3.48,Express,COD,24,Female,City66,Returned,2516.22814
2022-06-08,Clothing,107.94,4,4.01,Next-Day,Debit Card,31,Female,City87,Not Returned,414.446424
2024-03-30,Books,412.57,3,0.51,Next-Day,Wallet,50,Male,City47,Not Returned,1231.3976790000002
2022-02-12,Electronics,1900.15,3,23.78,Standard,Wallet,36,Female,City55,Not Returned,4344.88299
2023-07-21,Clothing,1438.23,2,27.84,Express,COD,25,Female,City66,Not Returned,2075.6535360000003
2023-01-19,Books,1673.44,3,49.62,Standard,Credit Card,44,Female,City64,Not Returned,2529.237216
2024-06-29,Electronics,555.05,4,32.66,Next-Day,Debit Card,59,Male,City50,Not Returned,1495.08268
2024-08-06,Toys,483.42,4,45.27,Next-Day,COD,46,Male,City20,Returned,1058.303064
2025-01-25,Books,348.54,5,22.38,Next-Day,Debit Card,26,Male,City13,Not Returned,1352.68374
2024-08-19,Electronics,867.59,5,21.63,Express,Wallet,44,Female,City10,Returned,3399.6514150000003
2024-08-11,Electronics,238.74,2,23.93,Standard,Debit Card,27,Female,City84,Returned,363.219036
2024-03-28,Electronics,1231.23,4,46.52,Standard,Wallet,56,Female,City39,Returned,2633.8472159999997
2024-08-11,Electronics,1645.64,2,44.46,Express,Wallet,30,Male,City79,Not Returned,1827.976912
2025-07-25,Clothing,947.49,5,46.15,Express,Credit Card,27,Female,City70,Not Returned,2551.1168249999996
2022-01-02,Electronics,612.07,4,25.53,Standard,Wallet,48,Female,City31,Not Returned,1823.2341159999999
2022-10-21,Toys,819.99,5,42.96,Next-Day,Debit Card,63,Female,City71,Not Returned,2338.61148
2025-08-25,Toys,1022.59,1,48.4,Next-Day,Debit Card,57,Male,City88,Returned,527.65644
2022-06-11,Clothing,581.14,5,47.1,Express,Debit Card,65,Male,City61,Not Returned,1537.1152999999997
2023-12-10,Electronics,1780.31,5,48.83,Next-Day,Wallet,41,Male,City82,Not Returned,4554.923135
2025-05-01,Clothing,1529.32,4,5.88,Standard,Wallet,44,Male,City43,Not Returned,5757.583936
2025-04-23,Books,1721.79,4,16.19,Express,Debit Card,46,Male,City94,Not Returned,5772.128796
2025-03-30,Toys,1966.68,3,36.35,Express,Debit Card,62,Female,City45,Returned,3755.37546
2024-08-26,Clothing,583.54,5,21.54,Express,COD,54,Male,City2,Not Returned,2289.2274199999997
2025-04-14,Home Appliances,1053.57,2,35.3,Express,COD,54,Male,City73,Returned,1363.3195799999999
2024-10-16,Home Appliances,789.19,4,25.54,Next-Day,Wallet,61,Female,City67,Not Returned,2350.523496
2022-01-20,Electronics,648.57,1,3.75,Express,Debit Card,28,Female,City9,Not Returned,624.2486250000001
2023-11-17,Books,1515.5,5,21.27,Express,Credit Card,64,Male,City43,Not Returned,5965.76575
2023-10-05,Electronics,896.02,4,40.45,Express,COD,28,Female,City87,Not Returned,2134.3196399999997
2025-08-04,Books,779.93,3,49.39,Express,Debit Card,58,Male,City85,Not Returned,1184.167719
2023-10-25,Electronics,685.84,4,7.71,Standard,COD,46,Female,City49,Not Returned,2531.8469440000003
2025-03-11,Clothing,1720.0,1,19.83,Next-Day,Credit Card,36,Female,City16,Returned,1378.9240000000002
2024-03-02,Books,177.06,3,9.85,Next-Day,Debit Card,31,Male,City37,Not Returned,478.85877000000005
2023-03-14,Toys,489.38,4,32.97,Express,Credit Card,59,Male,City75,Not Returned,1312.125656
2022-04-28,Electronics,1446.52,3,9.29,Next-Day,Credit Card,65,Female,City66,Not Returned,3936.414876
2022-07-03,Clothing,1491.71,4,36.08,Standard,Credit Card,32,Male,City11,Returned,3814.004128
2023-04-04,Electronics,613.19,2,38.19,Express,Wallet,39,Male,City20,Returned,758.0254780000001
2023-08-12,Home Appliances,1075.55,3,41.6,Next-Day,Debit Card,48,Male,City21,Not Returned,1884.3635999999997
2024-06-05,Clothing,1011.36,4,28.31,Express,Debit Card,41,Female,City42,Not Returned,2900.1759360000005
2024-02-20,Books,568.87,1,32.66,Next-Day,Wallet,35,Female,City82,Not Returned,383.077058
2023-10-01,Electronics,714.01,4,5.9,Standard,Debit Card,62,Male,City38,Not Returned,2687.5336399999997
2022-02-24,Clothing,1468.33,2,8.81,Next-Day,Wallet,18,Female,City10,Not Returned,2677.9402539999996
2022-10-17,Books,985.4,3,19.85,Next-Day,COD,25,Female,City47,Not Returned,2369.3943
2023-05-03,Books,334.27,4,25.62,Standard,Debit Card,19,Male,City25,Returned,994.520104
2023-01-22,Electronics,518.42,5,21.22,Next-Day,COD,49,Female,City5,Not Returned,2042.05638
2022-06-23,Electronics,1098.62,2,28.79,Express,Debit Card,46,Female,City10,Not Returned,1564.6546039999998
2022-09-01,Clothing,1964.8,5,48.96,Standard,Wallet,59,Female,City13,Not Returned,5014.169599999999
2023-08-09,Toys,473.8,1,27.54,Next-Day,Credit Card,23,Female,City7,Not Returned,343.31548000000004
2022-10-15,Electronics,1548.22,2,7.61,Express,Credit Card,65,Male,City60,Not Returned,2860.8009159999997
2024-09-24,Electronics,1714.06,5,42.21,Standard,Wallet,25,Male,City28,Not Returned,4952.77637
2023-07-15,Clothing,1987.56,5,27.29,Next-Day,Credit Card,59,Male,City90,Not Returned,7225.77438
2022-11-28,Toys,661.8,5,44.63,Next-Day,COD,45,Female,City33,Not Returned,1832.1933
2022-04-07,Clothing,801.95,1,31.13,Standard,COD,39,Male,City33,Not Returned,552.3029650000001
2025-08-20,Electronics,1347.71,3,46.64,Next-Day,Credit Card,37,Female,City12,Returned,2157.4141680000002
2024-02-03,Clothing,1904.0,1,10.87,Express,Wallet,55,Male,City39,Returned,1697.0352
2025-08-15,Electronics,955.03,3,28.79,Standard,Debit Card,39,Male,City38,Not Returned,2040.230589
2023-11-26,Books,750.98,2,34.21,Next-Day,Wallet,29,Female,City87,Not Returned,988.1394839999999
2025-02-09,Clothing,362.62,3,0.33,Next-Day,COD,59,Female,City84,Not Returned,1084.270062
2024-10-20,Electronics,1505.97,3,0.87,Express,COD,23,Female,City9,Not Returned,4478.6041829999995
2023-06-04,Electronics,608.11,3,17.69,Express,COD,29,Male,City10,Not Returned,1501.6060229999998
2022-04-21,Electronics,879.01,1,44.38,Next-Day,Credit Card,18,Female,City34,Not Returned,488.905362
2024-10-28,Books,1086.05,3,34.99,Next-Day,Wallet,23,Male,City3,Not Returned,2118.1233149999994
2023-03-12,Books,1608.63,3,15.86,Next-Day,COD,30,Male,City90,Returned,4060.5038460000005
2023-06-04,Electronics,764.67,4,38.31,Express,Credit Card,53,Female,City21,Not Returned,1886.899692
2025-09-03,Electronics,1806.1,3,41.23,Next-Day,Wallet,38,Male,City80,Not Returned,3184.33491
2022-07-01,Toys,753.79,5,28.34,Express,Debit Card,25,Female,City29,Not Returned,2700.82957
2023-05-11,Home Appliances,1717.84,2,1.6,Standard,Credit Card,55,Male,City27,Not Returned,3380.70912
2024-02-12,Books,1827.75,2,32.81,Next-Day,Debit Card,27,Female,City33,Not Returned,2456.1304499999997
2023-05-14,Electronics,990.91,1,1.42,Express,Debit Card,44,Female,City26,Not Returned,976.839078
2024-01-03,Books,753.69,4,9.81,Next-Day,Wallet,48,Male,City27,Not Returned,2719.0120440000005
2022-05-14,Toys,483.88,4,39.09,Express,Credit Card,38,Female,City5,Returned,1178.925232
2024-04-21,Electronics,600.25,5,14.85,Express,Credit Card,62,Female,City17,Not Returned,2555.564375
2022-10-13,Books,872.0,1,26.55,Express,Wallet,61,Male,City36,Not Returned,640.4839999999999
2022-05-21,Toys,678.03,2,33.51,Next-Day,Wallet,46,Male,City89,Not Returned,901.6442940000001
2022-08-24,Electronics,1049.6,4,21.41,Next-Day,Debit Card,52,Female,City93,Not Returned,3299.52256
2023-05-05,Clothing,825.16,2,19.73,Express,Wallet,47,Male,City29,Returned,1324.7118639999999
2024-06-17,Electronics,1439.96,3,1.41,Express,Debit Card,26,Male,City25,Not Returned,4258.969692
2022-07-28,Electronics,1012.91,2,14.58,Express,COD,44,Male,City28,Not Returned,1730.455444
2025-08-20,Toys,1462.09,3,22.81,Express,COD,36,Male,City36,Returned,3385.7618129999996
2025-04-08,Books,515.41,3,16.25,Next-Day,COD,61,Female,City90,Not Returned,1294.967625
2024-08-02,Clothing,565.52,3,28.85,Standard,Wallet,37,Male,City47,Not Returned,1207.10244
2023-12-08,Clothing,1327.5,1,49.42,Express,Credit Card,51,Female,City64,Not Returned,671.4495000000001
2025-02-25,Toys,1887.31,1,14.02,Next-Day,Debit Card,46,Female,City47,Not Returned,1622.709138
2025-04-25,Clothing,1526.69,5,35.2,Express,COD,38,Female,City57,Returned,4946.4756
2023-11-26,Toys,1956.18,5,38.83,Express,Wallet,43,Male,City95,Returned,5982.97653
2023-11-23,Electronics,896.1,2,7.92,Express,Credit Card,54,Female,City35,Not Returned,1650.2577600000002
2022-08-08,Electronics,1457.41,4,42.99,Next-Day,Wallet,63,Female,City8,Not Returned,3323.4777640000007
2022-06-04,Electronics,165.12,1,27.58,Next-Day,Wallet,27,Male,City58,Not Returned,119.579904
2023-02-23,Electronics,1784.64,4,22.1,Express,Credit Card,19,Male,City35,Not Returned,5560.93824
2025-03-09,Toys,411.81,4,47.9,Standard,Debit Card,46,Female,City33,Not Returned,858.21204
2024-02-16,Clothing,1576.08,1,46.45,Express,COD,40,Male,City43,Returned,843.9908399999999
2024-02-19,Home Appliances,1609.1,5,21.66,Express,Credit Card,33,Female,City81,Not Returned,6302.8447
2024-08-18,Home Appliances,1998.6,2,48.64,Express,COD,22,Female,City40,Returned,2052.96192
2022-01-27,Home Appliances,319.63,3,32.81,Next-Day,Debit Card,63,Female,City9,Not Returned,644.2781909999999
2023-04-21,Home Appliances,1882.84,1,16.98,Express,Credit Card,52,Male,City57,Not Returned,1563.133768
2025-07-18,Electronics,1217.69,1,20.65,Standard,COD,60,Female,City97,Returned,966.237015
2022-01-27,Clothing,1174.9,2,28.18,Express,Wallet,35,Female,City30,Returned,1687.62636
2025-07-21,Toys,942.79,2,14.29,Express,Credit Card,25,Male,City76,Not Returned,1616.130618
2025-02-24,Clothing,682.71,1,49.8,Standard,Credit Card,42,Female,City93,Not Returned,342.72042000000005
2024-02-15,Electronics,1094.31,5,43.69,Express,Debit Card,26,Female,City63,Not Returned,3081.0298049999997
2023-09-22,Clothing,354.69,4,38.21,Express,Wallet,29,Male,City44,Returned,876.651804
2022-02-11,Clothing,1610.5,1,38.62,Standard,COD,42,Male,City28,Returned,988.5249
2023-08-08,Electronics,794.85,3,0.32,Next-Day,Debit Card,45,Female,City65,Returned,2376.91944
2022-11-21,Clothing,246.84,4,25.33,Standard,Credit Card,58,Female,City53,Returned,737.261712
2023-03-09,Books,688.89,4,13.92,Standard,Debit Card,22,Female,City93,Not Returned,2371.9860479999998
2024-08-26,Toys,775.1,2,40.5,Express,COD,48,Male,City11,Not Returned,922.369
2024-07-04,Toys,602.74,1,11.85,Next-Day,Wallet,59,Male,City74,Returned,531.31531
2023-08-19,Books,1744.96,4,39.96,Next-Day,COD,37,Male,City78,Not Returned,4190.695936
2022-02-25,Electronics,1301.96,4,25.6,Next-Day,COD,21,Female,City14,Not Returned,3874.63296
2024-12-04,Electronics,613.23,3,28.69,Express,Credit Card,18,Male,City54,Returned,1311.882939
2025-09-01,Clothing,342.2,5,16.07,Standard,Wallet,21,Female,City49,Not Returned,1436.0422999999998
2022-12-31,Clothing,1953.77,1,0.74,Standard,COD,65,Female,City45,Not Returned,1939.312102
2024-04-19,Home Appliances,792.48,4,48.07,Next-Day,Wallet,23,Male,City61,Not Returned,1646.1394559999999
2023-10-06,Clothing,1775.42,2,34.49,Standard,Wallet,58,Male,City36,Returned,2326.155284
2025-08-21,Clothing,1534.65,2,29.51,Express,COD,28,Female,City64,Not Returned,2163.54957
2022-08-17,Electronics,1328.66,5,22.73,Next-Day,COD,62,Male,City7,Not Returned,5133.27791
2022-12-14,Clothing,980.93,4,11.43,Express,COD,19,Male,City24,Not Returned,3475.238804
2024-10-08,Clothing,1529.46,3,5.12,Next-Day,Wallet,64,Female,City70,Not Returned,4353.454944
2024-02-14,Electronics,516.81,2,27.49,Standard,COD,57,Female,City63,Returned,749.477862
2023-10-20,Books,1240.76,2,31.41,Next-Day,COD,26,Female,City98,Returned,1702.0745679999998
2024-09-06,Electronics,1461.12,5,21.29,Standard,Credit Card,22,Female,City100,Returned,5750.23776
2022-05-06,Clothing,421.78,5,18.06,Express,Debit Card,64,Male,City16,Not Returned,1728.0326599999999
2025-04-26,Electronics,1787.92,3,34.35,Next-Day,Credit Card,54,Male,City33,Returned,3521.30844
2024-04-07,Home Appliances,841.74,3,26.94,Express,COD,29,Male,City70,Not Returned,1844.925732
2024-04-29,Home Appliances,1523.23,5,29.03,Express,Wallet,47,Female,City70,Returned,5405.181654999999
2025-06-03,Electronics,1746.91,3,30.16,Express,Wallet,44,Male,City7,Not Returned,3660.1258320000006
2025-06-15,Books,1423.3,4,15.56,Express,Debit Card,38,Female,City14,Not Returned,4807.33808
2022-08-24,Clothing,829.43,4,40.68,Standard,Wallet,52,Female,City86,Not Returned,1968.0715039999998
2022-06-06,Clothing,1781.78,4,29.17,Standard,Wallet,26,Male,City45,Not Returned,5048.139095999999
2023-12-24,Clothing,1131.04,1,12.52,Next-Day,Wallet,18,Female,City46,Returned,989.433792
2023-08-01,Clothing,1566.07,1,27.2,Standard,Credit Card,45,Male,City51,Not Returned,1140.09896
2023-07-08,Clothing,461.02,3,35.56,Express,Credit Card,28,Male,City86,Returned,891.2438639999999
2022-03-13,Clothing,459.57,4,4.24,Next-Day,Credit Card,60,Male,City82,Not Returned,1760.336928
2025-07-06,Clothing,1320.56,4,3.19,Standard,Wallet,31,Male,City9,Returned,5113.736543999999
2023-12-26,Home Appliances,895.24,2,2.66,Next-Day,Credit Card,65,Male,City3,Not Returned,1742.8532320000002
2023-02-05,Clothing,1985.41,4,11.81,Next-Day,Wallet,63,Male,City55,Returned,7003.7323160000005
2023-10-10,Electronics,1186.67,5,41.92,Standard,COD,23,Male,City66,Not Returned,3446.08968
2025-03-27,Clothing,678.49,4,26.34,Next-Day,Credit Card,40,Male,City41,Not Returned,1999.1029359999998
2022-12-30,Clothing,754.85,5,19.22,Express,COD,27,Female,City76,Returned,3048.8391500000002
2024-11-25,Electronics,203.38,3,38.4,Standard,Credit Card,41,Male,City88,Not Returned,375.84623999999997
2024-08-31,Electronics,528.01,3,14.41,Next-Day,Wallet,18,Male,City53,Not Returned,1355.771277
2023-06-07,Toys,1338.8,1,34.74,Standard,Debit Card,26,Male,City90,Not Returned,873.7008799999999
2023-05-20,Clothing,278.73,5,4.85,Next-Day,Debit Card,48,Female,City86,Not Returned,1326.0579750000002
2024-01-07,Books,1969.97,4,14.93,Standard,COD,65,Female,City27,Returned,6703.413916
2022-08-25,Toys,1806.56,5,36.29,Express,Wallet,28,Female,City68,Not Returned,5754.79688
2023-10-04,Electronics,1706.13,1,32.89,Standard,COD,62,Female,City47,Not Returned,1144.9838430000002
2024-06-14,Toys,1186.76,2,27.63,Standard,COD,47,Female,City34,Not Returned,1717.716424
2023-04-30,Toys,568.52,5,9.71,Next-Day,Wallet,60,Male,City44,Not Returned,2566.58354
2022-01-19,Toys,1363.78,5,1.84,Standard,Credit Card,34,Female,City35,Not Returned,6693.43224
2022-08-19,Books,1560.16,2,1.09,Standard,COD,25,Male,City86,Not Returned,3086.308512
2022-07-15,Clothing,503.6,1,14.39,Standard,COD,25,Female,City82,Returned,431.13196
2022-03-31,Toys,543.53,2,14.78,Express,Debit Card,63,Male,City23,Not Returned,926.3925320000001
2022-05-12,Clothing,953.64,1,38.81,Express,Debit Card,44,Male,City99,Returned,583.532316
2023-08-15,Clothing,207.99,1,0.76,Standard,COD,50,Female,City98,Not Returned,206.409276
2022-02-12,Electronics,1281.89,4,2.89,Standard,COD,40,Female,City8,Not Returned,4979.373516000001
2025-01-22,Books,937.01,4,38.85,Express,Wallet,24,Female,City10,Not Returned,2291.9264599999997
2023-02-02,Toys,1122.07,5,0.25,Next-Day,Debit Card,44,Male,City81,Not Returned,5596.324125
2025-05-11,Books,1568.75,1,16.6,Next-Day,Wallet,50,Male,City1,Not Returned,1308.3374999999999
2024-11-29,Toys,823.05,3,27.17,Next-Day,Debit Card,19,Male,City1,Returned,1798.2819449999995
2024-03-02,Clothing,919.02,2,18.12,Express,Credit Card,65,Female,City44,Returned,1504.987152
2022-01-08,Toys,1465.9,2,38.24,Express,Credit Card,19,Male,City83,Returned,1810.67968
2023-01-06,Home Appliances,1489.07,4,18.74,Next-Day,Credit Card,55,Male,City62,Not Returned,4840.073128
2025-06-22,Electronics,1804.28,2,47.96,Next-Day,Wallet,62,Male,City66,Not Returned,1877.8946239999998
2024-09-05,Books,1485.16,4,46.2,Standard,COD,47,Female,City56,Not Returned,3196.0643200000004
2024-11-07,Clothing,1757.5,4,21.06,Express,Credit Card,43,Male,City96,Returned,5549.482
2023-02-14,Books,1604.68,2,44.95,Standard,Wallet,54,Male,City40,Not Returned,1766.75268
2024-08-19,Toys,1886.72,1,39.68,Standard,COD,27,Male,City90,Returned,1138.0695039999998
2023-10-03,Toys,881.72,3,8.96,Standard,COD,55,Female,City44,Returned,2408.153664
2022-05-24,Home Appliances,382.51,1,47.27,Standard,Debit Card,34,Male,City91,Not Returned,201.697523
2025-08-19,Clothing,355.86,2,21.94,Express,Debit Card,39,Male,City30,Not Returned,555.568632
2025-06-28,Clothing,1201.32,1,40.45,Standard,Wallet,20,Male,City31,Not Returned,715.3860599999998
2023-05-15,Books,539.79,4,20.62,Express,Credit Card,53,Male,City74,Returned,1713.9412079999997
2023-09-28,Clothing,655.77,3,36.54,Next-Day,Credit Card,19,Male,City11,Not Returned,1248.4549260000001
2023-05-28,Books,1757.48,4,19.81,Express,Credit Card,48,Female,City54,Not Returned,5637.292848
2024-07-31,Home Appliances,1129.34,1,44.18,Next-Day,Debit Card,51,Male,City31,Not Returned,630.397588
2025-08-13,Books,522.84,1,18.05,Standard,COD,50,Male,City82,Not Returned,428.46738000000005
2024-11-06,Electronics,981.61,5,28.07,Standard,Credit Card,45,Female,City79,Not Returned,3530.3603650000005
2022-05-18,Home Appliances,1937.51,1,7.37,Next-Day,COD,43,Male,City25,Not Returned,1794.715513
2024-01-26,Clothing,983.89,4,27.07,Next-Day,Credit Card,58,Male,City20,Not Returned,2870.2039080000004
2024-12-31,Toys,1710.74,3,38.97,Standard,COD,58,Female,City55,Not Returned,3132.1938660000005
2022-08-14,Books,747.17,4,27.61,Standard,Wallet,43,Male,City65,Not Returned,2163.505452
2023-08-20,Clothing,1076.55,4,45.66,Next-Day,COD,56,Female,City38,Returned,2339.9890800000003
2024-04-12,Toys,690.82,1,24.92,Next-Day,Credit Card,18,Male,City86,Not Returned,518.6676560000001
2022-12-13,Clothing,1940.48,2,7.85,Next-Day,Credit Card,35,Male,City93,Not Returned,3576.30464
2023-11-12,Electronics,1812.05,2,31.19,Standard,Debit Card,20,Male,City86,Not Returned,2493.7432099999996
2025-01-30,Electronics,962.79,1,24.33,Next-Day,Credit Card,36,Male,City68,Not Returned,728.543193
2023-06-19,Clothing,1273.75,3,48.15,Next-Day,COD,50,Female,City71,Not Returned,1981.3181249999998
2023-12-30,Toys,1511.06,3,13.86,Express,COD,61,Female,City66,Returned,3904.881252
2022-11-30,Toys,758.67,3,38.4,Standard,COD,19,Male,City30,Not Returned,1402.0221599999998
2022-06-21,Books,631.06,1,10.91,Standard,Wallet,54,Female,City28,Not Returned,562.2113539999999
2025-02-19,Toys,380.14,4,21.09,Express,Wallet,18,Female,City62,Not Returned,1199.873896
2024-06-19,Home Appliances,658.85,1,3.03,Express,Wallet,19,Female,City9,Not Returned,638.886845
2023-06-17,Electronics,424.19,4,36.24,Next-Day,COD,50,Female,City39,Returned,1081.8541759999998
2025-05-19,Clothing,1280.56,3,44.66,Next-Day,Wallet,37,Male,City93,Not Returned,2125.985712
2023-02-08,Electronics,1628.75,3,16.58,Standard,COD,20,Female,City50,Not Returned,4076.10975
2024-06-26,Books,1797.67,4,35.73,Express,Wallet,47,Male,City48,Not Returned,4621.450036
2022-08-03,Toys,1212.93,5,18.78,Standard,Wallet,65,Female,City16,Not Returned,4925.70873
2024-02-13,Home Appliances,426.19,4,22.1,Express,Credit Card,58,Female,City54,Not Returned,1328.00804
2025-03-15,Electronics,351.26,1,23.83,Express,Debit Card,34,Female,City41,Returned,267.55474200000003
2024-07-24,Clothing,1681.25,1,3.77,Standard,Wallet,57,Female,City38,Returned,1617.8668750000002
2025-07-14,Home Appliances,763.73,4,18.62,Express,Debit Card,53,Male,City1,Not Returned,2486.093896
2025-01-27,Clothing,1565.94,5,23.99,Express,Debit Card,49,Female,City46,Returned,5951.35497
2023-11-28,Home Appliances,813.76,2,45.42,Express,Wallet,32,Male,City66,Not Returned,888.300416
2022-03-23,Electronics,1594.04,4,30.79,Express,Credit Card,36,Male,City70,Returned,4412.940336
2022-09-04,Toys,1316.72,5,4.91,Standard,COD,39,Male,City38,Not Returned,6260.345240000001
2022-08-07,Electronics,1496.53,1,7.8,Express,Debit Card,51,Male,City4,Not Returned,1379.80066
2022-02-02,Electronics,1251.07,4,12.39,Standard,Debit Card,60,Male,City17,Not Returned,4384.249707999999
2024-07-12,Electronics,1815.13,1,17.72,Next-Day,Credit Card,21,Female,City41,Not Returned,1493.4889640000001
2022-11-28,Clothing,484.85,1,47.16,Next-Day,Credit Card,26,Female,City91,Returned,256.19474
2025-07-18,Clothing,905.21,3,36.53,Express,Debit Card,48,Female,City54,Returned,1723.6103610000002
2024-01-16,Electronics,1194.74,4,9.51,Express,Credit Card,51,Male,City61,Returned,4324.480904
2023-08-22,Clothing,1176.0,5,24.12,Standard,Credit Card,22,Male,City43,Not Returned,4461.744000000001
2024-12-27,Clothing,1356.26,4,27.03,Next-Day,Wallet,23,Male,City74,Returned,3958.651688
2024-12-29,Toys,912.58,5,29.83,Next-Day,COD,52,Male,City61,Returned,3201.78693
2024-08-29,Home Appliances,708.08,2,10.15,Next-Day,Wallet,60,Female,City40,Not Returned,1272.41976
2022-02-16,Home Appliances,1886.31,2,35.68,Next-Day,Credit Card,25,Male,City4,Returned,2426.549184
2024-05-29,Clothing,1969.18,3,45.63,Next-Day,Wallet,19,Female,City16,Not Returned,3211.929498
2022-08-31,Books,1739.04,2,34.45,Next-Day,Wallet,51,Female,City46,Not Returned,2279.8814399999997
2023-05-20,Clothing,1147.68,1,26.38,Next-Day,COD,22,Female,City97,Not Returned,844.922016
2022-06-26,Clothing,186.67,2,27.45,Standard,Debit Card,44,Female,City49,Returned,270.85817
2024-06-07,Books,763.81,3,31.44,Express,Debit Card,33,Female,City90,Not Returned,1571.0044079999998
2025-03-18,Electronics,914.33,5,12.77,Next-Day,Credit Card,61,Female,City12,Not Returned,3987.850295
2022-07-17,Toys,976.02,5,15.72,Next-Day,Credit Card,28,Female,City38,Not Returned,4112.9482800000005
2023-09-12,Clothing,1628.44,1,12.14,Standard,COD,35,Male,City41,Not Returned,1430.7473840000002
2024-05-28,Clothing,1735.07,3,18.65,Standard,COD,35,Male,City72,Not Returned,4234.438335
2022-06-27,Clothing,1506.59,1,4.99,Standard,Wallet,48,Male,City33,Not Returned,1431.4111589999998
2025-03-30,Electronics,448.37,5,20.92,Standard,COD,51,Female,City43,Not Returned,1772.8549799999998
2024-04-13,Toys,1432.61,3,10.17,Standard,Credit Card,27,Female,City94,Not Returned,3860.7406889999997
2023-07-24,Electronics,1366.87,1,27.06,Express,Wallet,36,Female,City97,Not Returned,996.994978
2023-05-01,Home Appliances,1405.38,3,35.12,Next-Day,Debit Card,45,Male,City4,Returned,2735.4316320000003
2024-04-16,Clothing,876.14,4,10.79,Standard,Credit Card,24,Male,City35,Not Returned,3126.417976
2023-08-29,Clothing,848.87,1,32.25,Express,COD,37,Male,City19,Not Returned,575.109425
2025-05-03,Books,1467.0,5,4.05,Standard,COD,22,Male,City4,Not Returned,7037.9325
2023-05-12,Clothing,409.21,1,31.61,Standard,Wallet,32,Male,City69,Returned,279.85871899999995
2025-01-28,Electronics,1919.6,3,38.09,Express,Wallet,19,Male,City24,Not Returned,3565.2730799999995
2024-08-21,Toys,303.97,5,43.08,Standard,Wallet,61,Male,City37,Not Returned,865.0986200000001
2023-03-21,Clothing,283.76,5,10.18,Standard,COD,54,Male,City17,Returned,1274.36616
2023-05-30,Home Appliances,1766.7,3,10.48,Standard,COD,43,Male,City48,Returned,4744.64952
2022-09-02,Electronics,1764.74,2,0.65,Next-Day,Debit Card,65,Female,City44,Not Returned,3506.5383800000004
2025-09-02,Clothing,1471.27,3,44.42,Express,Credit Card,63,Male,City37,Not Returned,2453.1955979999993
2022-06-24,Clothing,1443.21,4,24.11,Next-Day,Wallet,18,Male,City75,Not Returned,4381.0082760000005
2025-08-14,Books,465.8,5,38.2,Next-Day,COD,21,Male,City60,Not Returned,1439.322
2024-03-23,Clothing,886.9,5,16.26,Next-Day,COD,30,Female,City21,Not Returned,3713.4502999999995
2024-07-31,Toys,441.79,1,21.6,Next-Day,Wallet,39,Male,City77,Not Returned,346.36336000000006
2024-12-13,Clothing,715.2,3,48.62,Standard,COD,64,Female,City65,Not Returned,1102.4092800000003
2022-08-26,Clothing,1334.25,5,17.76,Standard,COD,33,Female,City84,Not Returned,5486.436
2023-03-16,Books,1922.32,3,37.63,Next-Day,Wallet,44,Female,City74,Returned,3596.8529519999997
2025-03-27,Clothing,1808.51,3,23.48,Next-Day,Debit Card,64,Male,City48,Not Returned,4151.615556
2023-04-01,Home Appliances,1113.45,5,47.76,Next-Day,Debit Card,40,Female,City91,Returned,2908.3314
2022-06-19,Toys,1257.54,1,19.63,Express,Debit Card,37,Female,City59,Not Returned,1010.684898
2022-08-02,Clothing,1502.42,4,4.2,Standard,COD,45,Female,City3,Not Returned,5757.27344
2024-02-06,Electronics,281.05,2,45.7,Next-Day,COD,43,Female,City89,Not Returned,305.22029999999995
2024-06-14,Electronics,623.4,1,28.81,Standard,COD,28,Female,City18,Not Returned,443.79846
2023-09-12,Clothing,449.59,3,45.2,Next-Day,COD,56,Male,City16,Not Returned,739.1259600000001
2025-04-10,Home Appliances,499.95,4,45.06,Standard,COD,63,Female,City4,Not Returned,1098.69012
2024-08-01,Home Appliances,945.6,1,0.25,Next-Day,Wallet,51,Male,City40,Not Returned,943.2360000000001
2022-10-13,Clothing,698.91,2,2.29,Next-Day,Wallet,24,Female,City94,Not Returned,1365.809922
2024-10-28,Electronics,1956.8,1,23.38,Next-Day,COD,63,Female,City71,Not Returned,1499.30016
2025-07-16,Clothing,341.67,3,31.29,Express,Debit Card,43,Female,City35,Not Returned,704.2843710000001
2024-07-09,Clothing,293.4,3,13.75,Express,Wallet,32,Female,City20,Not Returned,759.1725
2025-07-19,Home Appliances,1773.91,5,39.22,Standard,Debit Card,25,Male,City8,Not Returned,5390.912490000001
2024-06-16,Toys,502.51,3,42.17,Express,Wallet,27,Female,City20,Returned,871.804599
2024-11-26,Clothing,272.66,3,22.47,Next-Day,Credit Card,27,Female,City89,Not Returned,634.179894
2024-07-29,Books,122.58,4,7.9,Standard,Debit Card,32,Female,City90,Not Returned,451.58472
2024-01-02,Toys,1320.31,3,33.95,Standard,COD,53,Female,City88,Not Returned,2616.1942649999996
2022-01-13,Clothing,500.91,2,36.68,Express,COD,38,Female,City51,Returned,634.352424
2023-06-03,Clothing,338.69,4,4.46,Express,Wallet,46,Female,City86,Not Returned,1294.337704
2024-10-07,Toys,1915.64,3,4.64,Express,COD,39,Male,City69,Not Returned,5480.262912
2023-09-28,Electronics,1309.35,4,7.07,Standard,COD,41,Female,City100,Not Returned,4867.11582
2023-11-28,Books,1132.58,1,2.68,Standard,Wallet,55,Male,City43,Not Returned,1102.2268559999998
2025-06-20,Clothing,1531.75,2,47.87,Express,Debit Card,26,Female,City80,Not Returned,1597.0025500000004
2023-11-09,Toys,764.58,2,5.06,Standard,Debit Card,64,Female,City67,Not Returned,1451.7845040000002
2024-10-03,Clothing,397.36,4,15.54,Express,Wallet,56,Female,City40,Not Returned,1342.441024
2023-10-12,Clothing,487.22,5,19.15,Next-Day,Debit Card,36,Female,City81,Not Returned,1969.5868500000004
2025-03-06,Clothing,1073.11,5,0.09,Express,Wallet,60,Female,City63,Returned,5360.721004999999
2023-12-12,Books,574.82,5,34.45,Standard,Debit Card,65,Female,City38,Not Returned,1883.9725500000002
2023-09-23,Clothing,1701.33,4,37.68,Next-Day,Credit Card,25,Female,City46,Returned,4241.075424
2022-02-20,Toys,119.0,5,45.04,Standard,Debit Card,59,Female,City62,Returned,327.01200000000006
2022-11-02,Toys,739.76,4,36.94,Express,Credit Card,46,Female,City7,Returned,1865.970624
2025-07-16,Electronics,1851.32,4,1.26,Next-Day,Credit Card,24,Female,City91,Not Returned,7311.973472000001
2022-02-13,Home Appliances,762.5,1,22.35,Next-Day,Credit Card,37,Male,City35,Not Returned,592.08125
2022-01-29,Toys,236.0,1,27.81,Express,COD,49,Female,City3,Not Returned,170.3684
2022-10-24,Toys,392.42,5,5.68,Standard,Debit Card,55,Male,City98,Not Returned,1850.6527200000003
2023-11-26,Electronics,413.61,3,46.12,Next-Day,Debit Card,53,Male,City57,Not Returned,668.5592039999999
2024-09-19,Home Appliances,512.39,2,11.14,Standard,Credit Card,19,Male,City39,Returned,910.619508
2025-04-22,Toys,1443.0,5,44.91,Express,COD,49,Male,City93,Not Returned,3974.7435000000005
2024-02-04,Home Appliances,1225.49,5,20.05,Next-Day,Credit Card,34,Male,City34,Not Returned,4898.896275
2022-05-24,Electronics,112.08,4,27.94,Standard,Debit Card,63,Female,City74,Not Returned,323.05939199999995
2023-08-11,Toys,707.99,3,41.5,Next-Day,Debit Card,31,Male,City17,Not Returned,1242.5224500000002
2024-11-16,Toys,1744.96,1,45.4,Express,COD,20,Male,City83,Not Returned,952.7481600000001
2023-03-22,Electronics,270.23,3,0.24,Standard,Wallet,58,Male,City75,Returned,808.7443440000001
2025-03-11,Electronics,1047.44,1,26.91,Express,Credit Card,43,Male,City50,Not Returned,765.573896
2023-10-24,Clothing,404.69,5,5.26,Next-Day,Wallet,18,Male,City22,Not Returned,1917.01653
2024-07-22,Toys,1669.44,1,34.87,Express,Debit Card,41,Male,City100,Not Returned,1087.306272
2023-01-01,Clothing,816.33,2,4.79,Next-Day,Debit Card,31,Male,City9,Not Returned,1554.455586
2023-12-30,Home Appliances,835.35,3,48.08,Next-Day,Debit Card,23,Female,City79,Not Returned,1301.1411600000001
2023-07-03,Books,1132.53,1,24.22,Express,COD,61,Female,City85,Not Returned,858.231234
2023-11-29,Clothing,1445.67,4,39.25,Express,COD,64,Female,City84,Returned,3512.9781
2022-08-12,Home Appliances,1200.88,2,44.53,Standard,Debit Card,30,Male,City76,Not Returned,1332.256272
2022-02-11,Electronics,1274.64,2,0.58,Next-Day,Debit Card,64,Male,City10,Not Returned,2534.494176
2024-07-25,Clothing,688.79,3,32.05,Standard,Wallet,35,Female,City61,Returned,1404.098415
2022-04-05,Electronics,534.48,1,21.44,Express,COD,58,Female,City62,Not Returned,419.887488
2025-06-07,Toys,1437.26,3,9.45,Express,Wallet,23,Male,City86,Not Returned,3904.31679
2024-06-03,Electronics,996.72,4,33.6,Express,Credit Card,36,Male,City29,Returned,2647.2883199999997
2022-08-30,Toys,1814.08,4,8.94,Express,Credit Card,22,Female,City58,Not Returned,6607.604992
2023-09-03,Books,1970.52,3,19.56,Next-Day,COD,62,Female,City4,Not Returned,4755.258863999999
2025-01-21,Toys,1529.84,2,48.71,Next-Day,Credit Card,25,Male,City57,Not Returned,1569.3098719999996
2024-08-16,Electronics,420.41,5,19.99,Express,Credit Card,22,Male,City76,Not Returned,1681.8502050000002
2022-05-04,Electronics,412.46,1,8.85,Standard,Credit Card,51,Female,City65,Not Returned,375.95728999999994
2022-12-12,Clothing,237.34,3,48.21,Standard,Credit Card,31,Female,City3,Returned,368.755158
2024-11-17,Books,235.49,1,19.22,Express,COD,48,Female,City64,Not Returned,190.22882200000004
2024-04-14,Clothing,1558.42,4,20.24,Express,COD,37,Female,City25,Not Returned,4971.983168
2025-02-03,Toys,1139.77,3,34.3,Express,Credit Card,42,Female,City90,Not Returned,2246.4866700000002
2024-09-14,Books,1481.87,2,32.41,Next-Day,Debit Card,43,Male,City73,Not Returned,2003.1918660000001
2025-04-06,Electronics,232.01,4,19.18,Standard,COD,37,Female,City14,Not Returned,750.041928
2025-04-01,Electronics,936.93,5,4.07,Express,Wallet,57,Female,City46,Returned,4493.984745
2024-08-29,Toys,347.28,2,1.89,Next-Day,Wallet,32,Female,City24,Not Returned,681.4328159999999
2023-01-15,Electronics,277.58,2,11.86,Next-Day,Wallet,34,Male,City16,Not Returned,489.3180239999999
2023-08-29,Toys,1196.62,1,32.04,Next-Day,COD,23,Male,City59,Returned,813.2229519999999
2022-06-24,Electronics,144.79,2,23.75,Next-Day,Wallet,57,Male,City69,Returned,220.80474999999998
2025-08-07,Books,199.99,4,5.8,Express,Debit Card,49,Female,City66,Not Returned,753.56232
2024-07-08,Clothing,1639.91,5,36.72,Standard,Debit Card,23,Female,City47,Not Returned,5188.6752400000005
2023-09-06,Books,429.68,4,48.01,Next-Day,Credit Card,29,Female,City8,Returned,893.562528
2022-12-18,Electronics,428.0,1,47.56,Next-Day,COD,63,Female,City75,Not Returned,224.4432
2025-05-12,Toys,1076.06,3,30.46,Standard,Credit Card,22,Male,City36,Not Returned,2244.8763719999997
2024-05-01,Clothing,337.22,3,11.41,Express,Credit Card,21,Male,City48,Not Returned,896.2295940000001
2023-12-23,Clothing,1302.5,2,4.59,Standard,Credit Card,27,Male,City81,Returned,2485.4305
2022-10-14,Clothing,1297.78,2,11.03,Standard,Wallet,42,Male,City35,Returned,2309.269732
2023-05-30,Toys,1582.6,4,18.06,Standard,Debit Card,25,Male,City12,Returned,5187.12976
2024-02-22,Books,731.74,2,10.65,Express,Wallet,60,Male,City24,Not Returned,1307.6193799999999
2025-01-14,Electronics,488.76,2,47.67,Express,Credit Card,47,Female,City88,Not Returned,511.53621599999997
2025-03-07,Books,1338.47,2,36.93,Express,Wallet,49,Female,City97,Returned,1688.346058
2024-04-07,Books,1645.28,2,47.84,Next-Day,Credit Card,59,Female,City9,Not Returned,1716.3560959999998
2023-08-10,Toys,1177.36,5,39.56,Next-Day,COD,21,Male,City4,Not Returned,3557.9819199999997
2023-12-29,Clothing,509.96,2,39.0,Standard,COD,22,Male,City52,Not Returned,622.1512
2022-11-12,Clothing,226.38,4,44.17,Standard,Credit Card,57,Male,City60,Returned,505.55181600000003
2025-06-25,Clothing,815.15,5,24.88,Next-Day,Credit Card,43,Male,City62,Returned,3061.7034
2022-11-14,Books,101.63,1,19.97,Express,Credit Card,31,Female,City49,Not Returned,81.33448899999999
2023-01-04,Clothing,1525.05,4,13.77,Standard,COD,18,Male,City51,Not Returned,5260.20246
2024-02-27,Electronics,1462.8,2,44.92,Standard,Credit Card,18,Male,City78,Not Returned,1611.4204799999998
2023-07-13,Electronics,1200.24,3,13.66,Next-Day,Wallet,47,Male,City55,Returned,3108.861648
2022-04-22,Electronics,311.51,3,37.74,Next-Day,Credit Card,33,Male,City26,Returned,581.838378
2023-09-30,Clothing,867.27,4,25.34,Standard,COD,55,Female,City40,Returned,2590.0151279999995
2023-05-11,Books,1861.03,2,38.68,Next-Day,Wallet,20,Male,City88,Not Returned,2282.3671919999997
2024-10-17,Toys,711.24,3,43.18,Next-Day,COD,29,Female,City69,Not Returned,1212.3797040000002
2023-03-31,Home Appliances,1386.09,4,40.75,Express,COD,45,Female,City21,Returned,3285.0333
2023-12-20,Electronics,1456.21,3,11.83,Next-Day,Wallet,20,Female,City51,Not Returned,3851.8210710000003
2022-05-06,Clothing,183.67,4,44.14,Standard,Debit Card,46,Female,City70,Returned,410.39224799999994
2023-07-25,Clothing,1815.28,5,27.85,Standard,COD,25,Female,City22,Not Returned,6548.6226
2024-10-29,Home Appliances,1031.19,4,6.85,Next-Day,Debit Card,40,Male,City31,Not Returned,3842.21394
2024-09-02,Electronics,1606.21,3,1.96,Express,Debit Card,65,Female,City69,Returned,4724.184852
2023-08-09,Home Appliances,1513.55,2,31.66,Standard,Debit Card,48,Male,City83,Returned,2068.72014
2024-02-10,Clothing,1618.94,5,28.72,Express,Wallet,53,Female,City17,Returned,5769.902160000001
2024-11-18,Toys,548.88,2,15.99,Standard,COD,25,Male,City100,Not Returned,922.228176
2022-07-30,Toys,939.6,5,4.58,Next-Day,Debit Card,37,Female,City2,Not Returned,4482.8316
2022-11-04,Electronics,1803.66,4,15.53,Standard,Debit Card,52,Male,City49,Not Returned,6094.206408
2022-09-26,Clothing,267.24,1,1.59,Next-Day,Wallet,63,Male,City79,Not Returned,262.990884
2024-04-13,Clothing,797.64,3,40.85,Next-Day,Credit Card,59,Male,City77,Returned,1415.4121799999998
2023-07-08,Electronics,919.97,4,26.12,Express,COD,60,Female,City52,Not Returned,2718.695344
2022-02-15,Clothing,514.68,2,32.27,Express,Wallet,29,Female,City13,Returned,697.185528
2024-03-09,Home Appliances,1830.82,5,41.3,Standard,Credit Card,44,Female,City9,Returned,5373.4567
2023-11-16,Electronics,643.79,3,43.5,Standard,Wallet,56,Female,City51,Not Returned,1091.2240499999998
2024-03-28,Toys,1551.03,1,43.67,Next-Day,Credit Card,31,Male,City56,Not Returned,873.6951989999999
2023-07-27,Clothing,1642.7,4,5.99,Next-Day,COD,37,Male,City51,Not Returned,6177.2090800000005
2025-04-02,Electronics,1582.64,3,1.07,Express,COD,34,Male,City11,Not Returned,4697.1172559999995
2025-09-02,Electronics,1229.93,3,8.1,Express,Credit Card,49,Female,City27,Not Returned,3390.91701
2023-12-27,Home Appliances,1928.08,5,22.65,Express,COD,30,Male,City14,Not Returned,7456.8494
2024-02-24,Clothing,965.02,3,12.14,Express,Credit Card,49,Female,City10,Returned,2543.599716
2025-03-17,Clothing,1742.22,4,32.14,Standard,Debit Card,20,Female,City89,Returned,4729.0819679999995
2025-07-01,Electronics,1414.19,3,35.75,Express,Debit Card,45,Male,City19,Not Returned,2725.8512250000003
2022-03-01,Clothing,1355.12,5,4.55,Standard,Debit Card,44,Male,City71,Not Returned,6467.3102
2024-03-23,Clothing,1328.25,4,11.36,Express,Credit Card,58,Female,City51,Not Returned,4709.4432
2023-09-09,Books,1685.24,4,26.6,Standard,Wallet,35,Female,City67,Not Returned,4947.86464
2023-05-25,Electronics,1866.11,4,16.27,Express,Wallet,45,Female,City37,Not Returned,6249.975612
2022-11-03,Toys,246.02,3,1.92,Standard,Wallet,59,Female,City89,Not Returned,723.8892480000001
2025-02-25,Electronics,1444.92,1,32.18,Express,COD,18,Female,City94,Not Returned,979.9447440000001
2024-11-12,Electronics,1493.25,1,7.11,Express,Wallet,19,Male,City27,Returned,1387.079925
2024-11-15,Toys,1688.56,4,20.19,Next-Day,Credit Card,38,Female,City55,Not Returned,5390.558944
2025-07-15,Toys,151.66,1,16.93,Express,Wallet,33,Female,City87,Returned,125.98396199999999
2024-09-06,Electronics,752.93,1,36.64,Standard,COD,41,Female,City79,Not Returned,477.05644799999993
2022-01-27,Clothing,840.31,5,34.25,Next-Day,COD,40,Female,City16,Returned,2762.5191249999993
2025-08-03,Clothing,985.47,4,9.36,Next-Day,COD,23,Male,City67,Not Returned,3572.920032
2025-02-25,Home Appliances,1563.68,2,0.38,Express,Debit Card,56,Male,City99,Not Returned,3115.476032
2022-08-22,Electronics,1681.48,4,8.87,Standard,Wallet,64,Female,City81,Not Returned,6129.330896
2023-05-22,Clothing,575.04,5,17.56,Standard,Credit Card,19,Female,City1,Not Returned,2370.31488
2024-02-13,Electronics,1141.89,5,34.36,Express,COD,26,Male,City26,Returned,3747.6829800000005
2023-09-09,Clothing,1264.99,2,16.78,Standard,COD,41,Female,City16,Not Returned,2105.449356
2024-04-15,Clothing,666.4,2,1.77,Express,Wallet,63,Male,City54,Not Returned,1309.2094399999999
2023-09-01,Clothing,1571.11,5,27.11,Standard,Wallet,62,Male,City76,Not Returned,5725.910394999999
2022-10-31,Toys,1377.72,5,32.96,Standard,COD,40,Male,City77,Returned,4618.11744
2025-07-17,Books,1454.31,1,23.99,Express,COD,20,Male,City59,Not Returned,1105.4210309999999
2025-01-12,Toys,1255.51,2,39.53,Express,Credit Card,42,Female,City45,Not Returned,1518.413794
2023-12-07,Clothing,1339.37,2,13.37,Standard,Debit Card,38,Female,City49,Not Returned,2320.592462
2022-12-24,Clothing,1867.02,2,49.08,Next-Day,Credit Card,54,Male,City33,Not Returned,1901.3731680000003
2025-08-15,Electronics,1886.41,3,29.48,Standard,COD,25,Male,City58,Returned,3990.8889960000006
2025-07-03,Clothing,883.51,4,17.1,Express,Debit Card,57,Male,City51,Not Returned,2929.7191599999996
2022-12-12,Clothing,1841.36,1,24.01,Standard,Debit Card,28,Female,City56,Not Returned,1399.249464
2023-06-02,Books,1791.26,1,36.39,Standard,Wallet,57,Male,City25,Returned,1139.420486
2025-08-17,Toys,1775.78,3,22.13,Next-Day,Credit Card,31,Female,City84,Not Returned,4148.399658
2024-06-26,Clothing,1564.08,1,20.79,Next-Day,COD,28,Male,City5,Not Returned,1238.907768
2022-11-28,Home Appliances,764.42,1,10.05,Standard,COD,21,Female,City25,Not Returned,687.59579
2024-08-25,Toys,193.91,3,12.68,Next-Day,COD,21,Male,City11,Not Returned,507.966636
2022-02-11,Toys,1595.51,3,13.07,Standard,Debit Card,31,Male,City54,Not Returned,4160.930528999999
2022-10-29,Home Appliances,1928.24,4,35.21,Express,COD,27,Male,City3,Not Returned,4997.2267839999995
2023-11-25,Toys,811.87,1,27.46,Express,Credit Card,34,Male,City86,Returned,588.9304980000001
2023-05-28,Books,1556.37,1,19.24,Next-Day,COD,59,Female,City54,Not Returned,1256.9244119999998
2023-08-29,Clothing,457.84,4,2.39,Standard,Credit Card,38,Male,City7,Returned,1787.5904959999998
2022-09-08,Books,789.69,4,20.45,Express,Debit Card,54,Male,City100,Not Returned,2512.79358
2022-06-03,Electronics,1341.09,1,31.84,Standard,Wallet,25,Male,City27,Returned,914.0869439999999
2025-07-26,Clothing,691.32,2,45.5,Standard,COD,31,Male,City70,Returned,753.5387999999999
2024-11-14,Clothing,610.02,4,40.64,Standard,Credit Card,65,Male,City57,Not Returned,1448.431488
2025-07-21,Clothing,634.83,3,38.8,Standard,COD,60,Male,City55,Not Returned,1165.5478800000003
2022-06-01,Home Appliances,1810.22,2,29.6,Standard,Debit Card,54,Male,City98,Not Returned,2548.78976
2022-07-28,Clothing,950.96,5,14.33,Standard,COD,49,Female,City13,Returned,4073.4371600000004
2023-03-24,Clothing,159.87,2,2.05,Express,COD,40,Male,City75,Not Returned,313.18533
2022-11-05,Clothing,234.62,3,2.18,Standard,Credit Card,19,Female,City92,Not Returned,688.515852
2024-12-28,Toys,1138.99,5,44.12,Express,COD,55,Female,City27,Not Returned,3182.3380599999996
2022-02-28,Books,827.26,1,0.22,Next-Day,COD,63,Female,City71,Not Returned,825.440028
2023-11-01,Books,1515.79,3,39.18,Standard,Credit Card,52,Male,City37,Not Returned,2765.710434
2023-02-10,Toys,922.82,3,26.32,Next-Day,Credit Card,30,Male,City97,Returned,2039.801328
2022-09-04,Toys,801.3,4,19.28,Standard,Credit Card,57,Female,City33,Not Returned,2587.23744
2023-04-27,Toys,949.4,4,34.01,Next-Day,Debit Card,59,Female,City72,Not Returned,2506.03624
2023-02-11,Electronics,629.09,3,43.92,Next-Day,COD,40,Female,City95,Returned,1058.3810159999998
2022-03-11,Home Appliances,557.7,3,48.73,Standard,Debit Card,24,Female,City30,Returned,857.7983700000001
2024-08-05,Books,547.42,4,46.91,Standard,COD,18,Male,City6,Not Returned,1162.501112
2022-07-23,Electronics,1020.81,2,14.43,Standard,COD,25,Female,City55,Returned,1747.014234
2023-08-10,Home Appliances,955.34,3,10.52,Standard,COD,30,Female,City11,Not Returned,2564.514696
2022-03-01,Clothing,482.99,4,17.67,Standard,Credit Card,51,Male,City86,Not Returned,1590.5826679999998
2022-06-17,Clothing,1195.88,4,24.03,Next-Day,COD,47,Male,City28,Not Returned,3634.0401440000005
2022-04-04,Clothing,1234.85,2,22.52,Next-Day,COD,22,Female,City43,Returned,1913.5235599999999
2022-07-26,Books,343.52,4,30.63,Next-Day,Wallet,21,Female,City89,Returned,953.1992959999999
2022-06-06,Clothing,888.75,4,38.54,Express,Wallet,31,Male,City95,Not Returned,2184.9030000000002
2024-10-20,Electronics,914.87,5,19.71,Express,Debit Card,25,Male,City21,Not Returned,3672.7456150000003
2025-04-16,Books,1716.2,3,6.43,Standard,Credit Card,28,Male,City18,Not Returned,4817.5450200000005
2024-12-04,Home Appliances,1222.74,5,45.12,Express,Wallet,34,Female,City83,Not Returned,3355.19856
2024-03-09,Clothing,710.38,2,39.45,Next-Day,COD,35,Male,City48,Not Returned,860.2701799999999
2025-05-29,Clothing,518.92,2,34.78,Express,Credit Card,22,Male,City13,Not Returned,676.879248
2023-12-20,Clothing,755.57,1,29.64,Next-Day,Debit Card,57,Male,City61,Not Returned,531.619052
2024-10-01,Clothing,1270.64,5,47.48,Standard,Credit Card,46,Female,City44,Returned,3336.700640000001
2025-02-11,Clothing,107.23,3,9.78,Express,Debit Card,34,Female,City80,Not Returned,290.228718
2023-04-22,Clothing,821.03,5,21.73,Standard,COD,26,Male,City86,Returned,3213.1009049999993
2023-04-14,Electronics,1231.07,3,17.12,Next-Day,Credit Card,48,Male,City81,Not Returned,3060.932448
2025-03-12,Clothing,667.95,3,33.18,Next-Day,Credit Card,65,Female,City82,Returned,1338.9725700000001
2025-05-25,Clothing,461.88,4,21.88,Standard,COD,58,Male,City4,Not Returned,1443.282624
2023-09-17,Clothing,552.93,4,20.29,Next-Day,Wallet,29,Male,City13,Returned,1762.962012
2025-01-03,Toys,217.93,2,16.69,Express,Wallet,47,Female,City30,Not Returned,363.114966
2024-06-08,Books,1127.93,3,20.4,Express,Debit Card,20,Male,City41,Not Returned,2693.4968400000002
2023-11-30,Electronics,1217.26,5,26.8,Express,Debit Card,63,Female,City24,Not Returned,4455.1716
2022-12-23,Toys,993.64,5,45.03,Next-Day,Wallet,32,Male,City50,Not Returned,2731.01954
2025-04-11,Electronics,871.93,2,34.63,Standard,COD,45,Female,City25,Returned,1139.9612819999998
2025-07-21,Books,1200.33,1,6.39,Express,COD,56,Female,City31,Not Returned,1123.628913
2023-02-02,Books,1155.82,5,13.22,Express,Debit Card,41,Female,City7,Not Returned,5015.10298
2023-09-19,Clothing,321.36,3,32.36,Express,COD,61,Female,City89,Not Returned,652.103712
2023-03-22,Electronics,799.34,2,49.14,Express,Credit Card,33,Male,City83,Not Returned,813.0886479999999
2022-04-25,Clothing,894.54,3,1.09,Standard,Wallet,64,Male,City31,Not Returned,2654.3685419999997
2024-04-01,Clothing,955.93,1,13.92,Next-Day,Debit Card,62,Male,City84,Not Returned,822.8645439999999
2022-03-26,Electronics,1019.55,2,15.28,Express,Debit Card,32,Male,City44,Not Returned,1727.52552
2023-01-26,Home Appliances,1559.93,1,19.58,Next-Day,Wallet,49,Female,City80,Not Returned,1254.4957060000002
2022-04-25,Books,607.7,4,14.39,Next-Day,Debit Card,58,Male,City19,Not Returned,2081.00788
2023-02-09,Clothing,1312.79,1,5.89,Express,COD,60,Female,City91,Not Returned,1235.4666690000001
2025-02-21,Electronics,1329.71,5,47.71,Standard,Debit Card,21,Female,City50,Not Returned,3476.5267949999998
2025-08-26,Toys,367.42,4,1.36,Standard,Wallet,33,Male,City67,Not Returned,1449.692352
2023-03-23,Clothing,1541.97,4,15.22,Standard,Credit Card,27,Female,City71,Returned,5229.128664
2023-07-02,Toys,699.47,5,17.87,Express,Debit Card,43,Female,City53,Not Returned,2872.3735550000006
2022-06-30,Electronics,1312.54,2,38.11,Standard,Wallet,18,Male,City87,Returned,1624.662012
2023-07-30,Electronics,1830.41,2,11.57,Standard,Credit Card,18,Male,City21,Not Returned,3237.263126
2023-11-30,Electronics,1447.95,3,15.25,Next-Day,Credit Card,29,Male,City28,Not Returned,3681.4128750000004
2022-08-06,Books,897.29,5,3.59,Express,Wallet,63,Female,City54,Not Returned,4325.386444999999
2022-06-04,Clothing,446.27,2,20.25,Next-Day,Credit Card,40,Male,City22,Not Returned,711.8006499999999
2023-06-28,Clothing,929.46,3,46.07,Express,COD,30,Female,City78,Returned,1503.773334
2024-11-29,Clothing,833.95,2,27.96,Standard,Wallet,62,Female,City72,Not Returned,1201.55516
2022-02-10,Electronics,854.65,3,31.94,Next-Day,Debit Card,28,Male,City31,Not Returned,1745.0243699999999
2024-02-21,Clothing,1962.14,3,28.35,Next-Day,Wallet,35,Female,City46,Returned,4217.61993
2024-09-06,Clothing,1131.25,4,4.33,Express,Debit Card,18,Female,City22,Not Returned,4329.0675
2023-11-10,Home Appliances,950.22,1,23.61,Next-Day,COD,58,Female,City40,Returned,725.873058
2022-05-25,Electronics,236.65,2,25.78,Express,Credit Card,34,Male,City41,Not Returned,351.28326
2025-01-20,Clothing,1890.28,2,17.99,Next-Day,Credit Card,55,Male,City24,Not Returned,3100.437256
2024-07-05,Home Appliances,270.4,2,14.35,Express,Credit Card,50,Female,City72,Not Returned,463.1952
2023-05-28,Books,1274.55,4,44.8,Express,Credit Card,58,Female,City15,Not Returned,2814.2064
2025-06-14,Books,922.78,3,42.39,Standard,Debit Card,34,Female,City22,Not Returned,1594.8406740000003
2023-01-26,Clothing,1934.46,1,48.03,Express,Debit Card,27,Female,City20,Not Returned,1005.3388620000001
2022-12-06,Home Appliances,1830.12,1,36.38,Express,Debit Card,49,Male,City76,Returned,1164.322344
2024-02-15,Home Appliances,1837.48,5,4.34,Standard,Debit Card,46,Male,City49,Not Returned,8788.66684
2024-01-11,Toys,984.51,5,4.92,Next-Day,Wallet,60,Female,City60,Not Returned,4680.36054
2024-08-07,Clothing,965.8,2,11.78,Standard,Credit Card,21,Male,City15,Returned,1704.0575199999998
2023-11-10,Toys,757.35,2,17.71,Next-Day,Credit Card,64,Male,City28,Returned,1246.44663
2023-02-26,Toys,1301.65,4,49.96,Next-Day,Debit Card,19,Female,City91,Not Returned,2605.38264
2024-07-25,Electronics,1528.3,2,16.85,Express,Debit Card,50,Male,City78,Not Returned,2541.5629
2025-05-17,Clothing,1164.22,2,19.9,Next-Day,COD,46,Female,City53,Returned,1865.0804400000002
2024-11-30,Books,1852.88,5,26.69,Standard,Debit Card,46,Female,City20,Returned,6791.731640000001
2022-10-02,Clothing,1739.68,2,4.89,Standard,Wallet,26,Male,City100,Returned,3309.219296
2025-03-13,Toys,857.41,3,45.91,Standard,Wallet,21,Female,City26,Not Returned,1391.3192070000002
2024-06-09,Clothing,882.19,3,28.21,Express,Debit Card,64,Female,City95,Returned,1899.9726030000002
2023-11-28,Books,1526.66,2,30.69,Express,COD,36,Male,City48,Not Returned,2116.256092
2023-05-17,Electronics,110.61,3,42.56,Standard,Credit Card,50,Female,City92,Not Returned,190.603152
2024-08-30,Home Appliances,695.1,3,39.44,Standard,Wallet,62,Male,City45,Returned,1262.85768
2024-06-22,Electronics,1867.23,1,19.55,Standard,COD,34,Male,City43,Not Returned,1502.186535
2025-05-13,Electronics,526.78,4,34.8,Standard,COD,35,Male,City79,Not Returned,1373.84224
2024-10-30,Home Appliances,537.16,4,20.45,Next-Day,Credit Card,22,Male,City15,Not Returned,1709.2431199999999
2022-11-21,Toys,648.83,4,0.75,Standard,Wallet,35,Female,City87,Not Returned,2575.8551
2024-12-20,Electronics,1080.97,5,35.53,Standard,COD,52,Male,City26,Not Returned,3484.5067950000007
2025-02-25,Clothing,968.02,1,31.47,Standard,Wallet,52,Female,City15,Not Returned,663.384106
2025-02-12,Toys,1093.76,2,13.71,Express,COD,47,Male,City41,Not Returned,1887.611008
2024-07-26,Clothing,1399.33,1,33.02,Next-Day,Debit Card,36,Male,City97,Returned,937.2712339999999
2022-12-22,Clothing,1991.97,4,7.67,Standard,Debit Card,31,Female,City31,Not Returned,7356.743604
2023-06-04,Electronics,1826.36,4,21.78,Standard,COD,52,Female,City12,Not Returned,5714.315168
2023-10-25,Books,1268.15,2,7.87,Express,Credit Card,22,Female,City39,Not Returned,2336.6931900000004
2024-02-29,Toys,1390.7,4,9.95,Next-Day,Credit Card,45,Female,City7,Returned,5009.3014
2024-03-10,Electronics,505.92,1,48.12,Standard,COD,50,Female,City37,Not Returned,262.47129600000005
2023-03-18,Books,210.57,1,2.47,Next-Day,COD,34,Female,City75,Not Returned,205.36892099999997
2024-07-25,Electronics,1968.26,2,33.46,Express,Credit Card,38,Male,City17,Not Returned,2619.360408
2024-10-31,Books,423.35,5,8.45,Express,Wallet,41,Female,City54,Not Returned,1937.884625
2025-08-12,Electronics,1161.46,5,19.48,Next-Day,COD,61,Female,City18,Returned,4676.037960000001
2022-06-06,Clothing,1631.34,2,47.94,Standard,Credit Card,58,Male,City60,Returned,1698.5512079999999
2024-07-26,Clothing,1765.53,5,10.37,Standard,Wallet,62,Female,City79,Returned,7912.2226949999995
2025-03-06,Electronics,117.93,2,35.97,Next-Day,Wallet,53,Female,City37,Not Returned,151.02115800000004
2022-03-21,Books,1380.19,5,11.88,Standard,Wallet,49,Male,City21,Not Returned,6081.11714
2024-11-28,Clothing,1901.48,2,42.99,Standard,Credit Card,30,Female,City24,Not Returned,2168.067496
2025-01-27,Books,937.73,1,25.09,Next-Day,Wallet,48,Female,City1,Not Returned,702.453543
2023-06-05,Electronics,1951.97,3,17.19,Next-Day,Wallet,24,Female,City17,Returned,4849.279071
2022-08-27,Clothing,1468.24,3,15.65,Next-Day,Credit Card,41,Male,City79,Not Returned,3715.3813200000004
2025-06-13,Clothing,1777.25,1,4.26,Express,COD,58,Male,City92,Returned,1701.53915
2025-03-22,Clothing,838.74,3,16.58,Next-Day,Wallet,22,Female,City25,Returned,2099.030724
2022-06-02,Home Appliances,981.06,4,42.45,Standard,Debit Card,49,Female,City64,Not Returned,2258.4001199999993
2024-10-24,Clothing,1126.33,1,44.14,Standard,COD,39,Male,City72,Returned,629.1679379999999
2024-09-11,Clothing,837.96,4,6.53,Standard,COD,30,Male,City96,Returned,3132.964848
2025-07-31,Toys,589.03,2,40.16,Standard,Wallet,62,Male,City20,Not Returned,704.951104
2023-05-31,Clothing,995.38,2,17.57,Next-Day,Credit Card,56,Male,City24,Not Returned,1640.9834680000001
2023-05-07,Home Appliances,235.42,2,1.9,Standard,COD,54,Female,City16,Not Returned,461.89403999999996
2023-10-24,Electronics,983.74,4,22.06,Next-Day,COD,33,Female,City63,Not Returned,3066.907824
2024-10-31,Home Appliances,1682.45,3,39.12,Standard,Wallet,52,Male,City96,Returned,3072.82668
2024-05-04,Clothing,361.02,1,15.03,Standard,Wallet,20,Female,City17,Returned,306.758694
2023-06-17,Books,1840.83,2,6.8,Next-Day,Wallet,56,Female,City66,Not Returned,3431.3071199999995
2022-05-25,Toys,1699.77,4,12.89,Standard,Wallet,36,Female,City45,Not Returned,5922.678588
2025-08-19,Home Appliances,781.65,4,28.82,Next-Day,COD,61,Male,City70,Not Returned,2225.51388
2024-01-18,Electronics,1906.26,2,12.39,Express,Debit Card,50,Female,City35,Not Returned,3340.148772
2023-01-14,Toys,283.67,3,47.53,Next-Day,Wallet,31,Male,City38,Not Returned,446.52494699999994
2023-09-01,Clothing,1997.1,3,2.22,Express,Credit Card,28,Male,City70,Not Returned,5858.293139999999
2024-12-21,Electronics,307.16,3,9.89,Standard,Debit Card,34,Female,City55,Not Returned,830.345628
2023-09-24,Books,1351.77,3,34.08,Standard,Wallet,51,Female,City70,Returned,2673.260352
2023-10-25,Electronics,1603.51,4,20.51,Express,Credit Card,53,Female,City49,Not Returned,5098.520396
2022-08-21,Toys,238.99,4,4.37,Next-Day,Credit Card,58,Female,City84,Not Returned,914.1845480000001
2022-11-26,Clothing,151.09,1,0.77,Express,Debit Card,47,Female,City45,Not Returned,149.926607
2022-02-17,Home Appliances,1470.51,3,2.04,Standard,Wallet,63,Female,City25,Not Returned,4321.534788
2022-08-19,Electronics,870.79,1,17.07,Next-Day,Credit Card,28,Female,City62,Returned,722.146147
2023-07-26,Home Appliances,404.69,5,41.75,Next-Day,Credit Card,48,Male,City1,Returned,1178.659625
2023-03-13,Toys,1793.81,3,26.73,Express,Credit Card,60,Female,City48,Not Returned,3942.973761
2022-02-24,Clothing,1572.18,5,0.46,Standard,COD,60,Male,City69,Not Returned,7824.739860000001
2023-11-21,Electronics,1317.81,5,22.69,Next-Day,Debit Card,50,Male,City6,Not Returned,5093.994554999999
2023-06-01,Clothing,452.38,3,8.18,Next-Day,Wallet,42,Male,City73,Not Returned,1246.1259479999999
2024-01-02,Electronics,1773.6,1,9.57,Standard,Debit Card,31,Male,City20,Returned,1603.86648
2024-02-25,Clothing,941.68,5,3.07,Next-Day,Credit Card,58,Female,City96,Returned,4563.85212
2025-05-16,Books,396.88,2,0.3,Standard,Debit Card,32,Female,City86,Not Returned,791.37872
2022-08-01,Clothing,1510.43,5,38.99,Express,Debit Card,30,Male,City68,Not Returned,4607.566715
2025-04-10,Clothing,1323.43,1,45.5,Next-Day,COD,24,Male,City14,Not Returned,721.2693499999999
2025-07-11,Electronics,1439.25,2,37.62,Next-Day,Debit Card,18,Male,City97,Returned,1795.6083
2024-12-15,Toys,1716.36,5,8.81,Next-Day,Debit Card,32,Male,City57,Returned,7825.743419999999
2025-06-24,Clothing,829.13,3,39.93,Express,COD,63,Male,City92,Returned,1494.1751729999999
2022-11-16,Books,945.66,2,4.83,Next-Day,COD,40,Male,City70,Not Returned,1799.969244
2022-12-11,Home Appliances,565.54,4,32.59,Express,Debit Card,27,Female,City5,Not Returned,1524.9220559999997
2022-01-04,Home Appliances,1855.58,2,40.84,Next-Day,COD,38,Female,City86,Returned,2195.5222559999997
2023-05-04,Electronics,864.27,3,23.01,Standard,Wallet,20,Male,City91,Not Returned,1996.2044190000001
2024-05-04,Clothing,561.07,2,0.63,Express,COD,63,Male,City81,Not Returned,1115.0705180000002
2025-06-28,Toys,1866.93,5,20.62,Next-Day,COD,19,Female,City4,Not Returned,7409.84517
2023-01-06,Clothing,1778.17,5,30.1,Express,COD,65,Female,City94,Not Returned,6214.7041500000005
2025-06-03,Clothing,229.82,2,49.6,Standard,Wallet,50,Female,City58,Not Returned,231.65856
2023-04-10,Clothing,1531.3,4,4.24,Standard,COD,51,Female,City14,Not Returned,5865.49152
2025-01-29,Electronics,1114.15,4,41.23,Next-Day,Credit Card,30,Male,City75,Returned,2619.1438200000007
2024-06-29,Clothing,1506.44,2,48.91,Express,Wallet,42,Female,City64,Returned,1539.2803920000001
2025-08-08,Electronics,781.74,4,34.42,Next-Day,COD,18,Female,City64,Not Returned,2050.660368
2024-06-27,Electronics,1484.72,5,6.0,Next-Day,COD,40,Male,City15,Not Returned,6978.184
2022-08-28,Home Appliances,985.8,2,24.9,Express,Wallet,50,Male,City74,Not Returned,1480.6716
2022-10-23,Clothing,1813.22,2,35.2,Next-Day,Credit Card,52,Female,City12,Not Returned,2349.9331199999997
2022-02-02,Home Appliances,1159.81,2,28.46,Express,Debit Card,47,Male,City69,Not Returned,1659.456148
2025-06-09,Toys,946.68,2,31.13,Next-Day,Debit Card,29,Female,City99,Not Returned,1303.957032
2023-12-13,Clothing,1126.6,2,41.66,Next-Day,Wallet,23,Male,City16,Not Returned,1314.51688
2025-04-02,Books,251.85,3,14.61,Next-Day,Credit Card,21,Female,City32,Not Returned,645.164145
2023-01-19,Books,909.37,4,35.16,Next-Day,Wallet,52,Female,City15,Not Returned,2358.5420320000003
2022-03-28,Clothing,787.24,1,42.32,Express,Wallet,26,Male,City100,Not Returned,454.080032
2022-02-20,Home Appliances,1261.78,2,31.09,Standard,Debit Card,22,Male,City32,Returned,1738.985196
2024-11-13,Toys,1615.19,4,48.05,Standard,COD,28,Female,City96,Not Returned,3356.3648200000007
2023-11-22,Clothing,1971.61,2,9.74,Standard,COD,26,Female,City21,Returned,3559.1503719999996
2024-05-08,Books,1618.74,3,29.87,Express,COD,64,Female,City1,Not Returned,3405.6670860000004
2025-07-09,Clothing,298.44,4,4.95,Express,Wallet,56,Male,City5,Returned,1134.66888
2024-09-24,Clothing,1156.81,1,0.0,Express,Credit Card,21,Male,City51,Not Returned,1156.81
2023-01-16,Clothing,1708.28,3,4.27,Standard,Credit Card,39,Male,City26,Not Returned,4906.0093320000005
2023-02-21,Clothing,1006.31,1,7.75,Express,Credit Card,48,Female,City91,Not Returned,928.320975
2022-05-04,Electronics,606.91,4,7.06,Express,Debit Card,31,Male,City6,Not Returned,2256.248616
2023-12-05,Electronics,1101.42,4,22.78,Next-Day,Credit Card,53,Female,City97,Not Returned,3402.066096
2022-05-09,Toys,1858.38,4,43.56,Standard,COD,49,Female,City91,Not Returned,4195.478688
2025-07-14,Books,711.09,3,17.59,Next-Day,Credit Card,37,Female,City76,Returned,1758.0278070000002
2025-08-15,Clothing,1099.74,5,15.95,Next-Day,Credit Card,56,Male,City78,Not Returned,4621.65735
2022-04-16,Clothing,1011.74,2,43.81,Express,Wallet,31,Female,City98,Returned,1136.9934119999998
2024-03-18,Clothing,1546.17,1,49.81,Next-Day,Debit Card,46,Female,City73,Returned,776.022723
2022-12-30,Electronics,1948.07,1,17.78,Express,Credit Card,46,Female,City67,Not Returned,1601.703154
2024-11-25,Clothing,1777.18,3,30.76,Standard,COD,23,Male,City74,Not Returned,3691.5582959999992
2023-03-08,Books,668.33,5,11.48,Express,Debit Card,40,Male,City73,Not Returned,2958.02858
2022-09-11,Clothing,1992.67,4,39.61,Next-Day,Debit Card,40,Male,City61,Not Returned,4813.493652
2025-04-04,Electronics,1919.22,3,42.31,Next-Day,Credit Card,38,Female,City73,Not Returned,3321.5940539999997
2024-02-01,Electronics,820.18,3,4.13,Next-Day,Credit Card,35,Female,City78,Not Returned,2358.919698
2023-12-08,Clothing,1367.63,1,4.18,Next-Day,Credit Card,38,Male,City32,Not Returned,1310.4630660000003
2022-05-06,Clothing,1213.0,4,21.74,Next-Day,Credit Card,46,Female,City55,Not Returned,3797.1751999999997
2023-05-31,Clothing,1134.53,2,40.16,Standard,Wallet,65,Female,City20,Not Returned,1357.8055040000002
2022-05-03,Books,292.67,3,0.54,Express,Credit Card,45,Male,City78,Returned,873.2687460000001
2025-03-08,Electronics,351.0,2,49.09,Next-Day,Wallet,35,Female,City38,Not Returned,357.3881999999999
2025-04-25,Electronics,1522.06,3,1.06,Next-Day,Wallet,19,Male,City4,Not Returned,4517.778492
2023-08-21,Clothing,107.42,3,4.34,Standard,Credit Card,46,Male,City30,Not Returned,308.273916
2022-04-27,Toys,1317.51,5,44.5,Express,Credit Card,32,Male,City58,Returned,3656.0902499999997
2023-05-15,Books,645.4,2,29.25,Standard,Debit Card,38,Female,City14,Not Returned,913.241
2022-01-20,Electronics,1414.88,4,12.03,Next-Day,Wallet,21,Male,City32,Not Returned,4978.679744000001
2024-03-15,Electronics,784.56,4,46.68,Express,COD,55,Female,City41,Not Returned,1673.309568
2023-10-21,Electronics,210.56,2,2.69,Next-Day,Wallet,31,Female,City79,Not Returned,409.791872
2022-01-08,Electronics,1365.49,4,41.83,Express,Wallet,36,Female,City23,Not Returned,3177.222132
2022-06-01,Electronics,897.39,4,0.64,Express,COD,47,Male,City41,Not Returned,3566.586816
2022-05-20,Clothing,756.59,1,49.48,Standard,COD,22,Male,City95,Not Returned,382.2292680000001
2023-02-14,Clothing,1750.44,3,43.75,Standard,COD,29,Female,City25,Not Returned,2953.8675
2023-02-15,Electronics,1004.32,1,9.53,Express,COD,27,Female,City13,Not Returned,908.6083040000001
2024-05-11,Clothing,1174.77,4,6.56,Next-Day,Credit Card,40,Male,City17,Returned,4390.820352
2024-12-29,Clothing,809.74,4,30.7,Next-Day,Credit Card,53,Male,City19,Returned,2244.5992800000004
2025-05-13,Clothing,1661.59,1,40.27,Express,Credit Card,29,Male,City53,Not Returned,992.4677069999999
2022-10-08,Clothing,660.4,1,1.49,Next-Day,Credit Card,62,Female,City67,Not Returned,650.56004
2023-06-05,Clothing,711.27,1,23.22,Standard,Wallet,58,Female,City23,Returned,546.113106
2023-01-19,Clothing,1176.78,4,25.12,Express,Credit Card,42,Male,City10,Not Returned,3524.6914559999996
2022-08-30,Clothing,206.35,1,26.47,Next-Day,COD,30,Male,City47,Not Returned,151.72915500000002
2023-05-20,Toys,1603.24,1,18.12,Next-Day,Credit Card,47,Male,City3,Not Returned,1312.732912
2022-08-12,Toys,189.2,3,31.65,Standard,Wallet,61,Female,City61,Returned,387.9545999999999
2024-08-10,Electronics,668.9,3,7.62,Standard,Debit Card,38,Male,City36,Not Returned,1853.7894599999997
2024-12-04,Electronics,1634.61,3,43.48,Standard,Debit Card,62,Male,City7,Not Returned,2771.6447160000002
2024-10-09,Books,269.46,5,31.09,Express,Debit Card,53,Male,City71,Returned,928.42443
2025-03-01,Toys,556.59,5,44.97,Next-Day,Debit Card,30,Male,City2,Returned,1531.4573850000002
2023-03-06,Electronics,276.35,3,12.92,Express,Debit Card,39,Male,City54,Returned,721.9367400000001
2022-06-26,Books,756.56,2,43.74,Next-Day,Debit Card,44,Male,City4,Not Returned,851.281312
2022-12-25,Electronics,1813.87,4,40.31,Next-Day,Debit Card,61,Male,City56,Returned,4330.796012
2022-04-26,Books,272.45,3,33.25,Next-Day,Credit Card,40,Female,City16,Not Returned,545.5811249999999
2025-05-20,Electronics,1896.18,3,26.37,Next-Day,Debit Card,63,Male,City47,Not Returned,4188.4720019999995
2025-03-25,Electronics,529.65,5,29.15,Standard,Credit Card,35,Female,City90,Returned,1876.285125
2022-07-26,Clothing,1091.02,5,18.03,Standard,Wallet,59,Male,City2,Returned,4471.54547
2025-02-21,Electronics,1216.87,4,12.31,Next-Day,COD,19,Female,City37,Not Returned,4268.293212
2023-03-04,Toys,1984.15,1,21.88,Next-Day,Wallet,37,Female,City69,Returned,1550.01798
2024-06-06,Home Appliances,1679.34,5,1.06,Express,COD,32,Male,City35,Returned,8307.694979999998
2022-08-21,Clothing,1625.97,1,32.82,Express,Credit Card,19,Female,City23,Returned,1092.326646
2023-08-26,Electronics,1467.98,3,16.41,Next-Day,Debit Card,38,Male,City34,Not Returned,3681.253446
2025-08-06,Books,275.19,1,26.82,Next-Day,Debit Card,60,Male,City100,Returned,201.384042
2024-12-10,Electronics,1445.84,2,37.05,Next-Day,Credit Card,58,Male,City33,Not Returned,1820.3125599999998
2024-03-12,Clothing,429.27,1,3.56,Standard,Wallet,58,Male,City35,Not Returned,413.987988
2025-02-18,Toys,1870.29,3,10.09,Standard,Debit Card,35,Male,City70,Returned,5044.733217
2024-10-13,Clothing,619.01,3,16.48,Next-Day,COD,49,Female,City73,Returned,1550.991456
2023-05-16,Books,1454.18,4,16.65,Standard,COD,21,Female,City95,Not Returned,4848.2361200000005
2024-12-19,Clothing,501.66,5,4.41,Standard,Credit Card,40,Female,City3,Not Returned,2397.68397
2022-01-09,Electronics,191.25,3,1.87,Standard,Wallet,33,Female,City55,Not Returned,563.0208749999999
2023-01-14,Clothing,826.22,5,40.84,Next-Day,COD,31,Male,City85,Not Returned,2443.95876
2025-06-22,Electronics,647.45,4,46.46,Next-Day,Debit Card,50,Female,City51,Not Returned,1386.5789200000002
2023-09-13,Toys,753.81,4,49.91,Next-Day,Credit Card,37,Female,City58,Not Returned,1510.3337159999999
2022-02-04,Toys,1713.4,3,2.0,Express,Credit Card,25,Female,City70,Not Returned,5037.396000000001
2024-11-19,Home Appliances,180.32,5,21.72,Standard,Wallet,37,Male,City79,Returned,705.77248
2022-12-27,Toys,382.65,5,19.44,Express,Credit Card,52,Male,City23,Not Returned,1541.3142
2022-09-17,Electronics,134.99,3,47.91,Next-Day,Debit Card,18,Male,City74,Returned,210.94887300000002
2024-02-03,Electronics,150.33,1,18.53,Standard,Credit Card,60,Male,City95,Not Returned,122.47385100000001
2025-07-25,Home Appliances,1747.57,2,25.19,Next-Day,Debit Card,64,Female,City34,Not Returned,2614.714234
2022-04-06,Home Appliances,805.66,5,13.81,Standard,Wallet,32,Male,City87,Not Returned,3471.9917699999996
2022-10-26,Electronics,716.29,4,5.35,Next-Day,Debit Card,22,Male,City66,Not Returned,2711.87394
2022-04-09,Clothing,1391.61,5,27.36,Next-Day,Wallet,22,Male,City86,Not Returned,5054.327519999999
2024-02-03,Electronics,1139.71,3,41.36,Standard,COD,42,Female,City14,Returned,2004.9778320000003
2022-03-01,Books,382.24,5,21.96,Standard,COD,36,Female,City72,Returned,1491.50048
2024-12-08,Books,1780.73,4,42.13,Standard,Wallet,65,Female,City68,Returned,4122.033804
2022-09-24,Clothing,1676.83,2,30.85,Standard,COD,51,Female,City11,Returned,2319.05589
2025-06-19,Books,169.87,1,10.99,Express,Wallet,32,Male,City7,Not Returned,151.201287
2023-06-05,Home Appliances,323.77,5,10.28,Next-Day,Credit Card,54,Male,City93,Not Returned,1452.43222
2022-12-19,Toys,992.77,1,38.37,Next-Day,Wallet,65,Female,City41,Not Returned,611.844151
2023-01-28,Toys,840.65,5,45.4,Express,Wallet,45,Male,City92,Not Returned,2294.9745000000003
2023-08-09,Electronics,987.76,5,7.56,Standard,Debit Card,41,Male,City26,Not Returned,4565.42672
2024-03-03,Home Appliances,687.08,5,22.39,Express,Wallet,65,Female,City99,Not Returned,2666.21394
2022-10-26,Home Appliances,1269.75,2,21.72,Standard,COD,32,Female,City76,Returned,1987.9206000000001
2025-05-21,Electronics,265.8,2,29.56,Express,Wallet,46,Male,City69,Not Returned,374.45904
2022-11-11,Electronics,304.05,3,31.75,Express,Credit Card,48,Female,City41,Returned,622.5423750000001
2023-01-27,Clothing,250.22,2,42.56,Standard,Wallet,28,Female,City37,Returned,287.452736
2023-12-25,Electronics,349.17,4,13.67,Next-Day,Debit Card,54,Female,City63,Not Returned,1205.753844
2022-09-23,Electronics,462.42,4,29.13,Express,Wallet,20,Female,City27,Not Returned,1310.868216
2025-02-16,Books,1784.65,5,24.52,Express,COD,23,Male,City26,Returned,6735.2691
2025-01-20,Electronics,1863.4,1,10.89,Express,Wallet,53,Male,City16,Not Returned,1660.47574
2024-03-26,Clothing,724.51,2,22.19,Express,Credit Card,46,Female,City97,Not Returned,1127.482462
2023-10-12,Home Appliances,1456.82,3,36.42,Express,Credit Card,19,Female,City42,Returned,2778.7384679999996
2025-08-26,Toys,1354.82,3,26.3,Next-Day,Credit Card,21,Female,City90,Not Returned,2995.50702
2022-09-02,Clothing,413.53,1,23.01,Standard,COD,47,Female,City24,Not Returned,318.37674699999997
2024-08-14,Electronics,754.82,4,16.01,Express,Credit Card,52,Female,City95,Returned,2535.8932720000003
2023-07-15,Books,1172.84,1,10.48,Express,Wallet,39,Female,City13,Not Returned,1049.926368
2023-06-02,Electronics,382.59,4,24.94,Standard,Credit Card,44,Male,City69,Returned,1148.6882159999998
2025-05-06,Toys,1842.53,5,39.03,Standard,COD,28,Male,City1,Not Returned,5616.952704999999
2024-10-30,Electronics,488.47,4,43.49,Next-Day,COD,47,Female,City75,Returned,1104.1375879999998
2025-03-18,Clothing,1257.75,3,39.31,Standard,Debit Card,48,Female,City35,Returned,2289.985425
2024-08-05,Clothing,1979.25,4,46.65,Next-Day,Wallet,20,Female,City35,Returned,4223.719500000001
2025-04-14,Electronics,1807.66,2,15.14,Standard,Wallet,20,Female,City13,Not Returned,3067.960552
2022-09-11,Clothing,1223.98,2,16.25,Express,Debit Card,56,Male,City70,Not Returned,2050.1665000000003
2025-06-23,Books,305.52,5,19.79,Express,Wallet,53,Female,City93,Not Returned,1225.2879599999999
2023-02-02,Clothing,1910.92,4,47.58,Next-Day,Wallet,62,Female,City24,Returned,4006.8170560000003
2023-07-09,Clothing,1148.56,4,33.27,Standard,Debit Card,61,Female,City44,Returned,3065.736352
2025-06-22,Clothing,1182.45,1,28.64,Express,COD,20,Female,City8,Returned,843.79632
2025-04-15,Clothing,1694.47,3,25.81,Express,Debit Card,42,Female,City95,Returned,3771.381879
2023-04-30,Books,168.44,5,25.5,Standard,Debit Card,36,Female,City91,Returned,627.4390000000001
2023-05-14,Toys,1133.33,5,46.75,Standard,Debit Card,32,Male,City78,Not Returned,3017.4911249999996
2025-02-19,Books,769.11,3,15.54,Standard,Credit Card,50,Female,City88,Not Returned,1948.770918
2022-10-07,Clothing,1855.71,4,20.39,Express,COD,64,Female,City90,Not Returned,5909.322924
2022-05-13,Toys,1760.2,2,40.47,Next-Day,COD,19,Female,City92,Returned,2095.6941199999997
2025-03-21,Toys,1551.45,2,22.03,Express,Credit Card,50,Female,City49,Returned,2419.33113
2022-07-07,Home Appliances,1971.15,3,48.87,Next-Day,Credit Card,52,Female,City67,Not Returned,3023.546985000001
2022-02-22,Electronics,199.25,5,40.33,Standard,Credit Card,44,Male,City12,Not Returned,594.462375
2022-12-05,Clothing,490.03,5,13.28,Standard,Wallet,55,Male,City69,Not Returned,2124.77008
2022-06-04,Books,289.65,4,36.19,Next-Day,Debit Card,28,Female,City93,Not Returned,739.30266
2024-02-07,Clothing,789.11,4,14.32,Next-Day,Wallet,21,Female,City20,Returned,2704.437792
2024-12-02,Home Appliances,101.08,5,7.78,Express,Debit Card,37,Male,City58,Not Returned,466.07988
2022-03-04,Electronics,641.49,2,49.33,Next-Day,COD,47,Female,City87,Not Returned,650.0859660000001
2024-10-02,Clothing,316.39,5,36.37,Next-Day,Wallet,28,Female,City70,Not Returned,1006.594785
2023-08-30,Electronics,298.33,2,4.47,Standard,Wallet,36,Male,City76,Not Returned,569.989298
2023-08-16,Clothing,1235.18,3,21.36,Express,Credit Card,22,Male,City52,Not Returned,2914.0366559999998
2023-11-25,Electronics,1171.11,3,0.96,Next-Day,Debit Card,64,Male,City6,Not Returned,3479.602032
2023-03-20,Clothing,259.19,2,49.01,Standard,Credit Card,20,Male,City34,Not Returned,264.321962
2024-03-22,Clothing,1918.32,2,42.12,Express,Wallet,40,Male,City8,Returned,2220.647232
2023-09-06,Home Appliances,486.44,1,26.1,Next-Day,Credit Card,27,Female,City82,Not Returned,359.47916
2024-07-28,Clothing,235.08,3,21.31,Express,Wallet,44,Female,City54,Returned,554.953356
2022-04-05,Clothing,1052.89,5,39.74,Express,COD,45,Female,City12,Not Returned,3172.3575700000006
2025-01-09,Books,1821.51,5,18.61,Next-Day,Wallet,35,Female,City2,Not Returned,7412.634945
2022-11-24,Electronics,305.68,3,29.76,Standard,Debit Card,18,Female,City68,Not Returned,644.1288959999999
2024-11-09,Electronics,1556.9,3,4.47,Express,Credit Card,27,Male,City27,Not Returned,4461.919710000001
2024-01-30,Books,909.57,1,43.8,Express,Wallet,19,Male,City69,Not Returned,511.1783400000001
2024-10-19,Clothing,1625.61,5,43.36,Express,Wallet,24,Female,City67,Returned,4603.7275199999995
2022-11-15,Clothing,972.51,3,13.87,Express,Wallet,57,Male,City93,Returned,2512.8685889999997
2023-02-02,Clothing,1964.38,5,32.67,Standard,Credit Card,19,Female,City22,Returned,6613.085270000001
2023-05-08,Electronics,319.37,4,46.17,Express,Debit Card,31,Female,City71,Not Returned,687.6674840000001
2024-03-31,Home Appliances,1240.89,4,18.29,Express,Credit Card,30,Female,City66,Not Returned,4055.7248760000007
2022-02-23,Electronics,1629.72,2,34.19,Standard,Credit Card,34,Female,City18,Not Returned,2145.037464
2023-09-01,Clothing,312.37,1,47.55,Next-Day,Wallet,33,Male,City25,Not Returned,163.838065
2022-10-30,Electronics,598.3,1,10.82,Next-Day,Wallet,43,Male,City32,Not Returned,533.56394
2022-03-09,Electronics,1612.86,1,38.46,Next-Day,Debit Card,21,Female,City72,Not Returned,992.5540439999999
2022-12-12,Electronics,818.26,1,33.05,Express,Debit Card,63,Female,City14,Not Returned,547.82507
2022-05-24,Books,1364.19,5,43.52,Next-Day,COD,46,Female,City60,Not Returned,3852.47256
2023-04-16,Toys,1606.88,2,8.56,Standard,Debit Card,34,Male,City89,Returned,2938.6621440000004
2023-04-02,Home Appliances,657.23,4,32.02,Next-Day,COD,19,Female,City48,Returned,1787.1398159999999
2022-01-24,Clothing,129.7,3,40.9,Next-Day,Debit Card,38,Female,City9,Not Returned,229.95809999999997
2024-07-20,Home Appliances,1405.48,2,12.64,Standard,Debit Card,34,Female,City57,Returned,2455.6546559999997
2022-02-14,Home Appliances,998.76,5,7.69,Next-Day,Debit Card,32,Male,City58,Not Returned,4609.77678
2022-02-11,Clothing,1420.98,2,24.59,Next-Day,Wallet,54,Female,City63,Not Returned,2143.122036
2024-08-27,Clothing,928.57,2,5.74,Express,Debit Card,59,Female,City77,Returned,1750.540164
2024-11-07,Electronics,1155.39,2,44.0,Next-Day,COD,22,Male,City27,Not Returned,1294.0368000000003
2025-08-20,Electronics,826.48,4,46.33,Next-Day,Credit Card,22,Male,City58,Returned,1774.2872639999998
2022-11-06,Clothing,1328.71,5,42.93,Standard,Credit Card,54,Female,City66,Not Returned,3791.473985
2022-05-21,Clothing,1189.37,1,17.92,Next-Day,Credit Card,31,Female,City24,Not Returned,976.2348959999999
2023-03-03,Clothing,1088.45,2,10.04,Express,Debit Card,27,Female,City2,Returned,1958.33924
2023-09-08,Electronics,951.22,3,28.99,Standard,Debit Card,34,Male,City12,Not Returned,2026.3839659999999
2025-05-31,Toys,363.71,3,5.15,Express,Credit Card,61,Male,City32,Not Returned,1034.9368049999998
2023-02-28,Clothing,1511.52,2,37.37,Standard,COD,62,Male,City65,Not Returned,1893.3299520000003
2023-03-02,Clothing,1067.52,3,36.96,Next-Day,Debit Card,18,Male,City85,Returned,2018.8938240000002
2025-02-28,Clothing,146.83,1,40.07,Next-Day,Debit Card,40,Female,City28,Not Returned,87.995219
2024-10-12,Books,1678.2,2,2.75,Standard,Wallet,65,Male,City25,Not Returned,3264.099
2025-01-31,Clothing,1613.46,5,43.07,Standard,Wallet,52,Female,City92,Returned,4592.713889999999
2023-05-08,Books,1420.06,3,40.77,Standard,COD,34,Male,City6,Not Returned,2523.3046140000006
2025-03-22,Electronics,1374.17,1,13.74,Next-Day,Credit Card,26,Female,City5,Not Returned,1185.359042
2024-12-30,Home Appliances,1602.17,1,14.17,Express,Credit Card,35,Male,City46,Not Returned,1375.1425110000002
2022-08-12,Clothing,1919.16,1,24.85,Next-Day,Debit Card,26,Male,City17,Not Returned,1442.24874
2023-04-13,Electronics,1505.32,4,37.25,Express,Debit Card,20,Female,City92,Not Returned,3778.3531999999996
2022-12-17,Electronics,1528.93,5,26.86,Express,Debit Card,54,Female,City99,Not Returned,5591.297010000001
2023-03-22,Electronics,205.57,1,9.08,Standard,Credit Card,41,Female,City91,Not Returned,186.904244
2024-09-13,Home Appliances,870.67,1,8.89,Standard,COD,38,Female,City36,Not Returned,793.267437
2024-06-01,Electronics,431.41,4,49.08,Express,COD,42,Female,City95,Not Returned,878.6958880000002
2024-12-23,Clothing,265.26,2,4.11,Express,Debit Card,62,Female,City83,Not Returned,508.715628
2023-10-04,Toys,754.02,1,35.83,Standard,COD,20,Female,City31,Returned,483.8546339999999
2024-12-11,Books,1504.12,5,45.36,Standard,Debit Card,41,Female,City55,Returned,4109.25584
2023-10-08,Books,1770.73,3,12.7,Express,Wallet,60,Male,City59,Not Returned,4637.54187
2022-01-30,Toys,556.19,3,29.26,Next-Day,COD,59,Female,City33,Not Returned,1180.346418
2022-09-25,Home Appliances,1827.63,2,46.47,Standard,Wallet,55,Male,City25,Returned,1956.6606780000002
2022-09-29,Toys,1783.04,3,45.46,Standard,Wallet,29,Female,City55,Returned,2917.4100479999997
2024-02-03,Clothing,884.51,1,41.23,Express,Credit Card,21,Female,City52,Returned,519.826527
2023-10-21,Electronics,877.8,3,31.02,Express,COD,23,Female,City53,Returned,1816.5193199999997
2023-06-07,Toys,1729.08,4,27.27,Standard,COD,26,Female,City20,Not Returned,5030.239536
2024-03-22,Toys,566.55,5,40.18,Standard,COD,63,Male,City86,Not Returned,1694.5510500000003
2022-04-08,Toys,1024.05,2,17.06,Next-Day,Debit Card,31,Female,City59,Not Returned,1698.69414
2022-09-04,Clothing,1258.73,4,6.87,Next-Day,Wallet,30,Male,City80,Returned,4689.020996
2024-10-03,Electronics,1272.63,3,39.4,Next-Day,Wallet,22,Female,City93,Not Returned,2313.6413400000006
2022-06-26,Clothing,146.17,2,29.01,Next-Day,Wallet,50,Female,City61,Not Returned,207.53216599999996
2024-01-17,Electronics,542.15,1,11.75,Next-Day,Wallet,54,Female,City13,Returned,478.447375
2024-04-04,Clothing,292.33,1,5.83,Express,Debit Card,38,Male,City72,Not Returned,275.28716099999997
2022-07-12,Toys,1362.53,5,3.47,Next-Day,Wallet,57,Female,City17,Not Returned,6576.251045
2023-03-14,Clothing,414.76,5,33.25,Next-Day,Debit Card,58,Male,City68,Returned,1384.2615
2022-12-22,Clothing,1280.17,2,42.95,Express,Wallet,30,Male,City85,Returned,1460.67397
2025-09-03,Clothing,637.32,2,37.51,Standard,COD,43,Male,City69,Not Returned,796.5225360000001
2022-03-31,Toys,130.06,3,28.44,Standard,Credit Card,32,Female,City50,Not Returned,279.212808
2023-11-24,Clothing,153.29,5,5.37,Standard,Debit Card,46,Male,City82,Returned,725.2916349999999
2024-04-14,Clothing,1650.9,2,21.44,Standard,Wallet,55,Male,City85,Not Returned,2593.89408
2024-04-01,Toys,1874.33,3,4.46,Express,Wallet,35,Male,City90,Not Returned,5372.204646
2024-08-18,Books,683.14,2,36.44,Next-Day,Debit Card,56,Male,City47,Not Returned,868.4075679999999
2023-04-21,Electronics,1825.84,3,31.12,Express,Wallet,26,Male,City66,Not Returned,3772.9157759999994
2022-04-21,Toys,1978.82,3,6.65,Next-Day,Debit Card,53,Female,City96,Not Returned,5541.68541
2025-05-31,Books,612.52,1,44.39,Standard,Debit Card,36,Female,City36,Not Returned,340.62237200000004
2024-08-22,Electronics,223.75,1,0.37,Next-Day,Wallet,25,Male,City75,Not Returned,222.922125
2022-05-11,Clothing,933.77,2,26.58,Standard,COD,29,Male,City23,Not Returned,1371.147868
2022-08-13,Books,1122.98,4,32.83,Standard,Wallet,30,Male,City87,Returned,3017.222664
2024-03-27,Home Appliances,1810.71,1,40.31,Express,Credit Card,35,Female,City2,Not Returned,1080.812799
2023-11-14,Clothing,1821.51,1,37.52,Next-Day,Wallet,28,Female,City38,Returned,1138.079448
2022-09-25,Clothing,1732.03,1,20.17,Express,Debit Card,37,Male,City7,Not Returned,1382.679549
2025-05-12,Clothing,172.96,2,47.33,Express,Debit Card,48,Female,City57,Not Returned,182.19606399999998
2023-08-26,Electronics,1547.64,4,49.46,Express,COD,28,Female,City99,Not Returned,3128.7090240000007
2023-05-24,Clothing,325.88,5,21.61,Standard,Debit Card,58,Female,City76,Not Returned,1277.2866600000002
2023-11-02,Electronics,1425.79,4,2.73,Next-Day,COD,55,Female,City79,Not Returned,5547.463732
2023-02-23,Electronics,223.39,4,40.51,Express,Wallet,39,Male,City63,Returned,531.578844
2022-03-02,Books,826.14,1,16.37,Standard,COD,18,Female,City73,Not Returned,690.900882
2025-08-07,Clothing,491.25,4,5.26,Next-Day,Debit Card,27,Female,City95,Not Returned,1861.641
2024-11-30,Electronics,537.51,3,3.02,Next-Day,COD,39,Female,City77,Not Returned,1563.831594
2024-12-24,Clothing,874.65,2,42.56,Express,Credit Card,41,Male,City28,Returned,1004.79792
2025-01-26,Toys,272.69,4,13.31,Standard,Wallet,37,Female,City48,Not Returned,945.579844
2022-07-05,Clothing,171.98,3,31.24,Express,Wallet,31,Female,City31,Not Returned,354.760344
2024-12-27,Electronics,1095.59,4,13.92,Next-Day,Debit Card,19,Female,City82,Not Returned,3772.3354879999997
2025-07-30,Clothing,402.07,5,39.85,Standard,COD,24,Female,City1,Not Returned,1209.2255249999998
2022-11-02,Home Appliances,1194.13,2,29.41,Express,Wallet,31,Female,City7,Not Returned,1685.872734
2023-10-16,Clothing,1706.32,4,1.47,Express,Wallet,29,Male,City86,Not Returned,6724.948383999999
2023-07-18,Books,473.02,5,28.7,Next-Day,Credit Card,49,Female,City24,Not Returned,1686.3163000000002
2024-08-31,Clothing,384.53,1,5.64,Standard,Debit Card,58,Female,City84,Not Returned,362.84250799999995
2023-10-04,Clothing,1742.31,3,9.98,Express,Credit Card,54,Female,City39,Returned,4705.282386
2025-01-22,Clothing,846.87,4,31.47,Next-Day,Credit Card,31,Female,City47,Not Returned,2321.440044
2023-11-23,Home Appliances,877.85,4,22.55,Next-Day,COD,20,Female,City1,Returned,2719.5793
2023-06-10,Toys,382.92,2,3.37,Next-Day,Credit Card,41,Female,City42,Not Returned,740.031192
2025-08-29,Clothing,669.86,2,36.11,Express,Debit Card,45,Female,City65,Not Returned,855.9471080000001
2025-06-11,Clothing,272.45,3,44.83,Express,COD,33,Female,City30,Not Returned,450.93199500000003
2024-04-12,Clothing,902.57,4,26.93,Express,Credit Card,24,Male,City67,Returned,2638.0315960000003
2022-05-22,Books,462.43,3,3.43,Express,COD,37,Female,City51,Not Returned,1339.705953
2023-09-25,Clothing,1485.14,1,33.16,Standard,Wallet,53,Male,City34,Not Returned,992.6675760000002
2023-03-01,Electronics,1571.63,1,18.32,Standard,Credit Card,33,Male,City98,Not Returned,1283.707384
2022-04-23,Clothing,680.24,2,32.8,Express,Debit Card,21,Female,City63,Returned,914.24256
2025-02-04,Electronics,1652.15,1,48.44,Next-Day,Debit Card,34,Female,City5,Returned,851.8485400000002
2024-06-17,Toys,1828.77,4,3.69,Next-Day,COD,22,Male,City79,Not Returned,7045.153547999999
2022-06-03,Electronics,472.24,5,30.16,Standard,Wallet,59,Female,City92,Not Returned,1649.06208
2023-12-20,Toys,968.12,2,46.61,Next-Day,Debit Card,42,Female,City100,Not Returned,1033.758536
2022-08-16,Electronics,1424.91,3,14.17,Standard,Debit Card,54,Female,City25,Not Returned,3669.0007590000005
2025-04-12,Home Appliances,915.57,4,35.95,Express,Credit Card,51,Male,City65,Not Returned,2345.69034
2022-04-10,Toys,348.84,5,29.0,Standard,Credit Card,46,Female,City35,Not Returned,1238.3819999999998
2023-03-27,Electronics,1589.1,1,28.23,Next-Day,Wallet,65,Female,City59,Not Returned,1140.49707
2023-05-04,Electronics,1628.25,4,46.14,Express,Debit Card,25,Male,City8,Returned,3507.9017999999996
2025-04-17,Electronics,645.93,3,1.12,Express,Debit Card,34,Female,City75,Not Returned,1916.086752
2024-12-17,Clothing,1832.11,3,37.52,Standard,Credit Card,48,Female,City11,Not Returned,3434.106984
2024-05-13,Home Appliances,730.62,2,12.96,Express,COD,49,Female,City33,Not Returned,1271.863296
2022-09-21,Clothing,1499.2,4,46.7,Next-Day,COD,58,Male,City39,Not Returned,3196.2943999999998
2022-12-26,Clothing,1279.29,3,24.25,Express,Debit Card,24,Female,City80,Returned,2907.186525
2024-08-23,Books,193.98,1,31.9,Standard,Credit Card,29,Female,City81,Returned,132.10038
2022-09-06,Electronics,1116.38,3,21.47,Standard,Debit Card,35,Male,City18,Not Returned,2630.079642
2023-08-02,Toys,1067.55,1,12.83,Standard,Credit Card,27,Male,City35,Not Returned,930.583335
2022-12-09,Home Appliances,1132.19,2,19.21,Express,Wallet,24,Female,City1,Not Returned,1829.392602
2023-10-10,Electronics,1980.49,4,26.14,Express,Credit Card,52,Male,City50,Not Returned,5851.159656
2024-05-21,Electronics,975.8,4,18.16,Express,Debit Card,33,Male,City42,Not Returned,3194.3788799999998
2023-12-07,Toys,1168.22,3,0.65,Standard,Debit Card,59,Female,City38,Returned,3481.87971
2023-12-24,Books,1629.67,4,28.98,Express,COD,36,Female,City24,Not Returned,4629.566536
2024-01-30,Clothing,718.69,2,40.74,Express,Credit Card,27,Male,City84,Not Returned,851.7913880000001
2025-05-02,Electronics,687.08,5,39.18,Standard,Wallet,44,Female,City67,Not Returned,2089.4102800000005
2025-06-14,Home Appliances,886.85,2,21.29,Express,COD,42,Female,City15,Not Returned,1396.0792700000002
2023-09-01,Electronics,258.48,5,44.56,Express,Wallet,24,Male,City72,Not Returned,716.50656
2025-02-01,Electronics,1282.63,4,13.48,Next-Day,COD,56,Female,City98,Returned,4438.925904000001
2024-12-04,Toys,1368.1,3,1.71,Standard,Debit Card,42,Female,City86,Not Returned,4034.1164699999995
2023-07-31,Toys,997.93,5,21.33,Express,Wallet,41,Female,City92,Not Returned,3925.3576549999993
2022-08-03,Home Appliances,342.73,5,13.86,Standard,Credit Card,60,Female,City13,Not Returned,1476.1381099999999
2022-04-15,Toys,1938.35,5,3.95,Next-Day,Credit Card,43,Male,City51,Not Returned,9308.925875
2023-03-24,Electronics,170.33,4,14.0,Next-Day,COD,62,Male,City35,Returned,585.9352
2022-01-21,Electronics,333.19,4,22.51,Express,COD,26,Male,City28,Not Returned,1032.7557239999999
2025-01-09,Electronics,837.65,3,16.05,Express,COD,24,Male,City3,Not Returned,2109.621525
2022-09-09,Clothing,1830.04,2,22.21,Express,Credit Card,28,Female,City71,Not Returned,2847.1762320000003
2022-04-13,Toys,655.2,4,16.42,Express,COD,63,Male,City70,Returned,2190.46464
2024-04-18,Toys,602.64,2,38.21,Express,Wallet,38,Female,City15,Not Returned,744.742512
2024-02-29,Clothing,1076.91,1,3.45,Standard,Wallet,39,Female,City87,Not Returned,1039.756605
2023-09-29,Books,1322.74,2,17.18,Express,Debit Card,47,Female,City26,Returned,2190.9865360000003
2023-08-24,Clothing,1761.9,3,43.7,Next-Day,Wallet,36,Male,City87,Returned,2975.8491
2022-03-09,Toys,1237.97,4,5.85,Next-Day,COD,39,Female,City54,Not Returned,4662.19502
2022-06-29,Books,1815.61,1,24.16,Next-Day,Wallet,37,Female,City9,Not Returned,1376.9586239999999
2023-12-11,Toys,1135.76,4,32.99,Standard,Wallet,55,Female,City83,Not Returned,3044.2911039999995
2022-06-07,Clothing,344.65,4,7.87,Express,Wallet,55,Female,City97,Returned,1270.1041799999998
2024-06-10,Toys,342.42,4,36.38,Next-Day,Credit Card,31,Female,City57,Not Returned,871.3904160000001
2023-02-05,Electronics,552.85,3,34.01,Express,COD,65,Female,City78,Not Returned,1094.4771450000003
2023-11-01,Electronics,1230.39,3,49.21,Next-Day,Credit Card,35,Male,City96,Not Returned,1874.745243
2022-03-15,Clothing,214.31,1,27.65,Next-Day,Credit Card,36,Female,City25,Not Returned,155.05328500000002
2025-08-23,Books,1426.46,1,21.23,Next-Day,Debit Card,45,Male,City6,Not Returned,1123.622542
2024-08-02,Books,586.13,3,8.49,Next-Day,Debit Card,53,Female,City42,Not Returned,1609.1026889999998
2025-08-09,Electronics,934.89,4,9.58,Standard,Wallet,58,Male,City21,Not Returned,3381.310152
2023-09-13,Electronics,1152.89,2,20.86,Standard,Debit Card,63,Male,City35,Returned,1824.794292
2023-02-03,Home Appliances,1719.63,2,6.2,Express,COD,58,Male,City56,Not Returned,3226.02588
2024-12-18,Books,101.47,1,48.59,Standard,Wallet,63,Male,City76,Returned,52.165727
2025-05-20,Electronics,1061.7,1,45.04,Next-Day,COD,40,Female,City94,Not Returned,583.5103200000001
2025-01-22,Electronics,694.43,1,19.13,Express,COD,42,Female,City68,Not Returned,561.5855409999999
2022-03-02,Clothing,1771.04,2,39.25,Next-Day,Debit Card,35,Female,City19,Returned,2151.8135999999995
2024-02-15,Electronics,1895.78,3,32.17,Next-Day,COD,37,Male,City65,Returned,3857.7227219999995
2024-06-22,Books,246.93,2,26.87,Express,COD,36,Female,City89,Not Returned,361.15981800000003
2023-09-24,Electronics,920.46,1,3.56,Express,Wallet,40,Male,City31,Not Returned,887.691624
2022-10-25,Clothing,654.01,2,6.18,Standard,COD,61,Male,City53,Not Returned,1227.184364
2022-04-15,Clothing,138.07,3,41.92,Express,COD,30,Male,City89,Not Returned,240.57316799999998
2023-11-18,Toys,110.69,2,47.23,Express,Debit Card,47,Female,City52,Not Returned,116.82222600000001
2025-07-09,Clothing,669.61,5,9.52,Next-Day,COD,64,Male,City50,Not Returned,3029.3156400000003
2023-07-01,Electronics,1972.6,3,42.49,Standard,Credit Card,57,Male,City69,Not Returned,3403.3267799999994
2022-04-10,Clothing,1790.15,4,5.47,Standard,COD,60,Female,City20,Returned,6768.915180000001
2024-02-06,Electronics,732.89,1,28.9,Express,COD,60,Male,City18,Not Returned,521.08479
2022-10-05,Clothing,374.06,1,43.2,Next-Day,COD,62,Female,City52,Returned,212.46607999999998
2023-12-22,Home Appliances,1308.61,2,41.03,Next-Day,Wallet,57,Male,City65,Returned,1543.3746339999998
2022-09-09,Clothing,835.32,4,24.56,Next-Day,COD,56,Male,City73,Not Returned,2520.661632
2024-05-01,Clothing,755.73,3,24.21,Express,Wallet,26,Male,City4,Not Returned,1718.3033010000001
2022-12-11,Clothing,596.67,5,27.86,Express,COD,21,Female,City72,Not Returned,2152.18869
2023-03-21,Books,939.77,5,22.76,Express,Credit Card,35,Male,City17,Not Returned,3629.39174
2023-11-20,Clothing,1563.52,1,8.75,Standard,Wallet,59,Male,City27,Returned,1426.712
2022-10-25,Electronics,1017.97,3,6.88,Next-Day,Debit Card,24,Male,City51,Not Returned,2843.800992
2024-12-19,Electronics,900.61,5,37.8,Express,Debit Card,38,Male,City100,Not Returned,2800.8971000000006
2025-02-12,Clothing,941.5,2,43.0,Standard,COD,50,Female,City78,Returned,1073.3100000000002
2024-03-05,Electronics,1892.57,1,29.54,Next-Day,Debit Card,55,Female,City60,Not Returned,1333.5048219999999
2024-02-05,Clothing,360.28,1,36.33,Express,COD,19,Female,City87,Returned,229.390276
2025-06-02,Clothing,1851.65,5,33.46,Standard,COD,33,Male,City7,Not Returned,6160.43955
2024-01-09,Clothing,733.87,1,43.47,Express,Debit Card,45,Male,City91,Returned,414.856711
2024-05-21,Clothing,1409.23,1,11.7,Express,Credit Card,54,Male,City15,Returned,1244.3500900000001
2025-02-27,Clothing,1611.73,5,31.84,Next-Day,Wallet,26,Female,City58,Returned,5492.775839999999
2024-12-15,Books,1013.48,1,38.1,Express,Credit Card,43,Female,City48,Not Returned,627.34412
2023-04-28,Toys,908.48,3,16.87,Next-Day,Wallet,49,Female,City81,Not Returned,2265.6582719999997
2023-08-16,Electronics,1238.74,3,19.54,Standard,COD,49,Male,City99,Not Returned,2990.070612
2023-03-19,Home Appliances,1370.91,1,43.97,Next-Day,Wallet,45,Male,City41,Not Returned,768.1208730000001
2024-05-18,Clothing,834.62,4,39.96,Standard,Debit Card,27,Female,City6,Returned,2004.4233920000001
2022-03-04,Toys,355.69,2,1.56,Express,Debit Card,63,Male,City16,Not Returned,700.282472
2025-04-06,Clothing,753.97,3,15.84,Next-Day,COD,22,Male,City100,Not Returned,1903.6234559999998
2022-07-22,Electronics,611.34,3,25.17,Express,Debit Card,55,Male,City30,Not Returned,1372.397166
2023-12-18,Electronics,1699.53,4,27.67,Next-Day,Debit Card,58,Male,City66,Returned,4917.080196
2025-04-07,Electronics,670.42,4,22.61,Express,Wallet,64,Female,City81,Not Returned,2075.352152
2025-07-20,Clothing,1889.76,3,36.75,Next-Day,Credit Card,51,Male,City90,Not Returned,3585.8196000000003
2024-09-29,Clothing,838.93,2,32.29,Express,Wallet,33,Female,City26,Not Returned,1136.079006
2022-06-27,Electronics,106.93,2,41.44,Express,COD,27,Female,City1,Returned,125.236416
2025-03-24,Electronics,1346.37,1,29.96,Next-Day,Wallet,27,Male,City27,Returned,942.9975479999998
2023-03-20,Books,1188.96,3,26.0,Express,COD,40,Female,City94,Not Returned,2639.4912
2022-07-07,Home Appliances,1166.81,5,38.27,Standard,Credit Card,61,Female,City53,Not Returned,3601.359064999999
2024-07-02,Books,1560.38,1,20.08,Next-Day,Wallet,62,Female,City37,Not Returned,1247.0556960000001
2024-01-31,Clothing,275.64,3,46.82,Express,COD,20,Female,City10,Returned,439.756056
2024-07-03,Clothing,118.64,4,6.85,Standard,Credit Card,21,Female,City13,Not Returned,442.05264
2022-08-28,Electronics,1026.17,4,41.02,Express,Debit Card,33,Male,City71,Returned,2420.9402640000003
2022-07-16,Clothing,760.53,5,24.51,Next-Day,Debit Card,18,Male,City93,Not Returned,2870.620485
2023-10-11,Home Appliances,1400.97,2,17.88,Express,Debit Card,29,Female,City42,Not Returned,2300.953128
2024-09-03,Clothing,470.9,1,3.78,Next-Day,Wallet,43,Female,City33,Not Returned,453.09997999999996
2023-01-29,Toys,671.51,2,4.49,Next-Day,Credit Card,55,Male,City79,Not Returned,1282.718402
2022-02-23,Toys,1584.71,3,25.0,Next-Day,Credit Card,53,Male,City96,Not Returned,3565.5975
2025-05-19,Books,1314.66,2,46.9,Express,Debit Card,46,Female,City74,Not Returned,1396.16892
2024-12-05,Clothing,609.74,5,2.88,Express,Credit Card,55,Female,City43,Not Returned,2960.8974399999997
2022-03-21,Clothing,1326.07,5,35.83,Express,Credit Card,33,Male,City70,Not Returned,4254.695594999999
2022-08-07,Toys,1785.29,3,14.59,Standard,Debit Card,42,Female,City32,Returned,4574.4485669999995
2023-05-14,Clothing,904.94,1,6.37,Next-Day,Wallet,31,Female,City79,Not Returned,847.295322
2022-09-12,Clothing,1895.14,4,49.8,Standard,Credit Card,43,Male,City98,Not Returned,3805.4411200000004
2024-06-20,Clothing,1679.4,3,33.71,Next-Day,Credit Card,47,Male,City38,Returned,3339.822780000001
2022-09-30,Electronics,1762.7,3,32.66,Standard,Credit Card,26,Female,City52,Not Returned,3561.0065400000003
2024-05-11,Toys,1063.71,1,47.11,Standard,COD,43,Male,City29,Returned,562.5962189999999
2023-05-15,Clothing,1188.78,3,31.79,Standard,Credit Card,45,Female,City42,Not Returned,2432.6005139999997
2022-05-22,Clothing,365.72,4,40.83,Next-Day,Wallet,54,Female,City41,Returned,865.5860960000001
2024-08-31,Toys,1622.2,3,33.31,Next-Day,Wallet,19,Female,City41,Not Returned,3245.5355400000003
2024-07-07,Clothing,1554.66,4,9.25,Next-Day,Wallet,36,Male,City85,Returned,5643.4158
2025-05-01,Books,703.34,2,14.73,Standard,Wallet,27,Male,City68,Not Returned,1199.476036
2022-01-16,Toys,1162.68,5,17.29,Next-Day,Debit Card,63,Female,City22,Returned,4808.26314
2024-07-12,Toys,635.09,4,33.93,Standard,Wallet,31,Female,City67,Not Returned,1678.4158520000003
2024-08-02,Electronics,1950.63,5,13.67,Express,COD,22,Female,City32,Not Returned,8419.894395000001
2023-05-21,Electronics,1644.86,3,47.72,Next-Day,COD,37,Male,City64,Not Returned,2579.7984239999996
2024-03-19,Toys,435.95,1,4.0,Standard,Wallet,53,Female,City32,Returned,418.512
2024-06-18,Clothing,1783.36,1,15.55,Express,Credit Card,35,Male,City90,Not Returned,1506.04752
2024-03-13,Clothing,483.87,4,21.69,Next-Day,Wallet,41,Female,City27,Not Returned,1515.6743880000001
2025-07-03,Electronics,194.43,4,43.76,Standard,Credit Card,36,Male,City42,Not Returned,437.38972800000005
2024-06-02,Books,1506.04,1,16.89,Express,Wallet,64,Male,City26,Returned,1251.6698439999998
2025-07-09,Toys,866.69,2,40.06,Standard,COD,25,Female,City63,Returned,1038.987972
2023-11-06,Toys,1255.33,3,41.4,Standard,Debit Card,32,Male,City47,Returned,2206.87014
2022-06-24,Clothing,917.82,1,35.64,Standard,COD,26,Male,City90,Not Returned,590.708952
2022-09-22,Books,1583.61,2,10.35,Next-Day,Credit Card,43,Male,City78,Not Returned,2839.4127299999996
2023-06-06,Electronics,1255.39,5,32.47,Next-Day,COD,18,Male,City71,Not Returned,4238.824335
2022-07-13,Electronics,1568.08,1,6.41,Next-Day,Credit Card,36,Female,City8,Returned,1467.5660719999998
2023-02-28,Clothing,229.63,2,32.66,Next-Day,Wallet,47,Male,City96,Returned,309.265684
2022-07-06,Clothing,397.55,2,48.03,Express,Wallet,48,Female,City81,Returned,413.21347000000003
2025-05-10,Home Appliances,1679.94,2,27.51,Standard,Credit Card,36,Male,City98,Not Returned,2435.577012
2023-04-26,Clothing,1292.36,4,7.99,Standard,Debit Card,21,Male,City66,Not Returned,4756.401744
2023-11-28,Clothing,282.31,4,30.07,Next-Day,Wallet,35,Male,City16,Returned,789.677532
2024-05-17,Clothing,137.33,3,33.57,Standard,Credit Card,34,Male,City1,Not Returned,273.684957
2025-03-09,Toys,339.32,2,27.29,Standard,Debit Card,34,Male,City72,Not Returned,493.43914400000006
2023-12-01,Books,1039.49,5,3.86,Standard,Wallet,21,Male,City47,Returned,4996.82843
2022-02-22,Clothing,1488.06,2,16.85,Express,Debit Card,42,Female,City39,Not Returned,2474.64378
2025-06-01,Clothing,1527.8,3,0.59,Standard,Credit Card,60,Female,City41,Not Returned,4556.35794
2022-02-03,Books,741.05,1,35.44,Express,Credit Card,30,Male,City8,Not Returned,478.42187999999993
2025-07-04,Home Appliances,1769.42,5,42.97,Standard,Debit Card,27,Male,City62,Returned,5045.501130000001
2022-12-11,Books,1919.84,4,19.15,Express,COD,42,Male,City11,Not Returned,6208.76256
2023-07-31,Books,699.73,5,2.95,Standard,COD,18,Male,City82,Not Returned,3395.4398250000004
2023-11-25,Books,1700.64,4,48.05,Standard,Credit Card,46,Female,City50,Not Returned,3533.9299200000005
2023-11-04,Toys,1894.35,3,17.81,Express,Credit Card,39,Male,City58,Not Returned,4670.898795
2025-07-12,Electronics,1843.93,3,37.3,Express,COD,34,Female,City51,Returned,3468.43233
2025-04-16,Electronics,1736.32,1,43.35,Express,Credit Card,45,Male,City100,Returned,983.62528
2024-07-24,Clothing,1399.1,3,12.5,Standard,Wallet,39,Male,City14,Returned,3672.6374999999994
2025-06-10,Clothing,1500.68,2,20.47,Express,Credit Card,40,Male,City35,Not Returned,2386.981608
2023-10-25,Home Appliances,1048.57,5,26.31,Express,Debit Card,23,Female,City15,Not Returned,3863.4561649999996
2024-08-25,Home Appliances,1513.55,5,37.29,Express,COD,52,Male,City61,Not Returned,4745.736025
2022-10-04,Electronics,768.33,3,18.16,Express,COD,60,Male,City71,Not Returned,1886.4038160000002
2023-01-08,Home Appliances,909.22,5,49.18,Next-Day,Credit Card,35,Male,City82,Not Returned,2310.32802
2023-07-30,Clothing,935.85,5,6.38,Express,COD,61,Female,City97,Not Returned,4380.71385
2024-01-12,Books,1017.97,1,40.25,Express,Credit Card,28,Male,City17,Not Returned,608.2370749999999
2022-07-05,Toys,1775.58,2,39.91,Standard,COD,24,Male,City2,Not Returned,2133.8920439999997
2023-08-06,Clothing,242.59,5,13.51,Standard,Credit Card,43,Male,City65,Not Returned,1049.080455
2023-02-02,Books,953.05,5,19.64,Standard,COD,18,Female,City49,Not Returned,3829.3549
2024-07-22,Books,323.21,3,32.17,Express,Wallet,24,Female,City66,Not Returned,657.7000289999999
2023-12-11,Electronics,474.14,2,32.74,Express,COD,31,Female,City37,Not Returned,637.813128
2025-01-19,Electronics,1632.06,5,22.62,Next-Day,COD,19,Male,City72,Not Returned,6314.44014
2022-11-28,Clothing,1709.68,1,33.75,Standard,Credit Card,63,Female,City91,Not Returned,1132.663
2025-03-04,Home Appliances,978.97,5,19.06,Next-Day,COD,32,Male,City50,Not Returned,3961.89159
2024-01-10,Toys,1394.98,5,42.45,Standard,Credit Card,56,Female,City2,Returned,4014.0549499999993
2022-02-08,Toys,918.62,5,24.15,Next-Day,Debit Card,25,Male,City49,Not Returned,3483.8663500000002
2024-03-16,Electronics,1993.04,1,4.68,Standard,Wallet,22,Female,City70,Not Returned,1899.765728
2023-06-01,Clothing,759.73,4,44.71,Express,Wallet,38,Male,City43,Not Returned,1680.218868
2022-03-15,Home Appliances,1736.08,1,17.68,Standard,Wallet,32,Male,City60,Not Returned,1429.141056
2024-08-04,Electronics,289.84,3,49.86,Express,Credit Card,33,Female,City6,Not Returned,435.97732800000006
2022-01-06,Clothing,1658.26,5,6.69,Next-Day,Debit Card,28,Female,City20,Returned,7736.612029999999
2022-09-17,Home Appliances,1106.36,4,18.73,Next-Day,COD,29,Male,City59,Not Returned,3596.5550879999996
2022-01-11,Clothing,1047.94,5,25.75,Express,Wallet,45,Male,City37,Returned,3890.4772500000004
2022-10-19,Clothing,1642.72,5,7.44,Express,Debit Card,43,Female,City81,Not Returned,7602.50816
2022-07-30,Books,1103.46,1,35.88,Standard,COD,57,Female,City2,Returned,707.538552
2023-03-31,Clothing,576.21,4,39.37,Next-Day,COD,33,Female,City73,Not Returned,1397.4244920000003
2023-05-29,Clothing,419.71,4,7.09,Express,Wallet,57,Female,City29,Not Returned,1559.810244
2025-02-20,Clothing,1872.59,5,3.88,Express,Wallet,26,Male,City29,Not Returned,8999.667539999999
2022-11-01,Electronics,934.97,1,48.08,Standard,Wallet,21,Male,City73,Not Returned,485.436424
2023-05-28,Clothing,1242.16,5,31.82,Standard,Credit Card,51,Male,City69,Not Returned,4234.52344
2023-11-26,Toys,607.96,1,38.8,Standard,Debit Card,65,Female,City65,Not Returned,372.0715200000001
2023-06-25,Home Appliances,102.31,2,42.14,Next-Day,Credit Card,65,Female,City12,Returned,118.39313200000001
2022-10-16,Clothing,926.29,3,31.49,Next-Day,COD,18,Female,City18,Returned,1903.803837
2023-04-25,Clothing,1511.33,3,34.62,Next-Day,Credit Card,56,Male,City36,Returned,2964.322662
2025-05-23,Toys,1360.25,3,33.31,Next-Day,Debit Card,52,Female,City89,Not Returned,2721.4521750000004
2022-05-29,Clothing,738.75,5,43.79,Next-Day,Debit Card,30,Female,City14,Returned,2076.256875
2022-06-21,Clothing,1777.46,3,13.99,Express,Debit Card,22,Male,City78,Returned,4586.380038
2023-05-27,Electronics,848.42,3,29.76,Standard,Wallet,35,Female,City38,Not Returned,1787.7906239999995
2023-10-24,Toys,938.89,5,17.8,Standard,Wallet,39,Male,City86,Not Returned,3858.8378999999995
2022-10-31,Electronics,150.6,4,5.1,Next-Day,COD,18,Male,City61,Not Returned,571.6776
2025-05-17,Clothing,1653.46,4,15.27,Next-Day,COD,64,Female,City8,Returned,5603.906632
2022-09-28,Toys,1799.24,1,5.0,Next-Day,Wallet,60,Male,City38,Not Returned,1709.278
2025-06-28,Clothing,1195.53,4,21.03,Next-Day,COD,43,Male,City57,Not Returned,3776.4401639999996
2025-04-18,Toys,535.85,5,26.79,Express,COD,40,Male,City93,Returned,1961.478925
2023-08-17,Toys,696.71,1,21.13,Standard,Wallet,58,Female,City53,Not Returned,549.495177
2023-01-16,Electronics,825.32,3,11.04,Standard,Wallet,27,Female,City34,Not Returned,2202.614016
2023-08-27,Electronics,404.21,1,16.99,Standard,Credit Card,54,Female,City51,Returned,335.534721
2023-09-07,Electronics,199.65,4,21.21,Next-Day,Credit Card,44,Female,City31,Returned,629.21694
2025-08-17,Books,365.93,2,12.82,Standard,Wallet,56,Male,City1,Not Returned,638.0355480000001
2024-08-22,Toys,494.8,5,13.58,Next-Day,Credit Card,56,Male,City21,Not Returned,2138.0308
2025-04-03,Clothing,1916.38,1,46.1,Express,COD,41,Female,City65,Returned,1032.9288199999999
2023-07-03,Clothing,1149.42,4,42.57,Express,Debit Card,41,Male,City69,Returned,2640.4476240000004
2023-01-12,Clothing,1923.54,2,10.62,Express,Credit Card,63,Male,City37,Not Returned,3438.520104
2025-07-26,Clothing,1393.25,5,24.97,Standard,Credit Card,27,Male,City20,Returned,5226.777375
2023-11-23,Electronics,1289.61,1,45.4,Standard,COD,41,Male,City3,Not Returned,704.12706
2023-05-08,Clothing,319.32,2,17.73,Standard,Wallet,58,Female,City80,Not Returned,525.409128
2022-08-29,Electronics,891.11,1,30.39,Standard,Credit Card,38,Male,City93,Not Returned,620.3016709999999
2022-09-12,Clothing,1528.01,3,20.9,Next-Day,COD,19,Female,City18,Not Returned,3625.96773
2024-02-02,Electronics,1538.38,2,27.77,Standard,Debit Card,47,Male,City35,Not Returned,2222.343748
2023-04-23,Home Appliances,1937.02,4,47.26,Standard,Wallet,60,Female,City4,Not Returned,4086.337392000001
2023-12-25,Electronics,1969.24,5,25.15,Standard,Credit Card,21,Female,City65,Not Returned,7369.8807
2025-07-26,Electronics,1607.87,5,42.1,Standard,COD,29,Female,City84,Returned,4654.783649999999
2024-03-25,Books,1712.66,1,4.59,Express,Debit Card,53,Female,City96,Returned,1634.048906
2023-10-11,Clothing,1643.14,3,5.66,Next-Day,Debit Card,52,Male,City11,Not Returned,4650.414828
2023-04-29,Clothing,915.19,3,4.42,Standard,Credit Card,18,Male,City89,Returned,2624.215806
2022-12-03,Toys,1169.32,2,11.57,Next-Day,Wallet,38,Female,City92,Not Returned,2068.0593519999998
2023-07-18,Electronics,576.93,3,43.63,Express,Credit Card,59,Female,City75,Returned,975.6463229999999
2025-08-17,Toys,378.94,4,7.03,Standard,Credit Card,42,Female,City26,Not Returned,1409.202072
2023-06-20,Electronics,1755.15,3,32.52,Standard,Wallet,48,Female,City3,Returned,3553.12566
2022-06-02,Books,1886.84,3,16.24,Standard,COD,55,Male,City76,Not Returned,4741.251552
2023-08-23,Toys,1885.25,4,36.09,Express,Credit Card,33,Female,City9,Not Returned,4819.4531
2022-07-04,Clothing,1393.81,1,6.99,Next-Day,Debit Card,48,Male,City3,Not Returned,1296.382681
2022-09-23,Toys,1857.68,5,11.13,Standard,Wallet,42,Male,City89,Not Returned,8254.60108
2025-05-15,Books,873.06,5,24.35,Next-Day,Debit Card,60,Female,City46,Not Returned,3302.3494499999993
2024-08-31,Home Appliances,1147.32,1,12.16,Express,Wallet,25,Female,City76,Not Returned,1007.8058879999999
2025-01-07,Clothing,1443.63,3,6.94,Standard,COD,62,Male,City11,Not Returned,4030.326234
2023-03-11,Clothing,247.4,5,36.11,Standard,Debit Card,62,Male,City11,Returned,790.3193
2025-01-25,Clothing,1814.96,3,48.16,Next-Day,Wallet,53,Male,City48,Returned,2822.625792
2022-10-21,Clothing,1269.26,2,26.77,Next-Day,Wallet,36,Male,City9,Not Returned,1858.9581959999998
2025-01-11,Electronics,556.99,3,36.76,Standard,Debit Card,43,Male,City95,Returned,1056.721428
2024-07-19,Toys,883.95,4,28.35,Standard,COD,58,Female,City38,Not Returned,2533.4006999999997
2025-02-27,Electronics,1635.56,4,45.44,Next-Day,Credit Card,59,Female,City47,Returned,3569.4461440000005
2023-03-21,Toys,539.94,5,9.73,Next-Day,Debit Card,29,Female,City94,Not Returned,2437.0191900000004
2022-01-01,Books,1339.45,4,15.84,Next-Day,Credit Card,63,Female,City100,Not Returned,4509.12448
2024-04-04,Electronics,836.72,5,35.41,Express,Debit Card,32,Female,City54,Not Returned,2702.18724
2024-11-24,Electronics,1531.55,3,33.36,Express,Debit Card,20,Male,City28,Not Returned,3061.8747599999997
2025-05-16,Books,1948.04,1,38.89,Express,Wallet,52,Male,City85,Returned,1190.447244
2022-11-18,Electronics,1573.02,4,31.3,Next-Day,Wallet,63,Male,City92,Not Returned,4322.658960000001
2025-06-20,Clothing,264.27,4,32.9,Express,Debit Card,33,Female,City34,Not Returned,709.3006799999999
2022-07-25,Home Appliances,345.38,3,19.23,Next-Day,Debit Card,30,Male,City56,Returned,836.8902779999999
2023-02-10,Clothing,226.44,1,49.49,Standard,Credit Card,18,Male,City57,Returned,114.374844
2024-08-08,Books,463.56,5,10.61,Standard,Debit Card,26,Female,City17,Not Returned,2071.88142
2022-04-08,Electronics,340.84,2,22.54,Standard,COD,44,Female,City11,Not Returned,528.029328
2023-03-25,Clothing,595.63,2,6.74,Express,COD,60,Male,City69,Returned,1110.969076
2022-01-10,Electronics,234.38,2,48.91,Next-Day,Credit Card,52,Male,City43,Not Returned,239.489484
2025-08-21,Home Appliances,202.36,4,19.31,Next-Day,COD,62,Male,City25,Not Returned,653.137136
2024-01-29,Books,281.86,1,28.99,Standard,COD,49,Female,City29,Not Returned,200.148786
2025-04-16,Electronics,1907.37,1,37.75,Standard,Wallet,35,Female,City97,Not Returned,1187.337825
2025-01-26,Home Appliances,813.28,2,29.81,Next-Day,Wallet,38,Male,City33,Not Returned,1141.682464
2023-01-12,Clothing,845.05,4,39.66,Express,COD,19,Male,City57,Not Returned,2039.61268
2023-03-09,Electronics,510.69,4,19.47,Standard,Debit Card,34,Female,City27,Returned,1645.034628
2022-09-13,Home Appliances,1836.5,3,3.64,Express,Wallet,57,Male,City63,Not Returned,5308.9542
2024-03-13,Toys,958.4,4,5.58,Next-Day,Debit Card,52,Female,City38,Not Returned,3619.68512
2025-05-12,Electronics,963.1,5,13.44,Standard,Wallet,40,Male,City1,Not Returned,4168.2968
2022-04-15,Toys,1053.27,3,33.52,Next-Day,Wallet,33,Male,City60,Returned,2100.6416879999997
2022-07-07,Clothing,980.11,1,26.07,Express,Credit Card,46,Male,City81,Not Returned,724.5953230000001
2024-12-10,Electronics,599.61,1,42.18,Express,COD,60,Female,City72,Not Returned,346.69450200000006
2022-02-07,Clothing,1465.21,4,29.21,Next-Day,Debit Card,61,Male,City3,Not Returned,4148.888636
2025-08-12,Electronics,1193.66,3,22.65,Standard,COD,24,Male,City63,Not Returned,2769.8880300000005
2022-05-09,Electronics,1203.52,1,32.45,Next-Day,Debit Card,43,Male,City44,Returned,812.97776
2023-08-06,Books,1473.33,2,41.99,Standard,Credit Card,40,Female,City55,Not Returned,1709.3574660000002
2023-11-22,Clothing,678.05,3,17.95,Next-Day,Wallet,55,Male,City79,Not Returned,1669.020075
2023-04-20,Clothing,1258.95,3,26.74,Express,Wallet,31,Male,City84,Returned,2766.9203100000004
2024-07-05,Clothing,1518.58,2,3.42,Standard,Credit Card,63,Female,City42,Returned,2933.289128
2024-08-12,Clothing,567.97,4,43.09,Express,COD,19,Female,City86,Not Returned,1292.926908
2022-10-04,Toys,348.71,1,42.08,Standard,COD,21,Female,City38,Returned,201.97283199999995
2022-02-26,Electronics,1626.85,2,37.29,Next-Day,Credit Card,44,Female,City36,Not Returned,2040.3952699999998
2022-11-05,Toys,228.81,1,10.52,Standard,Credit Card,33,Male,City7,Not Returned,204.739188
2022-04-01,Clothing,1276.8,1,45.4,Standard,Debit Card,39,Female,City24,Not Returned,697.1328
2023-08-24,Clothing,1916.44,2,3.63,Express,Credit Card,45,Male,City74,Not Returned,3693.7464560000003
2023-01-11,Clothing,1388.63,5,1.61,Standard,COD,61,Male,City30,Returned,6831.365285000001
2025-05-21,Home Appliances,543.87,3,7.11,Express,Credit Card,60,Male,City33,Not Returned,1515.6025290000002
2024-05-28,Books,1860.12,4,24.27,Express,Debit Card,44,Male,City59,Not Returned,5634.675504
2025-04-14,Books,834.8,5,45.95,Standard,Debit Card,18,Male,City81,Returned,2256.047
2024-03-15,Books,1129.24,2,6.19,Express,Wallet,41,Female,City8,Not Returned,2118.680088
2025-05-31,Clothing,1587.71,1,48.23,Standard,COD,34,Female,City82,Returned,821.9574670000001
2024-12-01,Clothing,298.4,3,30.3,Standard,COD,46,Female,City37,Not Returned,623.9544
2024-05-01,Clothing,1596.12,1,30.37,Next-Day,Wallet,24,Male,City73,Not Returned,1111.3783559999997
2022-06-06,Clothing,471.02,5,1.39,Next-Day,Debit Card,18,Female,City84,Not Returned,2322.36411
2023-03-22,Toys,307.02,2,45.29,Next-Day,COD,46,Male,City46,Not Returned,335.941284
2022-05-13,Electronics,1974.85,4,34.19,Next-Day,Credit Card,54,Male,City24,Not Returned,5198.59514
2025-06-26,Clothing,1774.67,4,40.01,Next-Day,Debit Card,57,Female,City39,Not Returned,4258.498132000001
2022-05-18,Books,824.49,2,47.18,Next-Day,Debit Card,57,Male,City11,Not Returned,870.991236
2022-04-23,Clothing,1247.97,4,6.07,Express,Debit Card,21,Female,City43,Returned,4688.872884
2022-04-19,Clothing,1953.81,2,41.67,Express,Credit Card,27,Female,City6,Not Returned,2279.3147459999996
2022-10-06,Clothing,406.26,4,22.87,Express,Credit Card,53,Male,City4,Not Returned,1253.393352
2022-01-12,Electronics,197.52,3,33.14,Next-Day,Credit Card,43,Female,City42,Returned,396.18561600000004
2025-05-27,Clothing,424.25,3,40.67,Standard,Debit Card,63,Female,City68,Returned,755.1225749999999
2022-05-09,Toys,1737.98,5,23.68,Express,Debit Card,19,Male,City72,Not Returned,6632.1316799999995
2024-05-24,Electronics,1041.66,2,37.41,Next-Day,Wallet,53,Male,City87,Returned,1303.949988
2023-11-19,Books,1217.76,3,8.11,Next-Day,Credit Card,24,Female,City76,Not Returned,3356.998992
2024-10-03,Electronics,830.08,2,9.26,Standard,COD,38,Male,City83,Not Returned,1506.429184
2024-11-08,Electronics,1531.78,5,2.78,Standard,COD,42,Female,City3,Returned,7445.982579999999
2024-12-12,Clothing,1274.32,1,36.2,Standard,Wallet,41,Female,City11,Returned,813.0161599999998
2023-07-04,Clothing,1881.82,1,3.86,Next-Day,Wallet,35,Male,City52,Not Returned,1809.181748
2024-04-30,Books,564.88,5,42.08,Standard,Debit Card,36,Female,City31,Not Returned,1635.89248
2024-06-05,Clothing,227.8,5,36.81,Express,COD,64,Female,City72,Returned,719.7340999999999
2024-09-03,Home Appliances,1386.35,1,34.96,Express,COD,35,Male,City89,Not Returned,901.6820399999999
2023-04-13,Clothing,129.77,4,36.38,Standard,COD,57,Female,City81,Returned,330.238696
2023-07-18,Home Appliances,997.86,1,18.15,Next-Day,Debit Card,50,Female,City24,Not Returned,816.74841
2024-10-19,Clothing,175.27,3,10.48,Next-Day,Wallet,54,Male,City73,Returned,470.70511200000004
2024-01-24,Toys,1763.73,5,1.93,Express,COD,40,Female,City36,Returned,8648.450055
2023-03-04,Clothing,694.07,3,24.19,Standard,Credit Card,27,Male,City69,Not Returned,1578.523401
2024-05-31,Electronics,508.44,4,29.01,Standard,COD,44,Female,City68,Not Returned,1443.766224
2023-10-31,Books,976.64,2,49.81,Express,Debit Card,33,Male,City46,Not Returned,980.351232
2023-07-03,Clothing,1302.13,1,5.86,Standard,Debit Card,55,Female,City66,Not Returned,1225.825182
2025-07-29,Books,1485.7,5,20.66,Next-Day,Credit Card,42,Female,City38,Not Returned,5893.7719
2022-02-23,Clothing,284.29,2,1.47,Standard,Debit Card,50,Male,City94,Not Returned,560.2218740000001
2023-11-24,Books,1948.69,5,41.34,Standard,Wallet,39,Male,City74,Not Returned,5715.50777
2024-12-05,Toys,1485.97,4,31.9,Express,COD,36,Female,City57,Returned,4047.7822800000004
2022-01-08,Clothing,1291.37,2,23.12,Standard,Credit Card,34,Male,City35,Not Returned,1985.6105119999997
2023-12-30,Toys,1193.16,1,15.31,Standard,Wallet,42,Female,City91,Returned,1010.487204
2022-07-29,Electronics,1208.84,5,28.18,Express,COD,45,Female,City11,Returned,4340.944439999999
2023-08-23,Books,1631.84,2,2.01,Standard,COD,49,Male,City67,Not Returned,3198.080032
2024-09-09,Clothing,1438.87,2,29.29,Standard,COD,20,Female,City20,Returned,2034.849954
2025-07-19,Electronics,766.54,1,15.35,Next-Day,COD,34,Female,City35,Not Returned,648.87611
2022-05-03,Clothing,445.79,2,34.77,Next-Day,Credit Card,25,Female,City45,Returned,581.577634
2023-08-02,Toys,1191.77,5,44.55,Express,Wallet,61,Male,City73,Not Returned,3304.182325
2022-02-13,Clothing,872.97,1,48.39,Express,Credit Card,59,Female,City49,Returned,450.539817
2025-08-28,Clothing,881.03,3,1.78,Next-Day,Debit Card,58,Female,City68,Returned,2596.042998
2023-07-06,Clothing,1312.73,2,36.03,Express,Wallet,51,Female,City100,Not Returned,1679.5067619999998
2022-12-11,Clothing,888.03,1,30.97,Standard,Wallet,61,Male,City23,Returned,613.007109
2024-10-17,Home Appliances,1186.47,5,48.94,Express,Credit Card,21,Female,City36,Not Returned,3029.05791
2023-12-28,Electronics,1341.93,1,24.97,Standard,Credit Card,20,Female,City46,Not Returned,1006.850079
2023-10-24,Clothing,1148.38,3,5.78,Next-Day,Credit Card,60,Male,City29,Not Returned,3246.0109080000007
2025-03-05,Toys,253.61,4,28.28,Next-Day,Credit Card,30,Male,City41,Not Returned,727.5563680000001
2022-01-02,Electronics,1884.47,3,34.21,Next-Day,COD,38,Male,City41,Not Returned,3719.3784389999996
2025-01-11,Electronics,1078.45,3,33.29,Next-Day,COD,40,Female,City14,Returned,2158.3019850000005
2024-10-26,Electronics,235.66,2,3.63,Express,Debit Card,48,Female,City41,Returned,454.21108399999997
2024-03-21,Clothing,267.04,4,3.51,Standard,Credit Card,60,Male,City79,Not Returned,1030.667584
2023-06-08,Toys,650.84,3,27.39,Standard,Debit Card,58,Female,City39,Not Returned,1417.724772
2025-06-01,Electronics,1110.32,5,10.14,Standard,COD,20,Male,City39,Not Returned,4988.667759999999
2022-10-01,Home Appliances,321.65,3,4.39,Express,Debit Card,55,Female,City2,Not Returned,922.5886949999999
2025-02-12,Clothing,1917.35,3,34.05,Express,COD,38,Male,City1,Not Returned,3793.4769749999996
2023-04-10,Toys,1143.68,3,4.81,Next-Day,Wallet,61,Female,City26,Not Returned,3266.0069759999997
2022-08-31,Toys,1103.19,4,25.9,Standard,COD,65,Female,City26,Not Returned,3269.85516
2024-09-22,Electronics,411.51,5,31.92,Standard,Wallet,59,Female,City40,Returned,1400.78004
2022-06-20,Books,1208.62,2,43.59,Next-Day,Debit Card,55,Male,City93,Returned,1363.565084
2025-05-03,Home Appliances,730.02,5,33.31,Next-Day,Wallet,60,Male,City58,Not Returned,2434.25169
2024-05-23,Clothing,812.31,3,16.94,Express,COD,21,Male,City41,Returned,2024.1140579999999
2023-02-18,Clothing,729.9,1,30.4,Express,Wallet,30,Male,City11,Not Returned,508.01039999999995
2022-05-07,Clothing,263.61,2,31.32,Next-Day,Wallet,62,Male,City62,Returned,362.09469600000006
2022-01-10,Toys,798.82,5,27.1,Standard,Credit Card,20,Female,City74,Returned,2911.6989000000003
2022-04-05,Clothing,840.81,4,32.01,Standard,Wallet,57,Female,City69,Not Returned,2286.666876
2023-10-10,Electronics,495.43,1,24.66,Standard,COD,38,Male,City99,Not Returned,373.256962
2023-08-05,Home Appliances,589.22,1,37.39,Express,Wallet,23,Female,City54,Returned,368.910642
2023-06-03,Toys,364.28,2,38.22,Express,COD,48,Male,City81,Not Returned,450.10436799999997
2022-08-01,Clothing,455.59,3,41.34,Standard,Credit Card,39,Male,City69,Not Returned,801.747282
2022-10-19,Books,1430.92,3,47.25,Standard,Wallet,48,Male,City21,Returned,2264.4309000000003
2024-04-03,Toys,1017.71,4,28.61,Express,Wallet,55,Female,City90,Not Returned,2906.172676
2024-06-22,Home Appliances,366.78,4,38.29,Next-Day,COD,65,Male,City86,Not Returned,905.359752
2024-10-02,Electronics,1567.78,4,34.04,Standard,Wallet,24,Female,City43,Not Returned,4136.430751999999
2024-05-18,Electronics,596.63,4,26.02,Next-Day,Wallet,27,Female,City25,Not Returned,1765.547496
2023-04-25,Books,550.92,5,35.42,Express,Credit Card,22,Male,City23,Not Returned,1778.9206799999997
2023-07-19,Books,747.22,4,44.9,Standard,Wallet,39,Male,City9,Returned,1646.87288
2025-08-27,Clothing,702.59,3,38.12,Next-Day,Credit Card,28,Male,City99,Returned,1304.288076
2022-04-11,Electronics,597.85,5,23.53,Express,Wallet,40,Female,City23,Not Returned,2285.8794749999997
2022-04-04,Books,909.62,2,24.27,Next-Day,Credit Card,64,Male,City76,Not Returned,1377.710452
2023-06-05,Electronics,1037.05,1,42.35,Standard,Credit Card,41,Male,City72,Not Returned,597.859325
2024-04-05,Electronics,308.28,3,6.29,Express,COD,58,Female,City48,Not Returned,866.667564
2022-06-06,Clothing,1326.33,2,45.14,Next-Day,COD,64,Female,City43,Not Returned,1455.2492759999998
2023-11-07,Toys,1205.37,4,49.94,Next-Day,COD,45,Female,City83,Not Returned,2413.632888
2024-09-23,Books,124.4,3,16.29,Standard,Wallet,50,Female,City56,Returned,312.40572000000003
2025-01-15,Home Appliances,623.4,2,29.46,Standard,Wallet,63,Female,City52,Not Returned,879.49272
2024-04-18,Clothing,549.25,4,17.19,Next-Day,Wallet,31,Female,City90,Returned,1819.3356999999999
2023-08-15,Books,1683.86,2,33.53,Standard,Debit Card,32,Male,City9,Not Returned,2238.5234840000003
2024-09-08,Electronics,738.29,5,15.43,Standard,Debit Card,43,Female,City15,Not Returned,3121.859265
2023-10-13,Clothing,613.99,2,45.47,Standard,COD,25,Female,City69,Not Returned,669.617494
2022-05-12,Books,429.63,1,12.01,Next-Day,Wallet,25,Female,City79,Not Returned,378.031437
2023-03-06,Electronics,109.46,5,20.25,Standard,Wallet,61,Male,City27,Not Returned,436.47174999999993
2024-07-31,Home Appliances,732.19,5,32.35,Standard,COD,27,Male,City9,Returned,2476.6326750000003
2023-10-04,Clothing,635.43,4,22.29,Next-Day,Wallet,29,Male,City46,Not Returned,1975.170612
2024-06-21,Books,471.79,2,16.31,Express,Wallet,52,Female,City69,Not Returned,789.682102
2024-10-10,Clothing,1802.36,4,45.75,Standard,Debit Card,48,Male,City68,Not Returned,3911.1211999999996
2022-01-21,Books,149.83,4,13.44,Next-Day,Debit Card,58,Female,City1,Returned,518.7713920000001
2023-10-02,Electronics,779.3,1,0.51,Next-Day,Wallet,21,Female,City85,Not Returned,775.32557
2023-05-05,Clothing,354.58,3,45.87,Next-Day,Credit Card,36,Female,City96,Not Returned,575.802462
2025-04-28,Books,1026.61,2,37.91,Express,COD,25,Male,City38,Not Returned,1274.844298
2024-12-05,Clothing,262.36,3,3.59,Next-Day,Wallet,21,Male,City84,Not Returned,758.823828
2022-06-05,Clothing,1112.8,2,33.4,Next-Day,Wallet,34,Female,City82,Not Returned,1482.2496
2025-07-02,Toys,550.72,2,26.68,Standard,Wallet,61,Female,City58,Not Returned,807.5758080000002
2024-04-14,Clothing,1889.76,3,34.06,Express,Credit Card,65,Female,City3,Not Returned,3738.3232319999997
2024-11-16,Clothing,1616.26,5,25.66,Standard,COD,24,Female,City87,Returned,6007.63842
2023-03-18,Toys,1439.98,5,21.89,Express,Wallet,56,Male,City61,Not Returned,5623.84189
2024-01-10,Clothing,1206.88,1,44.48,Standard,Debit Card,44,Male,City31,Returned,670.059776
2024-06-15,Electronics,938.74,4,25.52,Next-Day,Debit Card,44,Female,City10,Returned,2796.694208
2023-11-12,Toys,1345.39,1,18.11,Express,COD,25,Female,City15,Returned,1101.739871
2022-03-11,Books,422.35,4,39.34,Next-Day,Credit Card,25,Male,City95,Not Returned,1024.79004
2025-06-03,Clothing,1692.46,4,29.09,Next-Day,Credit Card,62,Male,City35,Not Returned,4800.493544000001
2024-06-06,Clothing,1239.6,2,10.78,Next-Day,Wallet,59,Male,City94,Not Returned,2211.94224
2022-09-08,Books,1211.33,2,8.83,Standard,Wallet,20,Male,City28,Not Returned,2208.739122
2025-01-19,Clothing,1298.06,4,1.0,Standard,COD,30,Female,City54,Not Returned,5140.317599999999
2024-02-24,Clothing,1767.88,2,37.17,Standard,COD,62,Male,City12,Returned,2221.518008
2024-03-19,Books,1435.83,3,22.33,Express,Debit Card,46,Male,City78,Not Returned,3345.627483
2023-06-09,Home Appliances,1780.83,5,20.92,Next-Day,Debit Card,27,Female,City32,Not Returned,7041.401819999999
2022-10-20,Electronics,1898.16,3,11.03,Express,Wallet,24,Male,City59,Not Returned,5066.378856
2022-01-06,Clothing,1909.65,2,26.93,Next-Day,Credit Card,47,Male,City96,Not Returned,2790.76251
2023-11-04,Toys,1230.55,2,4.31,Next-Day,Credit Card,39,Male,City12,Not Returned,2355.02659
2022-11-11,Clothing,1002.53,3,17.12,Next-Day,Credit Card,60,Male,City64,Not Returned,2492.690592
2023-12-31,Toys,480.42,3,49.24,Next-Day,Wallet,25,Female,City79,Not Returned,731.5835760000001
2023-05-16,Books,1249.28,5,38.66,Express,COD,51,Male,City69,Not Returned,3831.54176
2025-01-03,Home Appliances,784.44,5,9.16,Standard,Credit Card,34,Male,City97,Not Returned,3562.92648
2025-01-25,Clothing,1025.16,2,39.26,Standard,COD,53,Male,City93,Not Returned,1245.364368
2023-04-20,Clothing,1734.34,2,42.15,Express,Wallet,31,Female,City65,Not Returned,2006.63138
2022-12-18,Home Appliances,1530.83,3,24.98,Standard,Wallet,62,Male,City82,Not Returned,3445.285998
2024-07-31,Toys,1671.52,1,24.92,Express,Debit Card,46,Female,City5,Not Returned,1254.977216
2025-05-31,Clothing,1803.4,3,13.38,Standard,Wallet,48,Male,City86,Not Returned,4686.315240000001
2025-06-06,Books,1228.72,5,42.31,Standard,Credit Card,20,Male,City33,Not Returned,3544.24284
2023-11-11,Clothing,881.41,1,43.21,Standard,Debit Card,54,Female,City67,Returned,500.55273900000003
2024-08-14,Electronics,1057.91,2,16.59,Next-Day,Credit Card,26,Male,City87,Not Returned,1764.8054620000003
2023-06-27,Clothing,204.35,3,4.01,Next-Day,COD,33,Male,City65,Not Returned,588.466695
2023-11-04,Clothing,1495.32,1,9.79,Standard,COD,19,Female,City14,Not Returned,1348.928172
2022-04-12,Toys,1780.27,2,48.92,Standard,Debit Card,38,Male,City50,Returned,1818.7238319999997
2025-01-07,Toys,907.48,4,4.4,Standard,Wallet,40,Male,City91,Not Returned,3470.20352
2022-07-07,Electronics,438.49,5,40.58,Next-Day,Wallet,41,Male,City13,Returned,1302.75379
2023-03-14,Clothing,1078.9,4,4.08,Express,Debit Card,42,Male,City69,Returned,4139.523520000001
2025-05-02,Clothing,1558.16,1,24.8,Next-Day,Debit Card,59,Female,City20,Returned,1171.73632
2022-04-28,Clothing,499.43,4,49.97,Express,Debit Card,35,Female,City19,Returned,999.459316
2022-02-28,Books,276.56,5,9.74,Next-Day,Wallet,30,Male,City12,Not Returned,1248.11528
2023-09-29,Electronics,1036.86,5,32.8,Standard,Wallet,65,Female,City59,Not Returned,3483.8495999999996
2025-05-11,Clothing,1663.22,4,20.28,Express,COD,46,Male,City8,Not Returned,5303.675936000001
2023-11-09,Electronics,1979.22,3,19.76,Standard,Debit Card,40,Male,City24,Not Returned,4764.378384
2025-03-10,Clothing,403.8,2,47.96,Standard,Debit Card,50,Male,City2,Not Returned,420.27504
2024-09-14,Toys,1982.5,2,12.63,Standard,Wallet,29,Male,City18,Returned,3464.2205
2023-10-25,Electronics,1665.35,4,35.81,Express,Wallet,42,Female,City83,Not Returned,4275.952659999999
2022-04-24,Electronics,1319.66,1,22.33,Standard,Debit Card,43,Male,City20,Returned,1024.9799220000002
2023-12-03,Electronics,1187.03,5,10.74,Standard,Credit Card,48,Female,City61,Not Returned,5297.71489
2025-01-18,Electronics,1948.08,3,28.66,Express,Wallet,63,Female,City87,Not Returned,4169.280816
2025-05-28,Books,1535.84,1,16.68,Express,Credit Card,62,Male,City34,Not Returned,1279.6618879999999
2025-02-03,Clothing,1431.22,4,20.99,Express,COD,64,Male,City75,Returned,4523.227688
2025-07-31,Books,1186.7,1,11.45,Next-Day,Debit Card,18,Female,City77,Not Returned,1050.82285
2024-10-24,Clothing,668.67,4,34.88,Next-Day,COD,24,Female,City91,Not Returned,1741.7516159999998
2022-01-15,Electronics,967.22,5,24.45,Express,Wallet,41,Female,City48,Not Returned,3653.6735500000004
2025-06-02,Toys,580.27,4,8.93,Express,COD,40,Female,City73,Not Returned,2113.807556
2022-01-15,Electronics,871.27,2,36.28,Next-Day,Credit Card,19,Female,City34,Returned,1110.346488
2022-05-21,Books,700.4,3,24.39,Express,Debit Card,43,Female,City89,Not Returned,1588.7173199999997
2022-08-17,Clothing,978.13,4,17.81,Standard,Credit Card,45,Male,City16,Not Returned,3215.7001880000003
2023-05-16,Clothing,1725.07,2,13.77,Next-Day,Wallet,61,Female,City75,Not Returned,2975.055722
2025-04-18,Electronics,260.11,3,18.5,Standard,Wallet,47,Female,City51,Not Returned,635.96895
2022-07-10,Books,1730.93,3,17.01,Next-Day,Wallet,21,Female,City63,Not Returned,4309.496421
2024-03-03,Books,1721.64,3,44.03,Next-Day,Credit Card,31,Female,City33,Returned,2890.805724
2024-05-02,Clothing,1172.23,4,1.69,Standard,COD,24,Male,City68,Returned,4609.6772519999995
2022-03-06,Clothing,1020.19,1,43.54,Express,COD,59,Male,City44,Returned,575.999274
2024-04-10,Toys,1033.99,3,26.95,Express,COD,32,Female,City86,Returned,2265.989085
2022-12-14,Electronics,106.98,2,15.13,Next-Day,COD,40,Male,City7,Not Returned,181.587852
2025-06-13,Books,901.07,1,7.11,Next-Day,COD,19,Male,City93,Not Returned,837.0039230000001
2023-12-18,Electronics,1376.69,3,26.4,Standard,Credit Card,62,Female,City52,Not Returned,3039.73152
2024-01-01,Clothing,1719.25,2,39.8,Express,Credit Card,27,Female,City41,Returned,2069.9770000000003
2022-04-25,Clothing,1002.36,3,30.71,Express,COD,31,Male,City8,Not Returned,2083.605732
2023-10-28,Toys,1296.78,2,20.58,Standard,Debit Card,32,Female,City35,Returned,2059.805352
2024-03-13,Home Appliances,492.31,3,35.6,Next-Day,Wallet,53,Male,City92,Returned,951.1429199999999
2023-10-08,Electronics,1824.12,3,8.95,Next-Day,COD,58,Female,City42,Not Returned,4982.58378
2022-06-24,Electronics,652.14,4,0.73,Standard,COD,31,Male,City38,Not Returned,2589.517512
2023-06-19,Books,1221.61,3,15.66,Standard,Credit Card,64,Female,City33,Not Returned,3090.917622
2023-04-15,Clothing,434.38,1,19.22,Next-Day,Wallet,48,Male,City41,Not Returned,350.89216400000004
2025-07-03,Books,458.83,5,31.4,Standard,Credit Card,42,Male,City87,Returned,1573.7868999999998
2024-02-18,Clothing,1097.25,4,39.28,Standard,Credit Card,64,Male,City72,Not Returned,2665.0008
2023-05-06,Clothing,1366.22,3,4.49,Express,Debit Card,42,Male,City2,Returned,3914.6301659999995
2023-09-01,Home Appliances,958.16,2,32.18,Standard,Debit Card,56,Female,City62,Not Returned,1299.648224
2023-01-19,Clothing,1773.9,4,33.41,Next-Day,Credit Card,60,Female,City85,Returned,4724.960040000001
2023-08-26,Toys,1449.38,5,19.84,Standard,Debit Card,56,Female,City16,Returned,5809.115040000001
2023-04-22,Clothing,641.7,3,25.18,Express,Wallet,51,Female,City98,Not Returned,1440.3598200000001
2023-07-01,Toys,1080.26,1,29.13,Next-Day,COD,45,Female,City87,Not Returned,765.580262
2023-09-17,Home Appliances,726.96,1,35.99,Next-Day,Debit Card,60,Male,City78,Returned,465.32709600000004
2024-12-14,Electronics,298.84,3,41.66,Next-Day,COD,35,Female,City14,Not Returned,523.029768
2022-08-09,Home Appliances,1867.36,2,44.36,Standard,Credit Card,32,Male,City42,Returned,2077.998208
2023-12-06,Clothing,325.31,1,36.72,Standard,Credit Card,22,Female,City70,Returned,205.856168
2023-07-05,Clothing,141.57,3,27.93,Standard,COD,36,Female,City44,Returned,306.08849699999996
2025-07-22,Electronics,1567.77,2,47.45,Standard,Debit Card,20,Male,City76,Not Returned,1647.7262699999999
2024-10-21,Toys,1733.98,4,5.4,Standard,Wallet,51,Male,City76,Not Returned,6561.380319999999
2025-06-26,Clothing,949.66,2,25.66,Express,Wallet,64,Male,City5,Returned,1411.954488
2022-02-20,Toys,1816.23,3,34.29,Express,Credit Card,29,Female,City95,Not Returned,3580.3341990000004
2022-12-23,Books,1434.03,3,28.38,Standard,COD,58,Female,City68,Not Returned,3081.156858
2024-01-27,Electronics,1834.94,4,44.81,Express,COD,45,Male,City16,Not Returned,4050.8135440000005
2022-06-08,Toys,435.88,2,44.98,Standard,Wallet,60,Male,City35,Returned,479.642352
2022-09-15,Clothing,1024.28,2,23.7,Express,COD,46,Female,City98,Not Returned,1563.05128
2022-12-18,Clothing,1301.33,4,3.32,Standard,Wallet,59,Male,City4,Not Returned,5032.503376
2024-10-30,Electronics,127.43,1,45.59,Next-Day,Credit Card,53,Male,City27,Returned,69.334663
2022-11-15,Clothing,313.3,4,43.57,Next-Day,Credit Card,63,Female,City27,Returned,707.1807600000001
2025-02-15,Electronics,900.17,2,20.19,Next-Day,Debit Card,48,Male,City85,Returned,1436.851354
2022-09-13,Electronics,598.3,2,5.95,Next-Day,Debit Card,30,Female,City91,Not Returned,1125.4023
2023-05-06,Clothing,1035.01,2,5.08,Next-Day,Wallet,45,Female,City33,Not Returned,1964.862984
2024-04-29,Toys,1147.98,4,10.29,Standard,Credit Card,48,Male,City51,Not Returned,4119.411432
2022-10-22,Clothing,585.98,1,35.06,Express,Wallet,25,Male,City83,Not Returned,380.535412
2024-10-05,Toys,1945.64,2,37.7,Express,COD,31,Male,City34,Not Returned,2424.26744
2025-02-26,Toys,1161.79,3,25.48,Express,Wallet,23,Male,City27,Returned,2597.297724
2025-05-28,Electronics,1872.96,2,25.31,Standard,COD,63,Female,City17,Returned,2797.827648
2022-03-28,Toys,972.8,3,45.6,Next-Day,COD,47,Female,City67,Returned,1587.6096
2023-04-17,Electronics,1652.26,4,15.1,Standard,COD,58,Female,City82,Not Returned,5611.07496
2023-01-06,Books,1905.43,5,49.74,Express,Wallet,26,Female,City37,Not Returned,4788.345589999999
2024-02-03,Electronics,1154.32,1,6.77,Express,Credit Card,56,Male,City12,Returned,1076.172536
2024-01-14,Clothing,544.0,5,9.9,Express,Credit Card,45,Male,City67,Not Returned,2450.7200000000003
2023-06-13,Electronics,407.08,4,4.38,Standard,COD,52,Male,City44,Not Returned,1556.999584
2023-12-30,Home Appliances,1044.66,4,37.68,Standard,Wallet,42,Female,City94,Not Returned,2604.128448
2025-07-15,Electronics,220.32,3,49.75,Standard,Credit Card,27,Male,City4,Not Returned,332.13239999999996
2024-12-19,Clothing,191.62,3,47.72,Standard,Wallet,54,Male,City54,Not Returned,300.53680799999995
2023-12-16,Clothing,980.81,2,31.4,Next-Day,Credit Card,34,Female,City68,Not Returned,1345.67132
2025-07-25,Clothing,920.05,5,27.06,Standard,COD,62,Male,City23,Returned,3355.4223500000003
2025-05-17,Clothing,749.88,3,10.25,Standard,Debit Card,24,Male,City22,Returned,2019.0518999999997
2023-02-08,Home Appliances,1278.4,5,41.57,Next-Day,Credit Card,24,Male,City37,Returned,3734.8456
2024-02-06,Electronics,1295.33,5,18.38,Next-Day,Wallet,38,Female,City89,Not Returned,5286.24173
2022-08-16,Clothing,886.54,1,23.22,Standard,Wallet,29,Female,City45,Not Returned,680.685412
2025-03-27,Clothing,1461.06,2,0.57,Express,Wallet,61,Female,City54,Not Returned,2905.4639159999997
2024-10-22,Electronics,409.83,2,12.26,Express,Credit Card,49,Female,City59,Returned,719.169684
2024-01-06,Toys,992.58,5,46.97,Next-Day,Wallet,63,Male,City100,Returned,2631.82587
2024-06-21,Clothing,1160.42,5,31.92,Express,Debit Card,43,Male,City45,Not Returned,3950.06968
2024-03-10,Clothing,683.98,4,43.13,Next-Day,Debit Card,34,Male,City23,Not Returned,1555.917704
2023-01-06,Clothing,1092.08,2,35.77,Next-Day,Credit Card,37,Female,City69,Returned,1402.8859679999998
2024-04-30,Books,760.74,2,12.09,Standard,Credit Card,30,Male,City19,Returned,1337.533068
2025-05-12,Electronics,1860.9,5,46.91,Standard,Debit Card,18,Female,City34,Not Returned,4939.759050000001
2025-06-20,Electronics,301.95,5,48.86,Express,Credit Card,34,Male,City53,Returned,772.0861500000001
2024-11-07,Books,1775.83,3,16.8,Express,COD,32,Female,City85,Not Returned,4432.47168
2022-03-25,Books,381.08,3,6.74,Next-Day,Wallet,48,Male,City55,Not Returned,1066.185624
2023-06-01,Electronics,1694.81,5,6.4,Express,Debit Card,31,Female,City24,Not Returned,7931.710799999999
2024-03-17,Electronics,1214.99,4,18.96,Express,Debit Card,28,Male,City94,Not Returned,3938.511584
2022-01-17,Clothing,1819.71,2,44.6,Express,COD,64,Male,City80,Not Returned,2016.2386800000002
2022-07-05,Home Appliances,457.45,4,19.11,Standard,Debit Card,50,Male,City42,Not Returned,1480.12522
2025-01-10,Clothing,386.6,1,17.14,Express,Wallet,23,Female,City81,Not Returned,320.33676
2022-03-27,Clothing,156.17,3,17.35,Standard,Credit Card,23,Male,City86,Not Returned,387.223515
2022-04-23,Clothing,490.98,3,14.92,Standard,COD,31,Female,City39,Not Returned,1253.1773520000002
2024-05-07,Clothing,1386.22,1,46.93,Express,Wallet,35,Female,City56,Returned,735.6669539999999
2023-07-26,Home Appliances,1003.25,2,3.08,Express,COD,44,Male,City92,Returned,1944.6997999999999
2024-11-13,Clothing,533.24,1,16.36,Express,Wallet,49,Male,City26,Returned,446.001936
2024-09-10,Toys,1235.61,1,2.54,Standard,COD,29,Male,City48,Not Returned,1204.225506
2024-10-20,Electronics,1614.27,4,0.5,Next-Day,Wallet,58,Male,City97,Not Returned,6424.7946
2024-01-13,Electronics,897.98,3,45.34,Standard,Credit Card,42,Male,City30,Not Returned,1472.507604
2023-05-31,Clothing,493.49,1,25.16,Next-Day,Debit Card,62,Female,City88,Not Returned,369.32791599999996
2023-05-08,Toys,861.25,5,33.48,Express,COD,58,Female,City20,Not Returned,2864.5175
2023-10-17,Toys,523.8,5,34.92,Standard,Wallet,33,Female,City33,Not Returned,1704.4452
2024-09-03,Clothing,885.14,5,43.62,Express,Credit Card,55,Male,City6,Not Returned,2495.2096600000004
2025-03-17,Clothing,521.92,1,31.81,Standard,Debit Card,46,Male,City73,Not Returned,355.89724799999993
2023-01-14,Books,1478.27,1,19.82,Express,Credit Card,25,Male,City90,Returned,1185.2768859999999
2022-10-22,Clothing,1133.18,3,17.02,Express,COD,31,Male,City37,Not Returned,2820.938292
2022-06-28,Electronics,184.49,5,45.15,Standard,Debit Card,56,Female,City28,Not Returned,505.963825
2025-06-22,Electronics,352.01,4,23.84,Next-Day,Credit Card,63,Female,City19,Not Returned,1072.363264
2025-06-09,Toys,1722.44,5,48.17,Express,Credit Card,19,Male,City10,Not Returned,4463.70326
2024-08-07,Clothing,1045.17,4,1.73,Express,Debit Card,59,Female,City56,Returned,4108.354236
2023-07-03,Electronics,412.83,3,16.56,Standard,Credit Card,52,Male,City87,Returned,1033.396056
2025-05-06,Toys,1602.53,4,35.05,Next-Day,COD,40,Female,City90,Not Returned,4163.372939999999
2025-08-10,Clothing,1190.21,5,31.02,Express,COD,51,Male,City21,Not Returned,4105.03429
2022-09-03,Toys,1814.27,5,45.66,Express,Credit Card,45,Female,City75,Not Returned,4929.371590000002
2025-01-21,Home Appliances,807.65,2,11.53,Express,COD,60,Male,City77,Not Returned,1429.05591
2022-08-29,Books,1905.23,1,23.65,Standard,Debit Card,22,Female,City60,Not Returned,1454.643105
2023-09-02,Electronics,614.02,4,29.99,Standard,COD,33,Male,City44,Not Returned,1719.5016079999998
2022-08-25,Clothing,669.98,4,34.41,Standard,Wallet,50,Male,City95,Not Returned,1757.759528
2025-06-04,Clothing,1064.65,4,20.44,Express,COD,63,Male,City26,Not Returned,3388.1421600000003
2022-06-16,Clothing,635.35,5,31.05,Standard,Credit Card,63,Male,City77,Not Returned,2190.369125
2024-12-08,Clothing,1672.95,3,37.19,Next-Day,Debit Card,19,Female,City90,Not Returned,3152.339685000001
2022-07-13,Clothing,1137.24,1,18.16,Next-Day,Wallet,55,Male,City55,Returned,930.717216
2022-06-01,Home Appliances,422.74,3,35.75,Standard,Debit Card,25,Male,City43,Not Returned,814.8313500000002
2022-12-26,Clothing,1774.06,5,2.11,Express,Wallet,57,Male,City35,Not Returned,8683.13667
2024-08-02,Home Appliances,633.89,2,16.04,Next-Day,COD,38,Female,City20,Not Returned,1064.428088
2023-08-10,Toys,1435.65,2,39.4,Standard,Debit Card,58,Female,City75,Not Returned,1740.0078000000003
2022-02-12,Clothing,1033.32,3,3.12,Standard,COD,62,Male,City6,Not Returned,3003.241248
2022-11-11,Electronics,687.97,4,38.51,Next-Day,Wallet,43,Male,City71,Not Returned,1692.131012
2025-07-04,Electronics,916.45,1,21.91,Standard,COD,54,Female,City57,Not Returned,715.6558050000001
2023-12-13,Clothing,1713.91,1,1.29,Express,Debit Card,38,Female,City17,Not Returned,1691.800561
2023-07-21,Clothing,1429.4,2,33.59,Next-Day,Wallet,25,Male,City7,Returned,1898.5290799999998
2025-08-12,Clothing,1671.95,5,23.69,Standard,COD,50,Male,City48,Not Returned,6379.325225
2025-06-10,Toys,1806.72,3,1.84,Express,Credit Card,63,Male,City35,Returned,5320.429056
2022-11-04,Books,183.4,2,40.13,Next-Day,Credit Card,63,Male,City93,Not Returned,219.60316
2022-01-21,Clothing,1566.14,2,35.67,Standard,Credit Card,44,Male,City99,Not Returned,2014.995724
2024-09-05,Clothing,1223.34,2,17.75,Next-Day,Wallet,33,Female,City26,Not Returned,2012.3943
2024-05-28,Clothing,1505.65,1,44.07,Express,Credit Card,45,Male,City83,Returned,842.1100450000001
2025-07-02,Electronics,716.17,4,13.26,Next-Day,Credit Card,39,Male,City64,Returned,2484.8234319999997
2024-11-19,Clothing,916.47,5,16.29,Next-Day,Debit Card,18,Female,City96,Not Returned,3835.885185
2023-10-11,Clothing,937.71,1,9.86,Express,Wallet,23,Male,City67,Not Returned,845.251794
2025-05-27,Electronics,1680.43,5,12.74,Express,Debit Card,60,Male,City83,Not Returned,7331.71609
2025-07-07,Books,380.85,1,32.49,Next-Day,Credit Card,28,Male,City63,Not Returned,257.11183500000004
2023-03-30,Electronics,160.09,3,49.37,Standard,Wallet,50,Female,City77,Not Returned,243.160701
2024-07-16,Clothing,1952.4,4,38.85,Next-Day,Wallet,21,Female,City43,Returned,4775.5704
2022-03-28,Clothing,165.98,3,44.58,Express,Debit Card,24,Female,City2,Not Returned,275.958348
2025-06-08,Clothing,916.94,2,25.43,Express,Debit Card,42,Male,City11,Returned,1367.5243160000002
2025-03-12,Home Appliances,216.45,5,32.92,Express,Wallet,50,Male,City98,Not Returned,725.9733000000001
2022-01-03,Books,1392.72,4,5.11,Next-Day,Wallet,50,Female,City55,Not Returned,5286.208032
2022-12-27,Toys,785.76,4,36.88,Express,Wallet,60,Male,City45,Not Returned,1983.8868479999999
2025-01-16,Clothing,1662.52,4,16.91,Express,Wallet,56,Female,City25,Returned,5525.551472
2023-11-21,Books,675.87,4,39.1,Next-Day,Credit Card,40,Male,City17,Not Returned,1646.41932
2023-10-09,Home Appliances,938.11,1,18.78,Standard,Debit Card,46,Male,City66,Returned,761.932942
2024-03-22,Electronics,1612.02,3,3.7,Express,Credit Card,58,Female,City36,Not Returned,4657.125779999999
2023-05-23,Home Appliances,361.86,3,37.44,Standard,Wallet,43,Female,City73,Not Returned,679.138848
2023-09-21,Clothing,847.58,1,49.39,Standard,Wallet,48,Female,City58,Not Returned,428.960238
2023-06-14,Clothing,1018.78,5,11.84,Standard,Debit Card,52,Male,City3,Not Returned,4490.78224
2024-03-17,Toys,940.74,1,6.49,Express,Credit Card,56,Female,City14,Not Returned,879.6859740000001
2024-12-11,Toys,1146.36,3,25.29,Next-Day,Wallet,30,Male,City3,Not Returned,2569.336668
2024-11-05,Electronics,1010.39,3,17.78,Standard,COD,61,Female,City87,Not Returned,2492.2279740000004
2023-10-28,Books,1115.39,1,23.03,Next-Day,Debit Card,43,Male,City86,Not Returned,858.5156830000001
2023-08-28,Home Appliances,167.96,3,36.24,Standard,Wallet,65,Male,City1,Returned,321.27388799999994
2024-08-02,Books,964.61,2,1.16,Next-Day,Wallet,44,Male,City34,Not Returned,1906.841048
2025-06-10,Clothing,697.11,1,39.5,Standard,Credit Card,25,Female,City45,Returned,421.75155
2025-08-02,Electronics,1120.21,1,7.0,Standard,COD,49,Male,City70,Not Returned,1041.7953
2023-02-21,Toys,861.56,3,16.12,Express,COD,45,Female,City86,Not Returned,2168.029584
2022-05-06,Clothing,1750.03,2,4.4,Next-Day,Wallet,57,Male,City46,Returned,3346.05736
2023-07-24,Electronics,757.98,4,24.74,Express,COD,45,Female,City23,Not Returned,2281.8229920000003
2022-02-10,Clothing,1873.74,3,8.94,Standard,Debit Card,58,Female,City29,Not Returned,5118.682932
2022-03-29,Clothing,1119.35,3,4.15,Next-Day,Credit Card,45,Female,City26,Not Returned,3218.690925
2023-01-24,Toys,938.58,4,25.4,Express,Wallet,32,Male,City41,Not Returned,2800.72272
2024-09-27,Toys,416.74,1,22.71,Express,Wallet,20,Male,City61,Returned,322.098346
2024-02-26,Clothing,1580.21,4,43.81,Express,Debit Card,41,Female,City57,Not Returned,3551.679996
2024-10-17,Toys,1593.62,2,39.88,Express,Wallet,24,Female,City59,Not Returned,1916.1686879999997
2024-08-06,Books,1587.23,1,35.2,Express,COD,39,Female,City74,Returned,1028.5250399999998
2022-02-26,Books,1258.66,1,15.6,Express,COD,65,Female,City62,Returned,1062.30904
2022-05-01,Books,1826.62,4,16.95,Next-Day,COD,18,Female,City34,Returned,6068.03164
2022-02-24,Clothing,513.54,5,3.52,Express,Wallet,32,Female,City57,Returned,2477.3169599999997
2024-03-05,Clothing,253.63,3,48.2,Standard,Credit Card,53,Female,City93,Not Returned,394.14102
2023-04-29,Toys,1475.64,1,3.48,Express,Credit Card,25,Male,City16,Not Returned,1424.2877280000002
2022-04-04,Books,698.62,4,35.14,Next-Day,Wallet,40,Male,City51,Not Returned,1812.4997280000002
2022-05-02,Electronics,1961.87,1,26.31,Next-Day,Wallet,23,Female,City5,Not Returned,1445.7020029999999
2023-02-24,Electronics,1100.2,4,11.33,Standard,Credit Card,19,Male,City78,Not Returned,3902.1893600000003
2025-01-25,Toys,122.52,2,15.41,Next-Day,Debit Card,29,Female,City100,Not Returned,207.279336
2025-07-27,Books,1336.76,4,32.63,Next-Day,Debit Card,37,Male,City22,Not Returned,3602.300848
2025-06-29,Clothing,1398.48,2,43.86,Standard,Wallet,28,Female,City25,Not Returned,1570.213344
2024-12-03,Books,385.35,1,25.17,Next-Day,Debit Card,48,Female,City59,Not Returned,288.357405
2023-12-30,Electronics,967.89,4,16.96,Standard,Debit Card,34,Male,City16,Not Returned,3214.943424
2022-08-11,Electronics,1041.56,1,34.55,Next-Day,Debit Card,40,Female,City28,Not Returned,681.7010200000001
2022-06-04,Electronics,1959.15,5,44.44,Next-Day,Credit Card,31,Female,City57,Returned,5442.5187000000005
2022-09-23,Electronics,383.26,1,44.01,Express,Debit Card,39,Female,City45,Not Returned,214.587274
2025-06-17,Electronics,1911.84,3,19.12,Express,Credit Card,31,Male,City76,Not Returned,4638.888575999999
2025-07-26,Home Appliances,381.3,3,24.18,Next-Day,Debit Card,32,Male,City92,Not Returned,867.30498
2022-01-29,Clothing,1294.18,4,37.02,Express,Wallet,29,Male,City17,Not Returned,3260.2982559999996
2023-02-04,Toys,1635.78,5,27.49,Next-Day,Wallet,24,Female,City79,Not Returned,5930.520390000001
2025-04-20,Books,310.45,1,32.11,Standard,Wallet,44,Male,City58,Not Returned,210.764505
2022-02-08,Clothing,1675.62,3,20.23,Express,Wallet,28,Male,City90,Returned,4009.9262219999996
2022-12-23,Electronics,189.98,5,16.36,Standard,Debit Card,65,Male,City83,Not Returned,794.49636
2023-09-17,Home Appliances,385.4,4,31.58,Express,COD,57,Male,City85,Returned,1054.76272
2025-01-06,Books,675.49,4,30.49,Standard,Debit Card,45,Female,City33,Returned,1878.1323960000002
2023-10-28,Books,847.14,4,29.24,Express,Debit Card,48,Female,City13,Not Returned,2397.745056
2023-06-15,Clothing,1439.46,1,9.04,Express,Debit Card,39,Female,City95,Not Returned,1309.332816
2023-09-28,Home Appliances,1841.92,3,37.09,Express,Wallet,47,Male,City10,Not Returned,3476.255616
2023-03-07,Books,1731.99,5,24.59,Express,Wallet,43,Male,City94,Not Returned,6530.468295000001
2022-05-25,Clothing,1040.49,5,31.04,Express,COD,58,Female,City67,Not Returned,3587.60952
2022-06-11,Books,1743.3,5,7.88,Standard,Wallet,41,Male,City63,Not Returned,8029.6398
2023-10-24,Clothing,615.25,2,40.83,Next-Day,COD,25,Female,City11,Not Returned,728.08685
2023-11-10,Home Appliances,1929.43,2,23.25,Express,Credit Card,23,Male,City89,Not Returned,2961.67505
2023-09-09,Books,1592.22,5,50.0,Next-Day,Debit Card,40,Female,City21,Not Returned,3980.55
2024-11-04,Books,370.23,4,2.14,Express,COD,45,Female,City67,Not Returned,1449.2283120000002
2024-05-15,Clothing,942.89,3,39.59,Next-Day,Wallet,63,Male,City1,Not Returned,1708.7995469999998
2025-02-03,Clothing,426.39,3,14.78,Standard,Credit Card,54,Female,City28,Not Returned,1090.108674
2024-07-30,Toys,310.65,1,48.53,Express,COD,52,Female,City100,Not Returned,159.89155499999995
2022-08-11,Electronics,224.69,4,26.04,Standard,Credit Card,22,Male,City39,Not Returned,664.722896
2023-04-21,Electronics,926.35,2,24.23,Standard,COD,24,Male,City17,Not Returned,1403.79079
2022-09-13,Toys,576.76,5,0.09,Express,Debit Card,50,Female,City96,Not Returned,2881.20458
2023-10-17,Clothing,1852.78,3,10.75,Express,Debit Card,56,Male,City46,Not Returned,4960.81845
2022-04-22,Books,185.08,3,15.18,Next-Day,Credit Card,37,Female,City29,Not Returned,470.95456800000005
2025-08-18,Electronics,596.33,1,43.29,Next-Day,COD,35,Female,City84,Not Returned,338.178743
2023-04-28,Electronics,1408.09,5,13.4,Next-Day,Debit Card,51,Male,City94,Not Returned,6097.0297
2023-01-27,Electronics,1037.72,4,42.01,Express,Credit Card,46,Female,City46,Not Returned,2407.0953120000004
2023-02-28,Clothing,1630.22,3,46.13,Standard,Debit Card,24,Male,City40,Not Returned,2634.5985419999997
2022-08-19,Electronics,1296.73,2,39.79,Express,Credit Card,64,Female,City62,Returned,1561.5222660000002
2023-05-11,Electronics,1212.86,2,34.83,Express,Debit Card,18,Male,City69,Not Returned,1580.8417239999997
2023-04-12,Clothing,203.64,5,28.15,Standard,Wallet,44,Female,City50,Not Returned,731.5767
2025-04-13,Books,872.67,2,34.82,Standard,Debit Card,37,Male,City22,Not Returned,1137.612612
2024-12-12,Home Appliances,1870.32,4,1.66,Express,COD,55,Female,City97,Not Returned,7357.090752
2023-07-01,Toys,204.09,2,10.2,Next-Day,Wallet,40,Female,City94,Not Returned,366.54564
2024-06-22,Electronics,1700.78,2,31.34,Standard,Wallet,47,Female,City91,Returned,2335.5110959999997
2022-01-25,Books,1463.73,5,7.26,Express,Debit Card,49,Male,City86,Not Returned,6787.31601
2024-06-15,Clothing,807.98,2,35.0,Next-Day,Wallet,32,Male,City83,Not Returned,1050.374
2023-05-11,Clothing,189.06,2,4.51,Next-Day,Wallet,19,Female,City38,Not Returned,361.066788
2023-03-07,Home Appliances,1928.55,4,12.35,Next-Day,Wallet,26,Female,City94,Returned,6761.496300000001
2023-06-16,Clothing,1235.06,3,34.37,Standard,COD,22,Male,City8,Not Returned,2431.7096340000003
2022-11-26,Clothing,771.17,2,12.8,Next-Day,Wallet,24,Female,City52,Returned,1344.92048
2025-05-07,Clothing,1258.16,1,34.16,Next-Day,Debit Card,38,Female,City80,Not Returned,828.3725440000002
2022-02-19,Books,1335.27,3,9.13,Next-Day,Credit Card,34,Male,City88,Not Returned,3640.079547
2025-01-22,Clothing,1378.16,4,26.15,Next-Day,Credit Card,61,Male,City94,Not Returned,4071.08464
2022-06-21,Home Appliances,1111.93,3,14.65,Express,Credit Card,40,Male,City38,Not Returned,2847.0967650000002
2022-07-11,Toys,851.41,1,28.26,Express,COD,35,Female,City52,Not Returned,610.8015340000001
2024-06-25,Books,583.57,4,25.63,Express,COD,41,Male,City25,Not Returned,1736.0040360000003
2023-09-03,Electronics,1411.99,2,34.7,Standard,Wallet,31,Female,City73,Returned,1844.0589400000001
2022-08-27,Books,1968.84,1,44.5,Next-Day,Debit Card,24,Male,City90,Returned,1092.7061999999999
2024-01-28,Clothing,1812.57,2,6.8,Express,Wallet,48,Male,City96,Not Returned,3378.63048
2023-04-17,Books,1811.44,3,37.22,Express,Debit Card,24,Female,City41,Not Returned,3411.666096
2024-07-21,Clothing,326.65,1,20.69,Express,Debit Card,30,Male,City25,Not Returned,259.06611499999997
2023-08-02,Home Appliances,591.29,5,10.04,Standard,COD,56,Male,City21,Returned,2659.6224199999997
2024-09-29,Electronics,1171.87,5,26.98,Standard,Debit Card,41,Male,City68,Returned,4278.497369999999
2024-06-13,Electronics,1173.45,5,25.52,Express,Wallet,32,Female,City35,Not Returned,4369.9278
2022-03-05,Clothing,995.08,2,18.55,Standard,COD,46,Male,City29,Returned,1620.98532
2023-09-05,Toys,200.58,5,39.43,Next-Day,COD,38,Female,City12,Not Returned,607.45653
2022-02-27,Toys,1245.9,4,37.28,Express,COD,34,Female,City87,Not Returned,3125.71392
2024-02-12,Home Appliances,498.54,2,16.65,Standard,Wallet,31,Male,City10,Not Returned,831.06618
2023-01-21,Electronics,1025.23,2,44.89,Standard,Debit Card,49,Male,City13,Not Returned,1130.008506
2024-05-29,Clothing,1891.29,4,27.93,Next-Day,COD,60,Male,City86,Not Returned,5452.210812
2024-06-17,Clothing,1510.83,1,20.51,Next-Day,Credit Card,41,Male,City18,Not Returned,1200.9587669999999
2022-01-13,Books,510.01,2,16.78,Standard,COD,22,Female,City85,Not Returned,848.8606440000001
2024-06-02,Clothing,1691.99,5,18.06,Standard,Credit Card,33,Male,City84,Not Returned,6932.083030000001
2024-09-18,Home Appliances,1926.72,4,25.9,Express,COD,40,Male,City68,Returned,5710.79808
2024-03-07,Clothing,911.89,2,41.3,Standard,Credit Card,44,Male,City100,Returned,1070.5588599999999
2023-01-06,Home Appliances,666.94,3,47.83,Express,Debit Card,29,Female,City69,Not Returned,1043.8277940000003
2024-03-14,Home Appliances,1771.91,5,42.36,Next-Day,Wallet,45,Male,City16,Returned,5106.644620000001
2024-12-04,Electronics,1407.41,1,4.57,Express,Credit Card,40,Male,City79,Not Returned,1343.0913630000002
2023-01-20,Electronics,767.56,3,8.43,Standard,COD,57,Male,City31,Not Returned,2108.5640759999997
2022-06-06,Toys,1828.96,2,38.26,Standard,Debit Card,29,Male,City82,Not Returned,2258.3998079999997
2024-07-03,Clothing,1159.98,4,9.86,Express,Wallet,52,Female,City43,Not Returned,4182.423888
2025-04-03,Clothing,768.1,4,20.58,Standard,Wallet,29,Male,City65,Returned,2440.10008
2023-06-13,Clothing,694.35,4,31.38,Standard,Credit Card,53,Female,City43,Not Returned,1905.8518800000002
2022-04-29,Clothing,1226.97,2,22.33,Standard,COD,19,Male,City64,Returned,1905.975198
2025-07-17,Home Appliances,932.93,3,42.54,Next-Day,Credit Card,47,Male,City88,Not Returned,1608.184734
2025-03-19,Electronics,961.49,5,0.68,Next-Day,Wallet,35,Female,City85,Returned,4774.75934
2025-08-28,Books,1942.69,1,40.81,Standard,COD,61,Male,City12,Returned,1149.878211
2023-05-23,Clothing,1685.98,1,3.92,Standard,COD,39,Female,City21,Not Returned,1619.889584
2024-07-23,Clothing,1007.31,5,31.38,Express,COD,57,Female,City100,Not Returned,3456.0806099999995
2023-01-19,Books,1650.0,2,22.87,Express,Credit Card,39,Female,City6,Returned,2545.29
2022-06-25,Clothing,1927.43,3,40.14,Standard,Debit Card,64,Male,City76,Not Returned,3461.2787940000003
2024-08-21,Clothing,463.56,1,22.52,Standard,Debit Card,52,Female,City35,Not Returned,359.166288
2023-06-07,Clothing,1945.66,2,27.71,Express,Credit Card,62,Male,City94,Not Returned,2813.035228
2024-12-06,Clothing,1855.87,4,1.97,Express,COD,32,Female,City4,Not Returned,7277.237443999999
2025-03-24,Home Appliances,674.51,3,44.83,Standard,COD,56,Male,City49,Not Returned,1116.381501
2025-04-30,Electronics,562.6,1,49.55,Express,Debit Card,31,Female,City61,Not Returned,283.83169999999996
2024-01-19,Clothing,829.8,3,8.66,Next-Day,COD,37,Female,City53,Not Returned,2273.81796
2022-11-29,Clothing,1902.59,5,35.69,Express,Credit Card,57,Female,City10,Not Returned,6117.778144999999
2025-07-13,Books,1770.29,5,16.1,Next-Day,Debit Card,33,Male,City95,Not Returned,7426.366550000001
2024-04-06,Home Appliances,1866.52,1,40.75,Next-Day,COD,44,Male,City13,Not Returned,1105.9131
2023-04-28,Toys,399.73,1,10.4,Standard,Credit Card,22,Female,City98,Not Returned,358.15808000000004
2023-10-18,Books,516.94,4,38.73,Next-Day,Credit Card,26,Female,City43,Returned,1266.9165520000001
2023-02-05,Home Appliances,690.19,3,5.98,Express,Credit Card,61,Female,City43,Not Returned,1946.7499140000002
2024-05-27,Clothing,1932.53,4,10.24,Express,Debit Card,51,Male,City95,Not Returned,6938.555711999999
2024-12-05,Toys,959.82,2,28.96,Next-Day,Wallet,37,Male,City59,Not Returned,1363.712256
2022-12-28,Books,917.18,4,48.41,Next-Day,COD,46,Male,City28,Not Returned,1892.692648
2023-01-11,Home Appliances,604.07,4,24.39,Standard,Wallet,49,Male,City98,Not Returned,1826.9493080000002
2025-05-22,Electronics,326.98,4,28.44,Standard,Debit Card,39,Male,City45,Not Returned,935.9475520000001
2024-01-27,Electronics,1679.03,2,26.61,Standard,COD,56,Male,City46,Not Returned,2464.480234
2022-05-07,Books,1859.68,2,19.61,Standard,Wallet,51,Male,City62,Not Returned,2989.9935040000005
2023-09-16,Books,427.31,4,4.96,Standard,COD,48,Male,City53,Not Returned,1624.461696
2024-08-06,Clothing,916.26,1,17.97,Express,Wallet,52,Male,City51,Returned,751.608078
2022-03-13,Books,512.71,1,41.16,Express,Credit Card,58,Female,City46,Not Returned,301.67856400000005
2024-04-23,Clothing,1865.28,5,25.13,Next-Day,Wallet,55,Female,City12,Returned,6982.67568
2024-11-26,Books,326.04,5,23.17,Next-Day,Debit Card,44,Male,City89,Returned,1252.48266
2025-04-23,Books,1221.33,2,22.71,Next-Day,Debit Card,60,Male,City90,Not Returned,1887.931914
2022-12-22,Clothing,1856.89,4,0.49,Standard,COD,59,Female,City66,Not Returned,7391.1649560000005
2023-02-16,Home Appliances,1653.34,1,21.49,Express,Debit Card,18,Male,City5,Not Returned,1298.037234
2022-05-24,Clothing,281.48,1,5.09,Express,Credit Card,19,Male,City74,Not Returned,267.152668
2025-06-11,Electronics,390.23,4,38.75,Express,Credit Card,18,Female,City74,Not Returned,956.0635000000001
2025-04-28,Books,868.61,1,8.69,Express,Debit Card,40,Male,City41,Not Returned,793.127791
2024-11-07,Electronics,757.03,3,16.43,Next-Day,Credit Card,21,Male,City67,Returned,1897.9499130000002
2024-11-29,Electronics,1705.32,4,8.09,Standard,COD,58,Female,City73,Not Returned,6269.438448
2025-06-07,Home Appliances,1002.26,4,14.1,Standard,Debit Card,53,Female,City68,Not Returned,3443.76536
2024-08-01,Toys,1579.54,5,22.89,Express,COD,20,Female,City96,Returned,6089.91647
2022-11-12,Electronics,1858.99,3,40.29,Standard,Wallet,30,Female,City8,Not Returned,3330.0087869999998
2023-06-18,Toys,952.73,5,37.09,Express,Wallet,44,Male,City93,Returned,2996.812215
2023-11-06,Clothing,1841.4,1,15.86,Express,COD,65,Male,City41,Returned,1549.3539600000001
2023-07-18,Clothing,1746.74,1,19.03,Next-Day,Debit Card,59,Female,City77,Returned,1414.335378
2022-08-03,Electronics,1024.94,1,15.83,Next-Day,Wallet,25,Male,City2,Returned,862.691998
2025-07-30,Toys,1047.59,1,13.18,Next-Day,Debit Card,45,Male,City12,Not Returned,909.5176379999999
2025-04-05,Clothing,1538.67,2,43.59,Standard,COD,60,Male,City94,Returned,1735.9274940000003
2023-01-24,Clothing,297.35,1,35.7,Next-Day,Credit Card,61,Female,City65,Returned,191.19605
2024-02-24,Toys,323.65,5,17.4,Next-Day,Debit Card,18,Male,City25,Not Returned,1336.6745
2025-07-20,Electronics,1209.17,4,2.72,Next-Day,Credit Card,28,Female,City89,Returned,4705.122304
2022-05-12,Toys,1616.09,2,4.6,Standard,COD,30,Female,City90,Returned,3083.49972
2022-07-13,Electronics,1326.61,2,38.82,Next-Day,Debit Card,22,Male,City32,Not Returned,1623.2399959999998
2023-04-22,Electronics,739.64,5,16.35,Standard,Credit Card,25,Male,City29,Not Returned,3093.5443
2023-02-14,Electronics,218.72,4,4.53,Next-Day,Credit Card,37,Female,City47,Not Returned,835.247936
2024-05-13,Books,1070.82,4,46.02,Express,COD,49,Female,City45,Returned,2312.1145439999996
2025-05-09,Books,1111.49,4,40.63,Next-Day,Debit Card,45,Male,City29,Returned,2639.5664519999996
2025-07-29,Home Appliances,1689.64,3,42.88,Express,Wallet,38,Male,City60,Returned,2895.3671039999995
2024-01-22,Clothing,622.81,4,36.02,Standard,Credit Card,43,Female,City42,Not Returned,1593.8953519999998
2022-02-23,Home Appliances,1002.26,1,34.3,Standard,Debit Card,53,Female,City61,Not Returned,658.48482
2025-03-22,Electronics,302.75,4,34.92,Standard,Credit Card,28,Male,City31,Not Returned,788.1188000000001
2025-03-09,Toys,1997.1,1,0.68,Standard,Credit Card,61,Female,City20,Not Returned,1983.5197199999998
2025-04-26,Books,453.92,5,46.41,Next-Day,Wallet,21,Male,City23,Not Returned,1216.27864
2025-05-20,Toys,935.26,5,19.73,Express,Credit Card,44,Female,City58,Returned,3753.66601
2022-04-28,Electronics,1470.57,2,31.96,Next-Day,Wallet,38,Female,City76,Not Returned,2001.151656
2025-08-08,Clothing,366.84,4,23.64,Standard,COD,63,Female,City90,Not Returned,1120.476096
2025-03-15,Electronics,855.59,4,47.57,Express,Credit Card,30,Male,City73,Not Returned,1794.343348
2022-07-21,Electronics,373.76,2,39.11,Express,COD,19,Female,City2,Not Returned,455.164928
2022-12-07,Electronics,1205.91,2,1.9,Standard,Debit Card,62,Female,City42,Returned,2365.99542
2022-10-29,Toys,709.54,3,37.12,Next-Day,COD,27,Female,City89,Not Returned,1338.476256
2024-12-14,Home Appliances,1521.5,5,22.15,Standard,Wallet,19,Male,City2,Not Returned,5922.438749999999
2024-04-22,Home Appliances,751.13,1,2.91,Standard,Wallet,38,Male,City46,Not Returned,729.272117
2024-09-17,Books,1312.16,1,1.77,Express,Credit Card,30,Male,City94,Not Returned,1288.934768
2025-02-11,Home Appliances,1129.37,3,15.08,Express,Debit Card,56,Male,City27,Not Returned,2877.1830119999995
2023-08-30,Electronics,1274.83,3,37.88,Next-Day,Wallet,18,Male,City17,Not Returned,2375.7731879999997
2025-03-17,Clothing,590.66,3,10.73,Standard,Wallet,63,Male,City82,Returned,1581.8465460000002
2023-10-01,Electronics,813.89,3,49.48,Standard,COD,20,Female,City65,Returned,1233.5316840000003
2023-11-01,Electronics,1882.67,4,19.16,Express,Credit Card,24,Female,City24,Not Returned,6087.801712
2022-04-04,Toys,620.23,2,41.21,Express,COD,44,Male,City52,Returned,729.266434
2023-12-07,Books,607.57,2,34.45,Next-Day,Debit Card,44,Male,City9,Not Returned,796.52427
2024-09-21,Books,999.69,1,26.77,Next-Day,Debit Card,59,Male,City84,Not Returned,732.072987
2024-07-10,Toys,1362.82,5,20.15,Standard,Debit Card,62,Male,City85,Returned,5441.058849999999
2023-11-30,Books,1970.2,1,22.89,Next-Day,Debit Card,51,Male,City27,Returned,1519.2212200000001
2022-07-11,Home Appliances,1564.63,3,8.16,Next-Day,COD,34,Male,City10,Not Returned,4310.868576
2022-01-29,Electronics,925.63,5,2.98,Standard,Wallet,30,Male,City37,Not Returned,4490.231129999999
2024-02-24,Electronics,649.77,4,2.36,Express,Wallet,43,Female,City19,Returned,2537.741712
2024-11-19,Clothing,1120.38,3,45.19,Standard,Wallet,44,Female,City68,Not Returned,1842.2408340000002
2024-08-01,Clothing,646.29,4,9.79,Standard,COD,32,Female,City35,Returned,2332.072836
2022-07-26,Electronics,1891.12,2,15.75,Standard,Wallet,49,Male,City51,Not Returned,3186.5371999999998
2024-10-05,Electronics,1438.66,2,22.67,Next-Day,Wallet,29,Male,City91,Returned,2225.031556
2022-01-18,Toys,444.37,2,21.31,Express,Wallet,45,Male,City33,Returned,699.349506
2023-04-11,Home Appliances,1859.83,2,49.67,Next-Day,Wallet,39,Male,City49,Not Returned,1872.1048779999999
2024-07-12,Home Appliances,1630.57,3,36.47,Next-Day,COD,63,Male,City91,Returned,3107.703363
2024-08-29,Clothing,459.84,2,37.88,Next-Day,Wallet,53,Female,City69,Not Returned,571.305216
2025-07-28,Clothing,1206.08,1,40.58,Express,Wallet,56,Female,City62,Not Returned,716.652736
2022-09-01,Books,860.86,4,13.91,Next-Day,Credit Card,36,Male,City91,Returned,2964.457496
2024-07-01,Clothing,1031.59,3,8.43,Standard,COD,21,Male,City22,Returned,2833.8808889999996
2022-07-25,Books,1847.84,3,23.78,Express,COD,35,Female,City33,Not Returned,4225.270944
2022-03-26,Books,1274.52,4,2.08,Standard,COD,18,Female,City44,Not Returned,4992.039936
2023-10-31,Home Appliances,1416.76,1,27.62,Express,Credit Card,61,Female,City91,Returned,1025.450888
2023-12-01,Clothing,732.35,4,0.5,Express,COD,42,Female,City15,Not Returned,2914.753
2024-06-09,Clothing,1586.84,4,16.96,Express,Debit Card,34,Male,City100,Returned,5270.847744
2022-01-10,Clothing,1203.07,1,42.54,Next-Day,Wallet,25,Male,City49,Not Returned,691.2840219999999
2024-03-19,Toys,1396.62,2,45.28,Next-Day,COD,19,Male,City12,Returned,1528.4609279999995
2022-09-30,Clothing,373.78,4,39.88,Next-Day,Credit Card,49,Male,City98,Not Returned,898.8661439999998
2025-06-01,Clothing,747.33,1,29.66,Standard,COD,26,Male,City11,Not Returned,525.671922
2023-10-02,Clothing,161.51,2,35.67,Express,COD,40,Female,City30,Returned,207.79876599999997
2022-02-12,Clothing,991.12,3,49.39,Express,COD,43,Male,City31,Returned,1504.8174960000001
2024-06-18,Books,230.46,3,26.15,Next-Day,COD,23,Male,City46,Returned,510.58412999999996
2025-03-19,Clothing,1189.7,3,12.7,Express,Wallet,35,Male,City38,Returned,3115.8243
2024-05-13,Electronics,688.81,3,45.24,Standard,Credit Card,56,Male,City8,Returned,1131.5770679999998
2024-02-10,Clothing,1133.76,5,34.55,Express,COD,51,Male,City87,Not Returned,3710.2296000000006
2022-11-24,Clothing,1133.71,2,2.06,Express,COD,37,Female,City30,Not Returned,2220.7111480000003
2023-06-26,Home Appliances,749.99,3,20.2,Express,Debit Card,36,Female,City50,Not Returned,1795.4760600000002
2024-10-31,Clothing,1854.73,5,41.7,Next-Day,COD,63,Female,City9,Returned,5406.537949999999
2022-10-06,Clothing,1265.8,4,8.4,Express,Debit Card,49,Male,City29,Returned,4637.8912
2024-06-04,Clothing,1987.61,1,24.15,Next-Day,Wallet,64,Female,City46,Returned,1507.6021849999997
2024-11-28,Electronics,1344.8,1,46.01,Next-Day,Credit Card,64,Female,City72,Not Returned,726.0575200000001
2023-05-28,Clothing,1620.97,3,45.69,Standard,COD,50,Female,City5,Not Returned,2641.046421
2022-01-21,Toys,391.23,5,45.62,Standard,COD,21,Male,City54,Not Returned,1063.75437
2022-02-14,Clothing,1236.32,4,37.61,Express,Wallet,41,Female,City59,Returned,3085.360192
2022-12-15,Electronics,432.44,4,42.53,Next-Day,Wallet,47,Male,City25,Not Returned,994.093072
2024-12-24,Home Appliances,1217.33,4,33.46,Standard,Debit Card,51,Male,City92,Not Returned,3240.0455279999996
2022-02-11,Books,297.22,5,12.09,Express,Wallet,38,Female,City29,Not Returned,1306.4305100000001
2023-12-07,Clothing,401.77,4,17.75,Next-Day,Credit Card,26,Female,City3,Returned,1321.8233
2024-06-17,Toys,819.96,3,41.53,Next-Day,Debit Card,54,Female,City40,Not Returned,1438.291836
2023-01-04,Clothing,908.3,2,17.84,Standard,COD,39,Female,City22,Not Returned,1492.51856
2023-02-02,Books,874.89,1,17.84,Standard,Credit Card,47,Male,City23,Not Returned,718.809624
2024-04-28,Clothing,525.17,1,12.81,Next-Day,Credit Card,26,Female,City49,Returned,457.895723
2025-02-01,Clothing,1399.38,5,0.65,Express,Credit Card,38,Male,City24,Returned,6951.420150000001
2025-06-26,Books,213.07,5,31.85,Express,Debit Card,25,Male,City17,Returned,726.0360249999999
2022-03-19,Electronics,1888.27,2,17.98,Next-Day,Wallet,31,Female,City10,Not Returned,3097.518108
2025-05-02,Clothing,153.61,4,24.7,Express,Credit Card,50,Male,City9,Not Returned,462.67332000000005
2022-01-22,Clothing,1551.64,4,36.62,Standard,Debit Card,49,Male,City5,Not Returned,3933.7177280000005
2022-09-28,Books,207.4,3,15.74,Next-Day,Debit Card,51,Female,City52,Not Returned,524.2657200000001
2023-09-25,Clothing,488.91,3,30.44,Next-Day,COD,51,Female,City22,Not Returned,1020.257388
2023-10-01,Clothing,859.49,4,29.39,Express,COD,20,Male,City49,Not Returned,2427.543556
2024-08-02,Electronics,1125.4,2,25.39,Standard,Debit Card,24,Female,City59,Not Returned,1679.3218800000002
2024-10-18,Clothing,889.69,3,31.77,Next-Day,Debit Card,43,Female,City17,Not Returned,1821.106461
2023-08-07,Toys,716.14,2,4.96,Express,Credit Card,19,Male,City50,Not Returned,1361.238912
2022-05-08,Books,1827.39,4,27.29,Next-Day,Credit Card,63,Female,City24,Not Returned,5314.781076000001
2023-09-27,Clothing,1667.61,5,43.66,Standard,Wallet,48,Female,City22,Returned,4697.65737
2025-04-10,Electronics,433.49,5,13.26,Express,Debit Card,44,Male,City11,Not Returned,1880.0461299999997
2022-09-10,Clothing,1799.95,2,41.52,Next-Day,Credit Card,27,Female,City36,Returned,2105.22152
2024-12-24,Toys,741.16,2,48.42,Standard,Debit Card,48,Male,City80,Not Returned,764.580656
2023-01-01,Electronics,1848.64,4,8.46,Standard,Debit Card,52,Female,City38,Returned,6768.980224
2025-05-22,Clothing,521.35,5,48.94,Standard,Debit Card,63,Male,City65,Not Returned,1331.0065499999998
2024-09-04,Toys,1573.45,4,27.89,Next-Day,Credit Card,48,Female,City64,Not Returned,4538.459180000001
2022-04-28,Home Appliances,757.13,2,7.97,Express,Debit Card,22,Female,City97,Not Returned,1393.573478
2025-05-13,Clothing,228.26,2,38.08,Standard,Credit Card,65,Male,City89,Not Returned,282.67718399999995
2025-03-30,Clothing,195.86,1,11.63,Next-Day,COD,20,Female,City26,Not Returned,173.081482
2022-09-29,Toys,856.02,5,49.01,Standard,Debit Card,65,Female,City28,Returned,2182.4229900000005
2024-12-26,Clothing,1127.99,2,12.53,Express,Debit Card,29,Female,City62,Not Returned,1973.305706
2023-02-23,Electronics,1631.68,1,2.37,Standard,Wallet,45,Female,City18,Not Returned,1593.009184
2023-10-06,Electronics,1897.5,3,25.63,Express,Wallet,25,Male,City38,Returned,4233.51225
2023-12-20,Electronics,1612.77,3,18.02,Express,Debit Card,36,Female,City68,Not Returned,3966.4465379999992
2025-04-05,Clothing,1714.23,4,41.64,Next-Day,Wallet,58,Female,City54,Not Returned,4001.698512
2022-09-23,Clothing,1598.62,1,12.49,Standard,Wallet,42,Female,City46,Not Returned,1398.952362
2024-12-03,Toys,879.67,3,20.72,Express,COD,29,Male,City85,Not Returned,2092.2071279999996
2024-04-29,Electronics,1062.72,1,41.55,Express,Credit Card,54,Male,City19,Not Returned,621.15984
2024-02-11,Electronics,751.19,4,34.2,Express,Debit Card,32,Female,City53,Not Returned,1977.1320799999999
2024-04-04,Clothing,911.79,2,41.21,Express,COD,53,Male,City11,Returned,1072.082682
2023-08-23,Home Appliances,971.04,2,23.72,Express,Wallet,65,Female,City48,Not Returned,1481.418624
2024-05-06,Books,764.28,2,7.32,Standard,Debit Card,63,Male,City37,Not Returned,1416.669408
2024-07-18,Electronics,1260.23,1,3.78,Standard,Debit Card,47,Female,City61,Returned,1212.593306
2022-06-18,Clothing,507.75,1,31.3,Standard,Wallet,44,Male,City66,Not Returned,348.82425
2023-06-06,Electronics,752.11,5,28.01,Standard,Debit Card,23,Female,City98,Returned,2707.2199450000003
2023-02-10,Home Appliances,1055.93,3,34.42,Express,Wallet,42,Male,City14,Not Returned,2077.4366819999996
2022-08-19,Toys,323.75,2,16.46,Standard,Debit Card,37,Male,City69,Returned,540.9215
2023-04-25,Electronics,998.78,1,15.6,Standard,COD,57,Female,City5,Not Returned,842.9703199999999
2024-12-16,Electronics,1685.31,5,46.66,Express,COD,42,Female,City18,Not Returned,4494.72177
2022-11-06,Clothing,361.35,4,5.0,Express,COD,52,Male,City73,Not Returned,1373.13
2022-11-15,Clothing,1062.33,4,43.82,Standard,Debit Card,33,Female,City10,Returned,2387.267976
2025-01-09,Electronics,428.62,5,13.63,Standard,COD,63,Male,City64,Not Returned,1850.99547
2023-05-10,Home Appliances,273.98,1,29.08,Express,COD,35,Male,City8,Not Returned,194.30661600000002
2022-03-28,Home Appliances,902.29,2,6.79,Next-Day,Debit Card,36,Male,City78,Not Returned,1682.049018
2024-04-30,Home Appliances,629.67,3,32.92,Express,Debit Card,29,Male,City78,Not Returned,1267.147908
2022-05-08,Clothing,1401.86,4,29.83,Next-Day,Wallet,46,Female,City64,Returned,3934.7406479999995
2022-03-08,Home Appliances,1731.55,2,41.21,Standard,Credit Card,26,Female,City72,Returned,2035.9564899999998
2025-03-09,Electronics,314.12,1,9.36,Express,Credit Card,50,Female,City36,Not Returned,284.718368
2024-07-09,Clothing,1572.39,5,16.26,Standard,COD,23,Male,City73,Not Returned,6583.59693
2023-09-18,Electronics,1268.76,3,46.89,Next-Day,Debit Card,32,Male,City8,Not Returned,2021.515308
2025-07-09,Books,188.04,2,33.46,Standard,Debit Card,54,Female,City76,Returned,250.243632
2023-06-11,Electronics,1546.3,2,34.67,Express,Wallet,46,Female,City31,Not Returned,2020.3955799999999
2025-09-02,Clothing,1485.67,2,25.33,Standard,Debit Card,23,Female,City67,Not Returned,2218.699578
2024-11-27,Books,1321.59,2,44.29,Standard,Debit Card,44,Male,City20,Returned,1472.5155779999998
2024-05-31,Books,199.52,3,23.02,Next-Day,Wallet,60,Male,City21,Not Returned,460.7714880000001
2022-08-23,Books,962.38,4,26.65,Standard,Credit Card,51,Male,City16,Not Returned,2823.6229200000002
2024-06-23,Clothing,365.15,4,23.16,Express,Credit Card,59,Male,City46,Not Returned,1122.32504
2024-01-06,Clothing,981.06,5,2.09,Standard,Credit Card,60,Female,City70,Not Returned,4802.779229999999
2025-07-02,Electronics,259.43,1,1.14,Standard,COD,36,Female,City20,Not Returned,256.47249800000003
2025-06-06,Electronics,751.98,2,13.83,Next-Day,Credit Card,44,Female,City53,Not Returned,1295.962332
2023-02-23,Clothing,1324.48,2,17.78,Next-Day,Debit Card,53,Female,City70,Not Returned,2177.974912
2024-12-20,Electronics,762.49,1,26.94,Express,Credit Card,53,Male,City12,Returned,557.0751939999999
2022-12-18,Electronics,1492.68,4,45.6,Express,COD,43,Male,City39,Not Returned,3248.0716800000005
2025-04-03,Clothing,1467.79,2,10.09,Express,COD,57,Male,City80,Returned,2639.379978
2023-08-01,Electronics,670.46,3,9.69,Next-Day,Debit Card,23,Female,City25,Returned,1816.477278
2022-03-05,Toys,917.97,4,12.72,Standard,COD,35,Female,City19,Not Returned,3204.8168640000004
2024-02-01,Home Appliances,1663.23,4,42.93,Express,COD,54,Female,City49,Not Returned,3796.821444
2024-05-30,Electronics,1586.15,2,12.53,Next-Day,COD,41,Female,City12,Returned,2774.8108100000004
2024-06-13,Clothing,1802.85,4,23.47,Next-Day,Wallet,20,Male,City90,Returned,5518.884419999999
2023-04-24,Clothing,1842.31,3,34.95,Express,Credit Card,18,Female,City72,Not Returned,3595.267965
2023-11-14,Toys,668.37,5,25.45,Next-Day,COD,26,Female,City23,Not Returned,2491.3491750000003
2022-05-22,Books,712.95,5,23.19,Next-Day,Credit Card,50,Female,City28,Not Returned,2738.084475
2025-05-13,Toys,1455.07,5,19.36,Standard,Wallet,37,Female,City10,Not Returned,5866.84224
2024-02-03,Books,1354.31,4,33.26,Express,COD,40,Male,City25,Not Returned,3615.465976
2025-05-17,Clothing,1069.87,3,10.5,Express,Debit Card,60,Female,City53,Returned,2872.6009499999996
2023-08-15,Books,270.15,2,11.15,Next-Day,Debit Card,55,Male,City10,Not Returned,480.05654999999996
2022-04-10,Electronics,185.43,5,17.53,Next-Day,Credit Card,28,Male,City35,Not Returned,764.6206050000001
2025-07-29,Electronics,1590.02,2,0.29,Express,COD,26,Female,City87,Not Returned,3170.817884
2024-01-26,Electronics,961.98,2,24.39,Standard,Credit Card,23,Male,City64,Not Returned,1454.706156
2022-09-16,Clothing,738.03,3,23.69,Express,Wallet,49,Male,City21,Not Returned,1689.572079
2023-04-03,Clothing,1174.44,3,5.72,Next-Day,Wallet,18,Female,City17,Not Returned,3321.7860960000003
2022-08-19,Toys,1347.4,5,2.65,Express,Debit Card,38,Male,City43,Not Returned,6558.4695
2024-09-24,Clothing,1445.22,5,15.11,Next-Day,Credit Card,21,Male,City84,Not Returned,6134.23629
2025-01-10,Electronics,1778.97,4,49.1,Express,Credit Card,28,Male,City6,Not Returned,3621.98292
2024-10-06,Electronics,1611.76,2,23.79,Standard,Credit Card,46,Male,City78,Not Returned,2456.644592
2022-10-29,Clothing,368.89,5,45.99,Express,Credit Card,26,Male,City51,Returned,996.1874449999999
2022-09-16,Clothing,1730.08,5,45.37,Express,COD,24,Male,City24,Returned,4725.71352
2022-06-02,Books,1534.12,2,30.68,Standard,Debit Card,52,Female,City51,Not Returned,2126.903968
2023-09-08,Books,1200.13,5,21.56,Standard,Credit Card,33,Female,City42,Not Returned,4706.909860000001
2022-01-06,Books,1955.71,1,49.82,Express,Debit Card,45,Male,City6,Not Returned,981.3752780000001
2025-06-10,Clothing,638.06,4,23.64,Next-Day,Debit Card,61,Female,City13,Not Returned,1948.890464
2023-01-25,Clothing,989.55,2,35.98,Express,Debit Card,40,Male,City95,Not Returned,1267.0198200000002
2025-03-05,Electronics,1115.08,2,49.88,Next-Day,Credit Card,44,Female,City33,Not Returned,1117.7561919999998
2025-05-23,Books,1780.43,4,11.9,Standard,Wallet,31,Male,City72,Not Returned,6274.235320000001
2024-04-14,Books,1864.48,2,5.44,Next-Day,Credit Card,55,Male,City10,Not Returned,3526.104576
2024-12-24,Home Appliances,1638.42,1,11.9,Express,Credit Card,54,Male,City8,Returned,1443.44802
2024-02-28,Home Appliances,1202.24,1,23.81,Express,COD,30,Male,City98,Not Returned,915.986656
2025-04-02,Electronics,1527.36,1,49.04,Next-Day,COD,29,Male,City27,Not Returned,778.342656
2025-04-28,Electronics,386.2,2,18.32,Express,Debit Card,35,Female,City75,Returned,630.89632
2025-07-10,Books,992.76,5,32.38,Express,Credit Card,21,Female,City97,Not Returned,3356.5215599999997
2022-06-16,Electronics,192.93,4,42.08,Standard,Debit Card,34,Female,City84,Not Returned,446.98022399999996
2024-08-03,Clothing,1010.02,3,28.73,Standard,Debit Card,27,Male,City98,Not Returned,2159.523762
2023-05-03,Home Appliances,122.68,2,46.47,Express,COD,50,Female,City82,Not Returned,131.341208
2023-03-08,Books,1222.77,3,7.91,Express,Debit Card,43,Male,City23,Not Returned,3378.146679
2023-05-07,Books,1073.43,3,15.69,Standard,Credit Card,46,Male,City95,Not Returned,2715.026499
2022-12-10,Home Appliances,407.58,1,27.41,Express,COD,31,Female,City51,Not Returned,295.862322
2025-04-15,Clothing,222.74,2,36.22,Next-Day,Wallet,29,Female,City38,Returned,284.12714400000004
2024-08-29,Toys,1697.12,2,26.29,Next-Day,COD,23,Male,City92,Not Returned,2501.894304
2022-05-23,Clothing,1722.76,3,30.81,Standard,Debit Card,53,Female,City57,Not Returned,3575.9329319999997
2025-04-23,Electronics,1973.92,4,34.46,Standard,Debit Card,29,Male,City6,Not Returned,5174.828672
2024-04-06,Home Appliances,1736.14,3,30.87,Standard,Debit Card,33,Male,City94,Returned,3600.580746
2022-02-01,Electronics,490.83,4,23.64,Next-Day,COD,41,Female,City23,Returned,1499.191152
2024-09-02,Clothing,915.7,1,48.96,Next-Day,Credit Card,32,Female,City41,Not Returned,467.37327999999997
2022-05-10,Clothing,381.49,1,24.53,Next-Day,Credit Card,45,Female,City29,Not Returned,287.910503
2023-01-02,Electronics,943.84,3,19.73,Standard,Wallet,54,Female,City82,Not Returned,2272.861104
2023-01-16,Home Appliances,599.77,2,15.92,Express,Wallet,42,Female,City99,Returned,1008.573232
2022-03-07,Clothing,1814.87,1,10.67,Standard,Debit Card,41,Female,City83,Not Returned,1621.2233709999998
2025-03-20,Clothing,1178.24,5,6.63,Standard,COD,23,Male,City27,Not Returned,5500.61344
2022-02-17,Clothing,143.95,4,1.98,Standard,Wallet,27,Male,City23,Not Returned,564.3991599999999
2025-03-29,Electronics,421.0,1,16.92,Express,Credit Card,50,Female,City39,Not Returned,349.7668
2025-06-25,Clothing,1948.08,5,46.59,Next-Day,Debit Card,49,Female,City30,Returned,5202.34764
2024-11-17,Clothing,1594.98,3,29.46,Express,Debit Card,50,Male,City54,Not Returned,3375.2966760000004
2023-06-23,Electronics,252.38,3,11.31,Standard,Credit Card,63,Male,City35,Not Returned,671.507466
2025-08-16,Clothing,1462.19,2,18.61,Express,Wallet,43,Male,City45,Not Returned,2380.1528820000003
2022-10-21,Books,269.72,3,10.43,Standard,COD,50,Male,City76,Not Returned,724.764612
2023-07-08,Clothing,1926.48,2,33.91,Standard,Credit Card,19,Male,City12,Not Returned,2546.421264
2024-10-07,Toys,225.03,1,27.43,Next-Day,Credit Card,48,Male,City13,Not Returned,163.304271
2024-11-28,Clothing,1572.08,2,24.66,Express,Credit Card,44,Female,City90,Returned,2368.8101439999996
2022-01-09,Toys,126.02,3,4.78,Express,Debit Card,62,Female,City50,Not Returned,359.988732
2023-09-26,Books,805.3,1,17.83,Standard,Debit Card,28,Male,City74,Not Returned,661.71501
2025-05-05,Books,1298.31,1,28.17,Standard,Wallet,55,Female,City58,Returned,932.5760729999998
2025-04-27,Electronics,677.95,3,46.89,Next-Day,Credit Card,64,Male,City57,Not Returned,1080.1777350000002
2023-10-04,Toys,1703.48,2,43.84,Express,Credit Card,33,Male,City39,Not Returned,1913.348736
2024-12-16,Toys,333.88,3,28.46,Next-Day,COD,42,Male,City36,Not Returned,716.573256
2024-11-18,Toys,546.13,5,6.76,Express,COD,59,Male,City100,Not Returned,2546.0580600000003
2022-10-16,Books,518.58,2,46.86,Standard,Debit Card,64,Male,City76,Not Returned,551.146824
2022-05-24,Toys,419.03,4,48.89,Express,Credit Card,29,Male,City61,Not Returned,856.6649319999999
2022-05-09,Clothing,1233.0,2,45.78,Express,COD,39,Female,City19,Not Returned,1337.0652
2022-12-10,Electronics,779.07,2,10.17,Express,COD,40,Male,City42,Not Returned,1399.6771620000002
2022-09-06,Clothing,862.8,4,46.69,Express,COD,32,Male,City73,Returned,1839.83472
2023-10-24,Electronics,479.7,1,13.26,Next-Day,Credit Card,38,Male,City89,Not Returned,416.09177999999997
2022-06-16,Clothing,303.74,2,17.1,Next-Day,Credit Card,24,Female,City63,Returned,503.60092
2025-05-25,Clothing,1115.51,4,3.21,Next-Day,Debit Card,21,Male,City39,Not Returned,4318.808516
2023-04-21,Electronics,277.77,3,1.62,Standard,Debit Card,64,Male,City66,Not Returned,819.8103779999999
2025-08-16,Clothing,203.75,5,22.55,Next-Day,Debit Card,38,Male,City37,Returned,789.0218749999999
2024-12-29,Electronics,1465.41,5,34.75,Express,Credit Card,57,Male,City96,Not Returned,4780.900125000001
2024-08-20,Books,1712.26,1,40.12,Next-Day,Debit Card,45,Male,City3,Not Returned,1025.3012879999999
2025-01-24,Clothing,1855.14,4,7.07,Standard,Debit Card,55,Female,City90,Returned,6895.926408
2024-06-26,Clothing,1560.68,3,45.53,Next-Day,COD,50,Female,City30,Not Returned,2550.3071879999998
2023-05-28,Clothing,1752.37,2,39.58,Express,Debit Card,24,Male,City72,Returned,2117.563908
2022-06-24,Electronics,824.67,2,43.17,Standard,Wallet,23,Female,City97,Not Returned,937.319922
2025-06-27,Clothing,1188.25,3,17.2,Express,COD,33,Female,City50,Returned,2951.6130000000003
2022-01-14,Books,1177.55,2,26.53,Next-Day,Wallet,27,Male,City40,Not Returned,1730.2919699999998
2022-03-26,Clothing,474.84,2,28.12,Express,Debit Card,47,Male,City48,Returned,682.6299839999999
2023-08-27,Electronics,1447.99,3,38.06,Express,Wallet,64,Male,City9,Not Returned,2690.655018
2025-03-18,Books,1196.47,5,16.94,Express,Credit Card,27,Male,City61,Not Returned,4968.93991
2022-02-24,Clothing,1043.01,3,29.9,Standard,COD,27,Female,City39,Returned,2193.45003
2024-09-27,Books,252.08,1,8.53,Express,Credit Card,35,Male,City48,Not Returned,230.57757600000002
2025-01-19,Toys,1029.18,3,39.72,Express,Credit Card,33,Male,City66,Not Returned,1861.169112
2024-02-05,Electronics,545.75,1,46.57,Express,Wallet,19,Female,City50,Not Returned,291.594225
2024-12-24,Clothing,106.89,4,20.18,Express,Wallet,56,Male,City56,Not Returned,341.278392
2023-03-28,Clothing,1893.74,5,11.71,Next-Day,Wallet,62,Male,City59,Not Returned,8359.91523
2024-07-24,Clothing,1215.08,2,26.35,Next-Day,Wallet,31,Male,City47,Returned,1789.8128399999998
2024-05-21,Toys,297.62,4,4.68,Standard,Debit Card,34,Female,City51,Not Returned,1134.765536
2025-04-06,Clothing,258.09,5,8.27,Standard,Debit Card,29,Male,City67,Not Returned,1183.7297849999998
2022-02-23,Clothing,1269.08,1,23.29,Next-Day,Wallet,47,Male,City5,Returned,973.511268
2023-07-02,Toys,198.08,4,31.98,Express,Wallet,18,Male,City46,Not Returned,538.936064
2023-03-24,Books,1129.81,2,27.67,Standard,Credit Card,42,Male,City62,Returned,1634.3831460000001
2024-10-05,Clothing,1678.28,1,3.2,Next-Day,Credit Card,42,Female,City96,Returned,1624.57504
2022-05-25,Toys,1215.81,2,32.01,Next-Day,Wallet,18,Male,City58,Not Returned,1653.2584379999998
2022-05-09,Electronics,1127.59,1,14.62,Next-Day,Wallet,22,Female,City84,Not Returned,962.7363419999999
2023-10-26,Toys,1219.19,3,42.35,Express,Wallet,58,Male,City20,Returned,2108.589105
2024-01-22,Clothing,1540.85,2,28.78,Express,Debit Card,48,Female,City73,Not Returned,2194.7867399999996
2022-05-13,Toys,1119.94,5,3.57,Standard,Credit Card,65,Male,City38,Not Returned,5399.790710000001
2025-03-29,Books,1052.66,3,14.78,Express,Credit Card,64,Male,City18,Not Returned,2691.2305560000004
2024-12-06,Electronics,548.68,1,39.28,Next-Day,COD,48,Male,City96,Returned,333.15849599999996
2024-02-24,Clothing,1311.39,3,30.01,Express,COD,42,Male,City26,Returned,2753.525583
2024-01-05,Clothing,892.62,2,48.47,Standard,COD,49,Male,City74,Not Returned,919.9341720000002
2023-08-05,Books,1260.4,3,25.16,Express,COD,54,Female,City2,Not Returned,2829.85008
2022-09-22,Clothing,1267.92,5,23.55,Standard,Credit Card,30,Female,City11,Not Returned,4846.6242
2025-08-09,Electronics,1636.74,4,16.65,Next-Day,COD,41,Female,City100,Not Returned,5456.89116
2023-11-06,Toys,1835.75,2,37.65,Standard,Wallet,46,Male,City92,Not Returned,2289.18025
2025-06-14,Books,450.65,3,30.82,Next-Day,COD,47,Female,City41,Returned,935.2790099999999
2024-06-03,Clothing,1642.6,3,9.68,Standard,COD,64,Female,City58,Returned,4450.788959999999
2023-12-15,Home Appliances,1664.78,4,45.79,Express,Debit Card,21,Male,City10,Returned,3609.908952
2022-08-16,Clothing,426.96,5,25.04,Next-Day,Debit Card,62,Female,City21,Returned,1600.24608
2024-03-09,Books,1517.2,5,31.4,Next-Day,Debit Card,18,Female,City13,Not Returned,5203.995999999999
2025-08-05,Home Appliances,227.54,3,17.39,Next-Day,Wallet,62,Male,City56,Not Returned,563.9123820000001
2024-04-10,Electronics,1432.27,2,13.88,Express,Credit Card,30,Male,City79,Not Returned,2466.941848
2024-08-05,Home Appliances,796.63,4,17.62,Express,Debit Card,36,Female,City22,Not Returned,2625.055176
2024-07-24,Electronics,1650.58,1,39.68,Next-Day,Wallet,23,Female,City93,Not Returned,995.6298559999999
2022-11-11,Toys,252.29,1,43.27,Standard,Debit Card,63,Male,City52,Returned,143.12411699999998
2022-06-05,Toys,1747.73,4,42.22,Standard,Credit Card,58,Male,City64,Not Returned,4039.353576000001
2025-02-12,Electronics,690.91,1,25.25,Standard,Credit Card,44,Female,City70,Not Returned,516.455225
2023-08-20,Clothing,801.66,3,48.23,Next-Day,Wallet,48,Male,City61,Not Returned,1245.058146
2024-08-03,Toys,1492.21,5,40.5,Next-Day,COD,40,Female,City26,Returned,4439.32475
2025-07-09,Clothing,1579.14,1,44.98,Express,Credit Card,49,Female,City29,Not Returned,868.842828
2023-12-18,Clothing,292.48,5,3.23,Next-Day,Debit Card,36,Female,City54,Returned,1415.1644800000001
2025-03-26,Home Appliances,644.99,1,19.86,Standard,Wallet,21,Female,City86,Not Returned,516.894986
2022-11-19,Clothing,1549.92,1,14.63,Standard,Credit Card,61,Male,City11,Not Returned,1323.166704
2025-04-24,Clothing,1691.66,4,24.55,Standard,Wallet,25,Male,City50,Not Returned,5105.42988
2022-09-12,Clothing,1686.5,2,25.98,Standard,Debit Card,18,Male,City56,Not Returned,2496.6946
2024-02-21,Clothing,428.35,1,39.16,Next-Day,Wallet,28,Male,City24,Not Returned,260.60814000000005
2025-02-23,Clothing,1143.06,2,46.44,Express,Wallet,59,Female,City37,Not Returned,1224.445872
2022-11-27,Books,196.67,5,14.59,Standard,Debit Card,55,Female,City8,Not Returned,839.8792349999999
2024-07-11,Clothing,1543.34,3,17.73,Standard,Credit Card,22,Male,City83,Not Returned,3809.1174539999997
2023-11-21,Clothing,403.07,4,17.96,Next-Day,Wallet,31,Female,City29,Returned,1322.714512
2024-03-10,Clothing,300.89,3,1.2,Standard,Debit Card,33,Female,City96,Returned,891.83796
2025-06-25,Clothing,346.56,2,12.11,Standard,COD,21,Female,City10,Returned,609.183168
2025-08-25,Clothing,1611.08,5,17.38,Next-Day,Wallet,59,Male,City3,Not Returned,6655.37148
2023-06-09,Electronics,1932.43,4,23.53,Next-Day,COD,19,Female,City57,Returned,5910.916883999999
2023-03-29,Electronics,387.9,1,14.74,Express,COD,46,Female,City67,Not Returned,330.72354
2025-06-23,Books,473.54,1,26.32,Standard,Debit Card,54,Female,City20,Not Returned,348.904272
2023-12-05,Books,1597.91,2,28.17,Next-Day,COD,44,Male,City75,Returned,2295.557506
2024-12-19,Clothing,470.32,4,30.41,Next-Day,Wallet,43,Male,City80,Not Returned,1309.182752
2024-02-14,Toys,996.8,4,17.45,Next-Day,COD,33,Male,City10,Not Returned,3291.4336
2024-01-10,Toys,1686.47,1,16.8,Next-Day,Debit Card,61,Male,City80,Not Returned,1403.14304
2023-10-15,Clothing,1021.82,3,30.91,Next-Day,Credit Card,22,Male,City58,Returned,2117.9263140000003
2023-03-05,Clothing,1553.33,3,45.42,Next-Day,COD,62,Female,City14,Returned,2543.4225420000002
2022-06-25,Clothing,442.75,3,42.67,Express,COD,28,Male,City91,Not Returned,761.4857249999999
2023-06-24,Electronics,451.96,5,22.74,Express,Credit Card,20,Male,City58,Not Returned,1745.9214799999997
2022-07-05,Books,1928.67,1,42.61,Express,Credit Card,35,Female,City17,Not Returned,1106.8637130000002
2023-09-04,Electronics,328.48,3,28.48,Standard,Wallet,54,Male,City94,Not Returned,704.7866880000001
2023-01-06,Clothing,313.64,2,16.61,Next-Day,Credit Card,56,Male,City72,Returned,523.088792
2023-11-08,Clothing,1078.2,5,9.24,Express,Credit Card,47,Male,City52,Returned,4892.8715999999995
2024-01-04,Books,1795.45,5,23.04,Express,Wallet,34,Male,City73,Not Returned,6908.891600000001
2023-12-08,Clothing,1725.27,1,41.54,Express,Credit Card,52,Male,City69,Not Returned,1008.592842
2023-12-27,Electronics,500.1,1,35.62,Next-Day,Wallet,25,Male,City10,Not Returned,321.96438000000006
2023-03-28,Toys,313.62,3,48.78,Express,Credit Card,34,Male,City5,Not Returned,481.908492
2022-05-16,Clothing,1758.59,2,20.74,Standard,COD,47,Male,City55,Not Returned,2787.716868
2024-09-10,Electronics,1276.76,4,31.44,Standard,Debit Card,19,Male,City80,Not Returned,3501.3866239999998
2024-01-06,Clothing,1288.23,4,46.96,Express,COD,35,Female,City88,Returned,2733.108768
2022-05-09,Electronics,1880.9,2,31.05,Express,Credit Card,40,Female,City69,Returned,2593.7611
2024-07-29,Electronics,1041.69,2,44.34,Next-Day,COD,59,Female,City70,Not Returned,1159.609308
2024-02-28,Clothing,1570.03,3,49.46,Express,COD,32,Male,City38,Returned,2380.4794860000006
2023-11-27,Electronics,1255.24,5,36.45,Express,COD,40,Male,City54,Not Returned,3988.5250999999994
2023-01-07,Electronics,1931.33,5,11.84,Next-Day,COD,56,Female,City9,Not Returned,8513.30264
2025-03-11,Clothing,239.0,2,17.68,Express,Wallet,34,Male,City53,Not Returned,393.4896
2024-11-06,Clothing,1270.36,2,26.87,Next-Day,COD,49,Male,City20,Not Returned,1858.028536
2022-10-12,Clothing,750.29,5,30.7,Next-Day,Credit Card,40,Male,City43,Returned,2599.7548500000003
2022-07-04,Toys,1466.87,5,8.5,Standard,Wallet,27,Male,City83,Not Returned,6710.930249999999
2024-04-23,Books,1391.8,5,15.08,Next-Day,COD,53,Female,City36,Returned,5909.5828
2022-02-13,Home Appliances,658.02,4,1.84,Standard,Debit Card,48,Male,City60,Not Returned,2583.649728
2023-07-09,Electronics,1999.8,5,1.72,Express,COD,64,Male,City9,Not Returned,9827.0172
2022-01-02,Clothing,723.52,2,43.2,Express,Wallet,60,Male,City34,Not Returned,821.9187199999999
2023-07-20,Clothing,777.21,2,21.83,Next-Day,COD,58,Female,City5,Not Returned,1215.090114
2024-11-11,Electronics,110.35,1,43.84,Express,Wallet,28,Female,City67,Not Returned,61.972559999999994
2024-12-22,Books,1591.7,4,12.59,Standard,Debit Card,54,Female,City23,Returned,5565.21988
2025-01-01,Clothing,1807.74,3,0.18,Standard,COD,29,Female,City100,Returned,5413.4582040000005
2024-12-05,Books,752.38,3,19.28,Standard,Debit Card,31,Female,City47,Not Returned,1821.963408
2022-07-06,Electronics,434.08,1,16.95,Express,COD,27,Female,City13,Not Returned,360.50344
2024-03-30,Toys,1272.57,5,2.46,Standard,Wallet,35,Female,City95,Returned,6206.32389
2024-04-13,Clothing,759.92,4,26.89,Standard,Credit Card,58,Female,City30,Returned,2222.310048
2022-05-18,Toys,646.16,2,39.17,Standard,Credit Card,30,Male,City14,Not Returned,786.1182560000001
2024-12-04,Clothing,1370.59,5,16.49,Standard,Debit Card,29,Male,City75,Not Returned,5722.898544999999
2025-07-16,Clothing,1372.81,2,16.55,Express,COD,52,Female,City7,Not Returned,2291.21989
2022-06-24,Books,1461.71,4,25.25,Express,Credit Card,54,Female,City77,Returned,4370.512900000001
2022-12-18,Electronics,561.56,1,24.51,Express,COD,24,Male,City70,Not Returned,423.92164399999996
2024-02-25,Electronics,549.69,2,8.58,Standard,Wallet,62,Male,City66,Not Returned,1005.0531960000001
2022-11-03,Toys,452.3,5,20.39,Next-Day,Wallet,50,Male,City20,Not Returned,1800.38015
2023-04-05,Clothing,567.41,4,33.74,Express,Debit Card,61,Male,City42,Not Returned,1503.8634639999998
2024-04-10,Books,1358.22,3,24.85,Next-Day,Credit Card,40,Female,City11,Not Returned,3062.1069899999998
2024-12-29,Clothing,377.16,1,23.86,Standard,Debit Card,19,Male,City23,Not Returned,287.169624
2025-08-01,Books,900.47,4,1.28,Express,COD,59,Female,City38,Not Returned,3555.775936
2024-03-27,Electronics,818.34,1,48.66,Express,Wallet,57,Male,City20,Returned,420.1357560000001
2024-02-21,Clothing,1847.1,2,26.41,Standard,Credit Card,34,Female,City13,Returned,2718.56178
2022-03-09,Electronics,1198.37,3,18.1,Standard,Credit Card,47,Female,City19,Not Returned,2944.3950899999995
2023-01-24,Clothing,1620.37,5,41.76,Express,COD,35,Male,City32,Not Returned,4718.51744
2024-09-28,Clothing,1258.38,4,17.74,Express,Wallet,27,Female,City52,Returned,4140.573552000001
2024-05-25,Home Appliances,1047.81,4,1.53,Express,Credit Card,38,Male,City86,Not Returned,4127.114028
2023-03-22,Clothing,550.69,3,46.77,Standard,Wallet,61,Male,City46,Returned,879.3968610000001
2023-12-22,Books,181.73,1,31.47,Next-Day,Credit Card,43,Male,City3,Not Returned,124.539569
2023-09-02,Clothing,1468.16,4,3.99,Next-Day,Credit Card,64,Female,City14,Not Returned,5638.321664
2023-02-22,Electronics,383.27,4,25.01,Next-Day,Credit Card,29,Male,City68,Returned,1149.656692
2023-05-22,Electronics,406.72,4,20.44,Standard,Credit Card,43,Female,City97,Returned,1294.345728
2025-02-05,Clothing,860.0,5,7.7,Standard,Credit Card,42,Female,City84,Returned,3968.9
2025-05-02,Clothing,266.73,5,27.06,Next-Day,Debit Card,55,Male,City22,Not Returned,972.7643100000001
2022-03-25,Toys,1440.81,3,34.38,Express,COD,44,Female,City12,Not Returned,2836.378566
2023-07-19,Clothing,465.62,2,44.09,Express,COD,48,Male,City58,Returned,520.6562839999999
2022-10-28,Clothing,409.34,2,15.69,Next-Day,Credit Card,37,Female,City50,Not Returned,690.2291079999999
2022-01-06,Clothing,1571.67,4,46.42,Standard,Credit Card,60,Male,City26,Returned,3368.4031440000003
2024-09-16,Electronics,1946.93,1,43.21,Next-Day,COD,24,Male,City90,Not Returned,1105.6615470000002
2022-07-10,Toys,564.67,3,40.15,Express,Debit Card,26,Male,City49,Not Returned,1013.8649849999999
2022-03-14,Books,267.56,4,27.84,Express,Credit Card,39,Male,City33,Returned,772.2851840000001
2024-12-23,Electronics,629.87,2,35.55,Next-Day,Wallet,18,Female,City68,Not Returned,811.9024300000001
2025-03-08,Clothing,1765.68,1,21.9,Next-Day,Credit Card,36,Male,City13,Returned,1378.9960800000001
2022-07-20,Home Appliances,704.37,4,41.13,Next-Day,Debit Card,44,Male,City88,Not Returned,1658.650476
2022-03-18,Toys,971.54,1,39.76,Express,Credit Card,40,Female,City53,Not Returned,585.2556960000001
2023-08-22,Toys,1336.6,5,8.74,Next-Day,Debit Card,48,Female,City15,Returned,6098.9057999999995
2025-02-06,Clothing,1241.41,2,12.31,Next-Day,Debit Card,35,Female,City7,Not Returned,2177.184858
2023-12-21,Clothing,1353.62,5,22.83,Express,Credit Card,34,Female,City10,Not Returned,5222.94277
2024-06-17,Clothing,1304.72,4,25.78,Standard,Debit Card,18,Female,City62,Not Returned,3873.4527359999997
2023-03-18,Home Appliances,1280.76,4,43.43,Express,Debit Card,33,Female,City99,Not Returned,2898.103728
2025-07-06,Home Appliances,272.54,1,15.37,Next-Day,Credit Card,65,Male,City3,Returned,230.65060200000002
2022-07-16,Home Appliances,533.1,3,17.27,Standard,Debit Card,48,Male,City58,Returned,1323.1008900000002
2022-07-03,Clothing,298.17,2,21.51,Standard,Credit Card,62,Male,City73,Returned,468.06726599999996
2022-11-11,Electronics,691.21,1,42.67,Express,Credit Card,46,Female,City88,Not Returned,396.270693
2022-07-18,Books,1561.47,2,33.11,Next-Day,COD,55,Male,City93,Not Returned,2088.9345660000004
2023-06-12,Books,745.6,2,9.24,Standard,Wallet,34,Female,City72,Not Returned,1353.41312
2022-07-24,Books,1349.7,4,48.69,Express,COD,38,Male,City5,Returned,2770.12428
2025-02-27,Clothing,1507.9,5,36.84,Standard,Credit Card,30,Male,City68,Returned,4761.9482
2023-08-07,Books,677.87,2,34.63,Express,Credit Card,20,Female,City39,Returned,886.2472379999999
2022-11-14,Toys,117.68,2,35.26,Next-Day,Credit Card,37,Male,City5,Not Returned,152.372064
2022-04-05,Clothing,1288.83,3,9.89,Express,Wallet,19,Male,City32,Not Returned,3484.094139
2025-06-27,Electronics,254.72,2,44.94,Express,Wallet,47,Male,City91,Not Returned,280.497664
2024-11-23,Books,712.83,4,35.15,Express,COD,26,Female,City22,Not Returned,1849.0810200000003
2023-02-25,Electronics,1172.66,3,17.56,Next-Day,Debit Card,58,Male,City37,Returned,2900.2227120000007
2022-07-11,Electronics,1310.9,4,43.9,Express,Credit Card,62,Male,City90,Not Returned,2941.6596
2023-08-27,Books,791.66,1,29.31,Express,Wallet,64,Male,City41,Not Returned,559.624454
2023-04-12,Clothing,173.64,1,32.9,Standard,Credit Card,21,Male,City66,Not Returned,116.51244
2025-08-25,Electronics,1437.64,2,21.67,Next-Day,Wallet,22,Male,City78,Returned,2252.2068240000003
2022-11-28,Toys,750.4,5,17.8,Next-Day,Wallet,60,Male,City56,Not Returned,3084.144
2025-04-03,Books,1608.22,3,31.46,Express,Debit Card,54,Male,City88,Not Returned,3306.8219639999998
2022-11-17,Clothing,1263.87,5,14.93,Next-Day,Credit Card,36,Male,City45,Returned,5375.871045
2022-04-24,Clothing,1104.7,4,40.06,Next-Day,Wallet,50,Female,City60,Not Returned,2648.6287199999997
2024-08-23,Electronics,934.87,4,34.32,Standard,Wallet,30,Female,City7,Returned,2456.0904640000003
2025-01-21,Clothing,911.86,5,33.58,Express,Debit Card,21,Female,City99,Returned,3028.28706
2023-12-21,Clothing,122.02,4,15.46,Next-Day,Credit Card,57,Male,City68,Not Returned,412.62283199999996
2023-12-18,Electronics,1301.03,1,39.67,Next-Day,Wallet,22,Female,City91,Not Returned,784.911399
2023-03-26,Clothing,1852.25,5,17.94,Next-Day,Credit Card,27,Male,City2,Returned,7599.78175
2025-04-29,Home Appliances,1023.19,3,0.15,Express,COD,34,Male,City78,Not Returned,3064.965645
2025-07-30,Electronics,199.47,4,36.32,Express,Debit Card,63,Male,City46,Not Returned,508.089984
2022-05-13,Books,478.24,1,22.56,Express,COD,54,Female,City98,Not Returned,370.349056
2024-07-04,Toys,635.85,1,38.85,Next-Day,Wallet,61,Male,City82,Returned,388.822275
2024-11-19,Clothing,636.66,2,11.68,Express,COD,55,Male,City2,Not Returned,1124.596224
2022-06-18,Books,187.05,2,18.4,Standard,Wallet,22,Female,City5,Not Returned,305.26560000000006
2022-04-30,Clothing,715.0,1,23.23,Next-Day,Credit Card,35,Female,City52,Not Returned,548.9055000000001
2025-05-31,Toys,1688.16,2,20.7,Next-Day,Debit Card,64,Male,City72,Not Returned,2677.42176
2025-01-04,Clothing,251.17,3,35.25,Standard,Credit Card,58,Female,City38,Returned,487.897725
2023-01-23,Electronics,1975.72,3,32.85,Standard,Wallet,56,Male,City98,Returned,3980.08794
2023-06-13,Toys,309.68,2,14.25,Next-Day,Debit Card,23,Female,City41,Not Returned,531.1012000000001
2023-04-29,Clothing,636.65,5,41.41,Standard,COD,59,Male,City26,Not Returned,1865.0661750000004
2025-03-07,Clothing,1585.02,1,3.41,Next-Day,Credit Card,53,Male,City84,Not Returned,1530.970818
2024-02-13,Home Appliances,349.28,4,35.33,Next-Day,COD,39,Male,City86,Not Returned,903.517504
2025-04-03,Toys,883.27,5,5.39,Next-Day,Wallet,34,Male,City73,Not Returned,4178.3087350000005
2023-10-25,Clothing,1555.6,5,22.29,Express,Debit Card,61,Male,City16,Returned,6044.2838
2022-05-18,Electronics,1768.0,2,28.81,Next-Day,Wallet,48,Female,City98,Not Returned,2517.2784
2022-08-24,Clothing,1724.21,4,36.12,Next-Day,COD,24,Female,City93,Not Returned,4405.701392
2025-08-27,Clothing,1148.92,3,16.69,Next-Day,Wallet,33,Male,City68,Not Returned,2871.495756
2024-01-30,Electronics,1667.77,4,41.8,Next-Day,COD,45,Male,City15,Returned,3882.5685600000006
2022-03-20,Electronics,1353.23,4,45.23,Standard,Credit Card,54,Female,City37,Returned,2964.6562840000006
2024-10-19,Home Appliances,285.07,5,12.09,Standard,COD,36,Female,City65,Not Returned,1253.025185
2023-06-17,Clothing,1356.97,5,43.71,Express,Credit Card,65,Female,City77,Not Returned,3819.1920649999997
2023-08-24,Clothing,1253.88,3,18.24,Next-Day,Wallet,26,Female,City10,Not Returned,3075.516864
2025-05-25,Clothing,1396.95,3,31.94,Standard,Credit Card,40,Male,City63,Not Returned,2852.29251
2023-07-11,Clothing,325.54,5,6.37,Standard,Credit Card,44,Male,City75,Not Returned,1524.0155100000002
2022-02-03,Home Appliances,500.84,3,27.73,Express,Wallet,38,Male,City61,Not Returned,1085.871204
2025-01-27,Electronics,488.04,2,4.21,Next-Day,Wallet,26,Male,City85,Not Returned,934.987032
2023-04-20,Home Appliances,1094.52,3,12.17,Next-Day,COD,19,Female,City37,Not Returned,2883.9507479999997
2022-06-10,Electronics,215.45,5,38.32,Express,COD,59,Male,City99,Not Returned,664.4478
2023-12-10,Home Appliances,1592.15,5,29.59,Next-Day,COD,24,Male,City91,Not Returned,5605.164075
2024-12-01,Clothing,1304.33,3,38.84,Express,Credit Card,45,Male,City71,Not Returned,2393.1846839999994
2024-09-19,Clothing,884.9,5,3.12,Standard,Debit Card,39,Male,City26,Not Returned,4286.4556
2024-12-05,Clothing,1541.66,5,43.82,Next-Day,Debit Card,48,Female,City73,Not Returned,4330.522940000001
2022-03-27,Clothing,248.92,2,43.44,Next-Day,Wallet,20,Female,City70,Returned,281.57830400000006
2023-03-25,Toys,146.95,3,4.92,Express,Credit Card,36,Male,City60,Not Returned,419.16017999999997
2023-02-21,Books,761.0,1,14.2,Standard,Wallet,23,Female,City25,Returned,652.938
2025-08-04,Clothing,1179.33,2,15.58,Next-Day,Credit Card,62,Male,City44,Returned,1991.180772
2024-11-28,Clothing,1261.24,1,9.49,Standard,Wallet,50,Male,City35,Returned,1141.548324
2024-08-31,Toys,542.88,5,14.44,Express,Wallet,41,Male,City96,Not Returned,2322.4406400000003
2025-02-06,Electronics,478.23,2,10.5,Next-Day,COD,27,Male,City75,Not Returned,856.0317
2024-02-21,Electronics,224.98,4,32.51,Express,Debit Card,60,Male,City54,Not Returned,607.356008
2022-06-12,Electronics,353.76,2,21.73,Next-Day,Debit Card,63,Female,City19,Not Returned,553.775904
2024-02-06,Home Appliances,1417.13,5,48.42,Next-Day,COD,51,Female,City47,Returned,3654.7782700000007
2023-03-10,Books,1265.24,4,7.35,Next-Day,Debit Card,32,Male,City33,Not Returned,4688.97944
2025-02-09,Clothing,1353.39,5,21.04,Express,Credit Card,63,Male,City2,Returned,5343.18372
2023-03-13,Toys,1612.78,4,23.52,Standard,Debit Card,39,Female,City46,Returned,4933.816576
2024-11-30,Clothing,1748.26,2,27.32,Standard,Credit Card,56,Female,City59,Not Returned,2541.270736
2025-06-06,Clothing,224.29,5,14.07,Next-Day,Wallet,49,Male,City18,Not Returned,963.661985
2024-06-17,Toys,1737.16,3,24.33,Express,COD,45,Male,City3,Not Returned,3943.5269160000007
2025-05-28,Electronics,174.21,1,1.74,Next-Day,Wallet,25,Female,City77,Returned,171.17874600000002
2025-03-24,Clothing,1834.55,5,35.16,Express,Wallet,51,Female,City90,Not Returned,5947.611100000001
2024-02-11,Electronics,422.03,5,49.49,Express,Debit Card,33,Male,City44,Not Returned,1065.8367649999998
2022-09-04,Home Appliances,1474.65,2,3.05,Standard,Debit Card,50,Female,City73,Not Returned,2859.3463500000003
2024-10-26,Clothing,556.28,2,15.26,Next-Day,Debit Card,28,Female,City94,Not Returned,942.783344
2024-02-23,Electronics,1686.71,2,22.57,Standard,Debit Card,19,Male,City33,Not Returned,2612.039106
2024-01-28,Clothing,136.59,4,8.76,Standard,Debit Card,51,Male,City92,Returned,498.498864
2022-05-21,Clothing,1255.44,1,11.43,Express,Credit Card,20,Female,City11,Returned,1111.9432080000001
2022-11-26,Clothing,662.7,5,15.25,Express,Credit Card,28,Male,City52,Not Returned,2808.1912500000003
2024-11-26,Clothing,805.47,2,45.05,Standard,Debit Card,43,Female,City23,Returned,885.2115300000002
2022-05-29,Electronics,1163.29,2,36.75,Express,Credit Card,64,Female,City79,Returned,1471.56185
2023-08-17,Books,1597.24,2,24.56,Express,COD,29,Female,City91,Not Returned,2409.915712
2022-11-18,Toys,1846.09,2,5.27,Next-Day,Credit Card,32,Male,City52,Not Returned,3497.602114
2024-02-07,Electronics,1101.38,3,25.5,Next-Day,COD,65,Female,City81,Not Returned,2461.5843000000004
2022-06-05,Home Appliances,502.32,2,5.5,Standard,Credit Card,58,Male,City78,Not Returned,949.3847999999999
2023-04-15,Clothing,568.58,3,10.53,Express,COD,64,Male,City52,Returned,1526.1255780000004
2025-08-19,Books,1801.3,3,32.37,Next-Day,COD,58,Male,City14,Returned,3654.65757
2023-04-25,Clothing,1308.54,4,40.03,Standard,COD,41,Male,City97,Not Returned,3138.925752
2022-12-06,Electronics,431.11,1,18.2,Standard,COD,34,Male,City96,Not Returned,352.64798
2025-03-18,Clothing,1072.39,4,26.95,Next-Day,Debit Card,33,Male,City40,Returned,3133.52358
2024-07-11,Clothing,885.23,1,49.76,Express,Credit Card,45,Female,City2,Returned,444.73955199999995
2025-01-11,Electronics,1105.74,3,3.69,Express,Wallet,35,Female,City59,Not Returned,3194.814582
2023-10-01,Clothing,751.72,5,1.01,Standard,COD,50,Female,City89,Returned,3720.6381400000005
2023-09-19,Electronics,1947.07,2,45.38,Standard,Wallet,64,Female,City100,Not Returned,2126.979268
2025-08-02,Clothing,1237.7,3,44.36,Next-Day,Debit Card,22,Male,City88,Not Returned,2065.96884
2022-09-01,Books,851.9,1,5.17,Next-Day,Debit Card,41,Female,City53,Not Returned,807.85677
2022-12-15,Books,1690.46,5,40.27,Next-Day,COD,23,Male,City82,Not Returned,5048.558789999999
2022-01-31,Toys,1449.42,5,27.53,Express,Wallet,29,Male,City26,Not Returned,5251.973370000001
2022-12-12,Books,1583.65,3,26.88,Next-Day,Debit Card,34,Female,City23,Not Returned,3473.894640000001
2025-06-24,Electronics,895.42,3,29.97,Express,COD,31,Female,City12,Not Returned,1881.187878
2025-07-01,Electronics,1103.06,2,27.29,Express,COD,56,Male,City79,Not Returned,1604.069852
2022-03-23,Books,1417.6,2,8.17,Standard,Credit Card,57,Female,City16,Not Returned,2603.56416
2022-04-06,Clothing,166.77,4,26.25,Express,Debit Card,60,Female,City70,Returned,491.97150000000005
2025-01-06,Electronics,596.68,5,49.3,Next-Day,Debit Card,46,Male,City89,Not Returned,1512.5837999999999
2024-05-27,Clothing,205.69,5,45.46,Next-Day,COD,24,Male,City27,Returned,560.91663
2023-08-16,Electronics,952.37,3,4.14,Standard,Credit Card,48,Male,City37,Not Returned,2738.8256460000002
2024-07-18,Clothing,1306.7,2,4.26,Standard,Credit Card,46,Male,City31,Not Returned,2502.06916
2024-08-18,Home Appliances,1601.61,4,4.88,Express,COD,45,Female,City50,Not Returned,6093.805728
2025-02-28,Clothing,1209.49,4,39.72,Standard,Wallet,46,Male,City88,Not Returned,2916.322288
2024-06-08,Toys,919.21,2,15.0,Next-Day,COD,53,Male,City53,Not Returned,1562.657
2023-11-15,Books,955.36,3,1.77,Express,COD,36,Male,City77,Returned,2815.350384
2025-01-24,Clothing,1824.59,3,10.83,Express,COD,27,Male,City46,Not Returned,4880.960708999999
2025-06-06,Clothing,1818.39,1,15.0,Next-Day,COD,53,Female,City94,Not Returned,1545.6315
2024-11-05,Toys,273.58,2,17.07,Standard,Credit Card,64,Male,City100,Not Returned,453.759788
2022-12-29,Electronics,325.37,2,1.96,Express,Credit Card,39,Male,City76,Not Returned,637.985496
2023-04-01,Toys,1435.2,5,38.82,Standard,COD,65,Female,City81,Not Returned,4390.2768
2022-02-16,Electronics,1396.65,2,45.6,Standard,Wallet,20,Female,City2,Not Returned,1519.5552000000002
2025-05-12,Clothing,1217.22,3,18.51,Next-Day,Wallet,24,Male,City47,Returned,2975.737734
2025-02-21,Electronics,164.38,1,39.68,Next-Day,Debit Card,23,Male,City48,Not Returned,99.15401599999998
2022-05-17,Clothing,499.02,5,11.38,Standard,Wallet,40,Female,City55,Not Returned,2211.15762
2022-12-25,Books,1285.47,1,20.15,Express,Debit Card,50,Female,City43,Not Returned,1026.447795
2022-06-26,Electronics,1172.3,2,39.21,Standard,Wallet,51,Female,City24,Not Returned,1425.28234
2022-03-03,Clothing,173.86,3,10.8,Express,Debit Card,30,Male,City17,Returned,465.24936
2022-02-05,Toys,1219.06,2,22.22,Next-Day,COD,22,Male,City83,Returned,1896.369736
2022-05-26,Electronics,223.33,1,44.59,Next-Day,Credit Card,25,Female,City6,Returned,123.74715300000001
2024-05-18,Books,1304.96,1,0.64,Next-Day,Debit Card,49,Female,City63,Not Returned,1296.608256
2022-06-20,Toys,149.56,5,20.95,Express,Wallet,57,Male,City60,Not Returned,591.1359
2023-01-24,Electronics,1991.2,3,14.82,Express,Wallet,20,Male,City21,Not Returned,5088.3124800000005
2022-10-02,Clothing,1826.83,2,6.47,Express,Debit Card,60,Female,City50,Returned,3417.2681979999998
2023-08-26,Electronics,984.31,1,13.26,Standard,Credit Card,52,Female,City45,Not Returned,853.7904939999999
2022-11-28,Electronics,1105.82,1,27.89,Standard,Credit Card,51,Male,City12,Not Returned,797.4068020000001
2023-08-06,Toys,1723.04,4,28.38,Standard,Debit Card,35,Male,City68,Not Returned,4936.164992
2022-02-18,Toys,1416.38,2,14.26,Next-Day,Credit Card,64,Female,City28,Not Returned,2428.808424
2025-06-09,Clothing,194.48,1,40.09,Standard,Wallet,46,Female,City13,Returned,116.51296799999999
2022-06-10,Electronics,582.81,1,29.38,Express,Wallet,53,Male,City27,Not Returned,411.58042199999994
2024-11-17,Home Appliances,133.54,4,0.22,Next-Day,Wallet,64,Female,City73,Returned,532.9848479999999
2024-03-11,Home Appliances,655.95,1,41.9,Next-Day,COD,48,Male,City63,Not Returned,381.10695
2025-08-26,Electronics,1978.26,3,39.98,Standard,Credit Card,31,Female,City67,Not Returned,3562.0549560000004
2024-06-20,Home Appliances,946.01,1,17.87,Express,Debit Card,35,Female,City25,Not Returned,776.958013
2024-12-03,Clothing,895.2,1,13.0,Next-Day,COD,43,Male,City91,Returned,778.8240000000001
2025-03-01,Clothing,1311.68,3,24.53,Express,Credit Card,20,Male,City2,Not Returned,2969.7746879999995
2025-06-11,Toys,724.68,4,23.16,Standard,Wallet,30,Female,City95,Not Returned,2227.376448
2023-02-03,Toys,855.64,4,49.75,Express,Debit Card,45,Female,City99,Not Returned,1719.8363999999997
2023-01-04,Toys,1399.95,1,44.89,Standard,Debit Card,30,Female,City98,Not Returned,771.512445
2023-03-10,Home Appliances,733.37,5,48.18,Standard,Wallet,45,Male,City42,Not Returned,1900.16167
2023-04-20,Books,324.34,4,15.31,Standard,Debit Card,20,Male,City79,Returned,1098.734184
2024-02-21,Home Appliances,967.01,1,39.64,Next-Day,Debit Card,58,Female,City50,Not Returned,583.6872359999999
2023-09-18,Toys,1666.61,4,49.77,Next-Day,Wallet,22,Female,City71,Returned,3348.5528119999994
2023-10-18,Electronics,832.59,5,27.85,Express,Wallet,41,Male,City23,Not Returned,3003.568425
2025-01-25,Electronics,560.15,5,23.37,Standard,Credit Card,19,Female,City80,Not Returned,2146.214725
2025-01-03,Clothing,734.77,2,6.9,Next-Day,Wallet,20,Male,City30,Not Returned,1368.14174
2022-07-01,Home Appliances,127.64,5,44.62,Express,Debit Card,29,Female,City95,Not Returned,353.43516000000005
2023-09-09,Toys,1375.38,1,47.78,Express,Wallet,33,Female,City84,Not Returned,718.2234360000001
2022-01-23,Electronics,101.62,3,49.2,Express,Debit Card,35,Female,City87,Returned,154.86888000000002
2023-06-27,Clothing,1294.11,1,44.49,Next-Day,Credit Card,38,Male,City98,Not Returned,718.3604609999999
2022-06-19,Toys,1470.0,5,6.97,Standard,COD,50,Female,City28,Not Returned,6837.705
2025-03-08,Electronics,1085.29,2,0.86,Express,COD,60,Female,City12,Not Returned,2151.913012
2022-04-12,Books,1343.82,4,15.48,Next-Day,Credit Card,56,Male,City49,Not Returned,4543.186656
2024-10-20,Electronics,1803.26,4,43.28,Standard,Credit Card,48,Female,City59,Not Returned,4091.2362879999996
2023-04-28,Clothing,494.77,1,38.59,Standard,Credit Card,33,Male,City94,Returned,303.838257
2023-11-04,Books,180.77,4,48.08,Next-Day,COD,58,Male,City20,Returned,375.423136
2022-11-29,Clothing,1082.52,2,14.27,Standard,COD,46,Female,City77,Returned,1856.0887919999998
2024-04-23,Clothing,1866.41,5,28.25,Standard,COD,38,Female,City18,Returned,6695.745875000001
2023-11-10,Electronics,225.1,5,41.99,Standard,Credit Card,38,Female,City73,Not Returned,652.90255
2025-02-01,Clothing,1767.3,2,24.18,Next-Day,Credit Card,22,Male,City60,Not Returned,2679.93372
2024-05-22,Clothing,366.94,5,34.77,Standard,Debit Card,60,Male,City33,Returned,1196.7748100000001
2022-06-11,Home Appliances,302.07,2,23.53,Next-Day,COD,22,Male,City77,Returned,461.98585799999995
2024-10-16,Home Appliances,313.33,1,31.21,Next-Day,COD,18,Male,City73,Not Returned,215.53970699999996
2024-01-08,Toys,896.0,2,17.2,Express,Debit Card,55,Female,City60,Not Returned,1483.776
2024-06-26,Toys,1346.64,4,44.36,Next-Day,Credit Card,54,Male,City29,Not Returned,2997.0819840000004
2023-12-18,Clothing,1079.52,5,4.07,Standard,Credit Card,37,Male,City92,Not Returned,5177.9176800000005
2024-08-24,Electronics,1246.65,3,2.21,Next-Day,COD,30,Female,City58,Returned,3657.297105
2022-02-04,Books,517.03,1,36.97,Express,Debit Card,40,Male,City68,Returned,325.88400900000005
2024-12-09,Clothing,544.38,2,44.25,Standard,Debit Card,29,Female,City13,Not Returned,606.9837
2024-02-10,Books,441.42,5,14.82,Express,Credit Card,56,Male,City16,Not Returned,1880.00778
2022-05-02,Electronics,931.01,4,27.06,Standard,Debit Card,28,Male,City54,Not Returned,2716.314776
2022-03-19,Clothing,257.24,2,16.87,Next-Day,Credit Card,65,Male,City43,Returned,427.68722399999996
2023-06-27,Books,697.58,4,15.96,Standard,Credit Card,30,Female,City91,Not Returned,2344.9849280000003
2025-04-18,Electronics,1213.87,1,16.82,Next-Day,Credit Card,39,Female,City34,Not Returned,1009.6970659999998
2025-05-03,Clothing,784.27,1,14.3,Express,Credit Card,49,Female,City16,Not Returned,672.11939
2023-01-30,Clothing,284.54,5,19.7,Standard,Wallet,42,Male,City35,Not Returned,1142.4281
2025-05-08,Electronics,1302.39,2,40.64,Next-Day,Debit Card,43,Male,City56,Not Returned,1546.1974080000002
2024-08-13,Books,683.97,2,29.59,Next-Day,Wallet,61,Male,City36,Not Returned,963.166554
2023-12-26,Clothing,1100.47,5,14.32,Standard,Wallet,22,Female,City54,Not Returned,4714.41348
2023-12-23,Electronics,224.99,1,10.75,Express,Credit Card,34,Male,City63,Returned,200.803575
2023-08-30,Electronics,285.5,5,29.81,Express,Wallet,59,Male,City37,Returned,1001.9622499999999
2024-02-20,Clothing,392.45,2,44.55,Next-Day,Debit Card,63,Male,City57,Returned,435.22704999999996
2023-04-22,Clothing,336.06,4,7.02,Next-Day,Credit Card,62,Male,City62,Returned,1249.874352
2025-01-13,Clothing,1592.27,4,19.18,Express,Debit Card,21,Female,City80,Not Returned,5147.490456
2025-02-01,Clothing,1281.76,4,33.46,Express,Debit Card,37,Male,City95,Not Returned,3411.532416
2022-02-26,Clothing,1945.53,5,12.7,Standard,COD,38,Male,City45,Not Returned,8492.238449999999
2025-03-13,Electronics,1733.84,5,49.64,Next-Day,Debit Card,30,Female,City81,Not Returned,4365.80912
2022-06-12,Books,920.74,2,46.09,Standard,Wallet,32,Female,City68,Not Returned,992.7418679999998
2022-09-25,Books,1571.01,2,26.45,Express,Credit Card,51,Male,City66,Not Returned,2310.95571
2024-08-28,Electronics,1876.6,3,0.86,Express,Credit Card,44,Male,City42,Not Returned,5581.383719999999
2022-09-20,Electronics,1968.03,5,47.5,Standard,Wallet,19,Female,City66,Not Returned,5166.07875
2025-03-21,Electronics,1130.87,3,1.24,Express,COD,39,Female,City95,Not Returned,3350.541636
2025-08-17,Electronics,1578.39,2,33.97,Standard,Credit Card,39,Female,City25,Returned,2084.421834
2022-05-12,Toys,293.41,1,11.25,Standard,Wallet,61,Female,City81,Not Returned,260.40137500000003
2022-04-18,Books,1377.61,2,29.36,Express,COD,58,Male,City94,Not Returned,1946.287408
2023-02-09,Toys,587.2,5,16.21,Standard,Credit Card,23,Female,City57,Not Returned,2460.0744
2023-12-21,Books,1373.46,1,14.16,Standard,COD,54,Female,City49,Not Returned,1178.9780640000001
2024-05-15,Electronics,150.15,1,19.06,Next-Day,Wallet,53,Female,City62,Not Returned,121.53141000000001
2022-12-06,Clothing,1083.39,3,25.0,Standard,COD,26,Female,City14,Not Returned,2437.6275
2022-07-15,Electronics,1651.7,1,22.74,Next-Day,Credit Card,60,Female,City65,Not Returned,1276.10342
2024-11-26,Clothing,1976.56,2,10.09,Express,COD,63,Male,City2,Returned,3554.250192
2023-03-18,Electronics,1708.65,2,11.4,Express,Credit Card,21,Male,City1,Not Returned,3027.7278
2023-05-19,Books,201.17,1,7.88,Next-Day,Debit Card,61,Female,City100,Not Returned,185.317804
2024-09-29,Electronics,1472.99,3,25.38,Express,Wallet,51,Male,City25,Not Returned,3297.435414
2022-07-11,Books,466.87,2,39.64,Next-Day,Credit Card,41,Male,City2,Not Returned,563.6054639999999
2023-05-25,Books,982.6,3,3.19,Next-Day,Wallet,62,Male,City47,Not Returned,2853.76518
2024-06-15,Electronics,704.12,3,42.28,Next-Day,Debit Card,42,Female,City6,Returned,1219.2541919999999
2025-05-06,Electronics,997.37,5,36.49,Standard,COD,64,Female,City83,Not Returned,3167.148435
2023-03-30,Books,349.88,2,45.51,Next-Day,Debit Card,52,Female,City70,Returned,381.299224
2025-02-16,Home Appliances,415.35,4,42.9,Standard,COD,54,Female,City67,Not Returned,948.6594
2025-03-01,Books,1884.32,5,18.82,Next-Day,COD,35,Female,City3,Not Returned,7648.45488
2022-05-28,Clothing,609.13,3,44.85,Next-Day,COD,63,Male,City87,Not Returned,1007.805585
2022-07-26,Clothing,1247.83,5,38.34,Next-Day,Wallet,57,Female,City30,Not Returned,3847.05989
2022-03-17,Home Appliances,1455.85,4,16.03,Standard,Debit Card,30,Female,City37,Not Returned,4889.90898
2024-03-26,Home Appliances,1021.15,1,8.85,Next-Day,COD,54,Female,City52,Not Returned,930.7782249999999
2023-04-02,Toys,447.01,1,37.85,Next-Day,Credit Card,28,Female,City79,Not Returned,277.816715
2024-06-21,Electronics,1776.31,1,7.98,Next-Day,Wallet,43,Male,City78,Not Returned,1634.560462
2024-08-12,Books,111.5,4,22.67,Next-Day,Credit Card,58,Male,City88,Not Returned,344.8918
2023-02-04,Books,1034.51,2,33.61,Next-Day,Wallet,58,Female,City93,Not Returned,1373.6223779999998
2022-04-11,Clothing,1292.06,5,24.02,Next-Day,COD,52,Male,City46,Not Returned,4908.53594
2024-04-07,Clothing,506.51,4,6.58,Express,Debit Card,59,Female,City42,Returned,1892.726568
2024-10-27,Clothing,1263.09,4,33.38,Express,Debit Card,43,Male,City72,Returned,3365.8822319999995
2024-12-24,Clothing,599.18,1,9.43,Standard,COD,28,Male,City72,Not Returned,542.6773259999999
2022-12-17,Electronics,951.65,2,22.5,Next-Day,Wallet,57,Male,City30,Not Returned,1475.0575000000001
2022-10-29,Clothing,1894.4,2,37.47,Standard,COD,51,Male,City44,Returned,2369.13664
2023-10-22,Clothing,797.35,2,3.86,Next-Day,Credit Card,33,Male,City12,Not Returned,1533.1445800000001
2024-04-14,Electronics,614.37,4,14.84,Next-Day,Wallet,61,Female,City25,Not Returned,2092.789968
2022-02-18,Clothing,1580.04,5,9.1,Next-Day,Credit Card,55,Female,City16,Not Returned,7181.2818
2024-07-13,Books,543.51,2,46.1,Next-Day,Credit Card,52,Female,City74,Not Returned,585.9037799999999
2022-05-16,Books,752.11,1,21.68,Standard,Wallet,25,Male,City15,Not Returned,589.052552
2023-07-21,Clothing,624.8,4,36.82,Standard,Debit Card,59,Female,City67,Not Returned,1578.9945599999996
2024-07-15,Clothing,1980.74,3,29.21,Standard,Debit Card,22,Male,City75,Not Returned,4206.497538
2023-07-11,Home Appliances,1643.67,3,45.04,Next-Day,Wallet,37,Male,City90,Not Returned,2710.0830960000008
2022-05-04,Clothing,513.84,3,24.65,Express,Wallet,56,Female,City59,Not Returned,1161.5353200000002
2025-01-13,Books,1431.99,4,25.17,Standard,Credit Card,28,Female,City28,Not Returned,4286.232468
2024-01-23,Clothing,862.8,3,32.59,Next-Day,Debit Card,42,Male,City54,Not Returned,1744.8404399999995
2022-09-13,Electronics,441.57,2,14.19,Standard,Wallet,35,Male,City67,Not Returned,757.8224339999999
2025-04-15,Electronics,522.98,2,6.07,Standard,COD,25,Male,City63,Not Returned,982.470228
2025-01-29,Electronics,243.64,2,31.71,Next-Day,Debit Card,44,Female,City28,Returned,332.763512
2025-03-26,Home Appliances,1036.25,5,43.72,Next-Day,Wallet,44,Male,City52,Not Returned,2916.0074999999997
2025-01-29,Toys,1809.52,4,16.47,Standard,COD,46,Female,City78,Not Returned,6045.968224
2023-04-17,Electronics,1284.92,1,27.57,Standard,Credit Card,37,Female,City61,Returned,930.667556
2025-02-20,Electronics,1670.2,5,2.02,Express,COD,30,Male,City39,Not Returned,8182.3098
2023-05-10,Books,215.17,4,25.03,Next-Day,Credit Card,18,Female,City44,Returned,645.251796
2023-11-13,Clothing,1278.02,4,27.15,Next-Day,Debit Card,44,Male,City2,Not Returned,3724.1502800000003
2024-03-04,Electronics,1577.94,4,20.5,Standard,Wallet,22,Female,City5,Not Returned,5017.849200000001
2025-07-24,Clothing,529.43,2,42.07,Standard,Credit Card,63,Male,City38,Not Returned,613.3975979999999
2022-11-30,Electronics,1995.58,5,5.88,Standard,Debit Card,20,Female,City62,Not Returned,9391.19948
2024-02-20,Clothing,1398.5,5,11.73,Express,Credit Card,50,Female,City22,Returned,6172.279750000001
2023-02-03,Toys,637.02,4,33.59,Express,Wallet,64,Male,City64,Returned,1692.1799279999998
2022-10-21,Home Appliances,1266.33,4,49.97,Standard,Debit Card,47,Female,City87,Not Returned,2534.1795959999995
2022-08-05,Books,1767.4,4,16.03,Next-Day,Credit Card,62,Female,City10,Not Returned,5936.34312
2023-07-08,Home Appliances,675.57,3,37.59,Next-Day,Debit Card,63,Male,City35,Not Returned,1264.869711
2022-05-17,Electronics,1372.11,3,36.13,Express,COD,47,Female,City85,Not Returned,2629.099971
2023-08-29,Electronics,1313.13,5,44.76,Next-Day,COD,61,Male,City51,Returned,3626.8650600000005
2022-04-06,Books,1047.35,2,31.7,Express,Debit Card,53,Female,City12,Not Returned,1430.6801
2024-02-27,Clothing,1981.64,2,36.57,Standard,Debit Card,49,Male,City45,Returned,2513.908504
2022-01-18,Clothing,1890.15,3,34.86,Express,Wallet,34,Female,City27,Not Returned,3693.7311300000006
2025-05-04,Clothing,1723.25,1,42.3,Express,Debit Card,62,Male,City85,Not Returned,994.3152499999999
2024-06-19,Books,407.08,4,18.57,Express,Wallet,64,Male,City19,Not Returned,1325.940976
2022-09-04,Toys,523.0,3,49.6,Standard,Wallet,63,Female,City69,Returned,790.776
2024-11-02,Electronics,1088.73,1,1.0,Next-Day,Debit Card,51,Male,City15,Not Returned,1077.8427
2024-09-20,Clothing,163.66,3,19.27,Express,Credit Card,49,Female,City29,Not Returned,396.368154
2025-08-25,Books,1019.2,5,4.09,Next-Day,COD,34,Male,City65,Returned,4887.5736
2022-07-10,Electronics,915.11,2,8.49,Express,COD,42,Female,City95,Returned,1674.8343220000002
2024-09-02,Electronics,1951.32,5,7.23,Next-Day,Credit Card,28,Male,City1,Not Returned,9051.19782
2024-07-20,Books,1776.06,3,7.21,Standard,Credit Card,64,Female,City24,Not Returned,4944.018222
2023-05-14,Electronics,105.28,2,47.83,Standard,Credit Card,38,Male,City31,Not Returned,109.84915200000002
2024-08-02,Toys,1513.71,2,7.72,Standard,Debit Card,18,Male,City36,Not Returned,2793.7031760000004
2023-04-22,Clothing,749.93,3,49.04,Express,Wallet,25,Male,City86,Returned,1146.4929840000002
2025-07-05,Clothing,1166.92,2,25.4,Standard,Wallet,41,Female,City46,Returned,1741.04464
2024-02-09,Clothing,597.8,1,5.95,Next-Day,Debit Card,52,Female,City92,Returned,562.2308999999999
2025-03-09,Home Appliances,364.12,1,44.54,Next-Day,Credit Card,32,Female,City64,Returned,201.940952
2024-05-20,Clothing,1650.25,5,8.79,Express,Wallet,65,Male,City45,Returned,7525.965125000001
2024-09-29,Clothing,1759.23,5,4.89,Standard,COD,57,Male,City94,Returned,8366.018265
2022-12-06,Clothing,136.72,3,2.31,Standard,COD,31,Female,City46,Returned,400.685304
2025-03-20,Clothing,1928.66,1,11.49,Standard,Debit Card,54,Female,City90,Not Returned,1707.056966
2023-07-13,Clothing,1374.56,2,10.54,Express,COD,58,Female,City28,Returned,2459.362752
2025-07-31,Books,732.61,5,12.15,Next-Day,Wallet,38,Male,City45,Not Returned,3217.989425
2022-11-09,Toys,790.35,1,30.93,Next-Day,COD,44,Female,City75,Not Returned,545.8947450000001
2023-12-07,Electronics,1733.56,5,26.45,Next-Day,Wallet,44,Male,City26,Returned,6375.1669
2022-08-16,Toys,335.64,2,5.48,Express,Credit Card,20,Male,City35,Not Returned,634.493856
2024-02-04,Home Appliances,699.4,3,15.28,Next-Day,COD,43,Male,City74,Not Returned,1777.5950399999997
2024-11-06,Clothing,1441.54,2,2.19,Express,Credit Card,48,Male,City80,Not Returned,2819.940548
2023-09-14,Electronics,894.21,5,21.43,Standard,Credit Card,21,Female,City91,Not Returned,3512.9039850000004
2023-02-01,Clothing,154.68,4,28.17,Standard,Credit Card,57,Female,City85,Not Returned,444.42657599999995
2024-12-10,Electronics,1349.45,3,24.41,Express,Wallet,61,Female,City64,Not Returned,3060.147765
2024-11-12,Home Appliances,130.03,4,7.72,Next-Day,Credit Card,50,Male,City72,Not Returned,479.966736
2022-10-23,Electronics,462.54,5,31.1,Next-Day,COD,30,Male,City58,Not Returned,1593.4503000000004
2025-07-16,Toys,1381.02,3,24.25,Next-Day,COD,46,Female,City37,Not Returned,3138.36795
2022-04-22,Clothing,1846.72,5,12.76,Express,Debit Card,21,Male,City95,Not Returned,8055.392640000001
2024-10-16,Books,404.35,1,23.33,Express,Debit Card,56,Female,City20,Not Returned,310.015145
2022-10-07,Clothing,1548.54,3,42.84,Express,Wallet,36,Female,City92,Not Returned,2655.4363919999996
2024-10-07,Clothing,613.34,2,31.98,Next-Day,Debit Card,23,Female,City95,Not Returned,834.3877359999999
2024-02-09,Electronics,947.55,3,37.38,Express,Credit Card,19,Female,City40,Not Returned,1780.0674299999996
2025-04-03,Books,476.41,1,12.67,Express,Credit Card,48,Male,City42,Returned,416.048853
2023-07-20,Books,766.9,4,7.61,Next-Day,Wallet,49,Female,City48,Not Returned,2834.15564
2024-04-12,Electronics,227.95,4,48.72,Standard,COD,27,Male,City98,Not Returned,467.57104
2022-12-22,Electronics,1965.72,4,9.05,Standard,COD,28,Female,City84,Returned,7151.28936
2023-02-18,Electronics,1927.96,5,43.81,Next-Day,COD,25,Female,City94,Returned,5416.603619999999
2022-09-16,Clothing,1326.59,2,34.27,Standard,Debit Card,63,Female,City7,Returned,1743.9352139999999
2022-10-24,Toys,1363.79,3,2.05,Express,Wallet,55,Male,City77,Returned,4007.496915
2023-09-27,Books,1371.14,5,2.39,Next-Day,Credit Card,58,Male,City28,Returned,6691.8487700000005
2022-09-24,Toys,645.62,4,9.57,Next-Day,Debit Card,58,Male,City86,Not Returned,2335.336664
2024-05-31,Electronics,1109.92,5,28.88,Standard,Credit Card,56,Male,City66,Not Returned,3946.8755200000005
2023-06-27,Books,1761.07,2,49.43,Standard,Credit Card,43,Female,City18,Not Returned,1781.1461980000001
2025-09-01,Toys,1814.85,2,20.35,Next-Day,Credit Card,63,Male,City45,Not Returned,2891.0560499999997
2022-12-16,Clothing,1063.72,4,34.76,Next-Day,COD,45,Female,City17,Returned,2775.8837120000003
2025-02-09,Clothing,1948.14,3,25.17,Standard,COD,27,Female,City9,Returned,4373.379486
2025-08-26,Toys,1747.29,3,0.86,Standard,Credit Card,20,Male,City91,Returned,5196.7899179999995
2024-11-16,Electronics,1099.31,2,9.17,Next-Day,Wallet,59,Female,City5,Returned,1997.0065459999998
2025-04-16,Toys,328.13,1,34.85,Express,Debit Card,26,Female,City10,Not Returned,213.776695
2023-06-18,Books,873.23,5,26.61,Express,Wallet,40,Male,City55,Not Returned,3204.3174849999996
2025-05-30,Clothing,1784.82,5,16.1,Standard,Wallet,23,Female,City10,Not Returned,7487.3199
2022-07-18,Electronics,592.77,1,44.38,Next-Day,Credit Card,32,Male,City60,Not Returned,329.698674
2022-08-14,Books,1780.57,1,19.9,Standard,COD,52,Female,City3,Returned,1426.23657
2024-11-28,Clothing,997.52,2,24.47,Standard,COD,46,Male,City81,Not Returned,1506.8537119999999
2024-01-01,Clothing,1694.08,3,18.47,Standard,Wallet,43,Female,City100,Not Returned,4143.5502719999995
2022-09-06,Toys,852.8,4,11.83,Next-Day,Debit Card,30,Female,City13,Not Returned,3007.65504
2022-01-28,Electronics,1921.76,2,23.57,Standard,Debit Card,53,Female,City44,Not Returned,2937.602336
2024-05-02,Clothing,1299.32,3,48.89,Next-Day,Debit Card,21,Male,City85,Returned,1992.247356
2024-02-23,Clothing,1607.87,1,20.49,Express,COD,37,Female,City88,Not Returned,1278.417437
2024-01-06,Toys,1982.95,3,29.87,Next-Day,Debit Card,29,Male,City23,Not Returned,4171.928505000001
2024-08-19,Toys,1208.41,3,14.31,Standard,Credit Card,60,Female,City34,Returned,3106.4595870000003
2025-05-17,Home Appliances,287.81,2,45.26,Next-Day,COD,18,Male,City14,Returned,315.094388
2023-05-20,Toys,291.64,2,25.59,Express,COD,36,Female,City58,Returned,434.018648
2022-01-11,Electronics,1292.99,4,26.18,Express,Wallet,55,Male,City49,Returned,3817.9408719999997
2025-04-07,Clothing,303.06,1,49.02,Standard,COD,44,Male,City47,Not Returned,154.499988
2025-05-21,Home Appliances,1319.0,2,34.78,Express,COD,54,Male,City78,Not Returned,1720.5036
2022-05-01,Toys,789.09,1,14.61,Express,Credit Card,51,Female,City59,Returned,673.803951
2025-05-20,Electronics,1179.27,4,38.52,Next-Day,Wallet,28,Female,City54,Not Returned,2900.0607840000002
2024-11-21,Clothing,1404.44,4,24.71,Standard,Wallet,44,Female,City9,Not Returned,4229.611504
2023-01-15,Clothing,1740.01,4,11.81,Express,Debit Card,42,Male,City20,Not Returned,6138.059276
2025-02-06,Toys,887.52,1,16.56,Standard,Debit Card,53,Female,City15,Not Returned,740.546688
2023-07-17,Clothing,907.91,3,37.07,Next-Day,Credit Card,59,Male,City91,Returned,1714.043289
2023-06-12,Books,1137.72,5,40.45,Standard,Debit Card,52,Female,City59,Not Returned,3387.5613
2022-09-25,Toys,1552.27,2,2.88,Next-Day,Wallet,43,Female,City62,Not Returned,3015.1292479999997
2024-11-06,Home Appliances,144.43,1,33.77,Express,COD,61,Female,City51,Returned,95.65598899999999
2023-02-02,Electronics,795.01,2,5.31,Next-Day,Wallet,41,Female,City40,Not Returned,1505.5899379999998
2022-01-20,Toys,876.32,2,20.3,Next-Day,COD,49,Female,City28,Returned,1396.85408
2024-08-29,Electronics,963.15,1,32.0,Standard,Debit Card,62,Male,City63,Not Returned,654.9419999999999
2025-01-22,Books,1163.28,4,42.5,Express,Debit Card,38,Male,City20,Not Returned,2675.544
2024-05-29,Electronics,635.49,2,13.36,Standard,Debit Card,41,Male,City72,Not Returned,1101.1770720000002
2024-04-26,Home Appliances,226.75,4,10.8,Express,COD,38,Female,City59,Not Returned,809.044
2024-10-28,Clothing,444.57,5,18.58,Express,COD,27,Female,City80,Not Returned,1809.84447
2024-02-10,Electronics,1595.51,5,44.23,Express,Debit Card,40,Female,City88,Returned,4449.079635000001
2023-02-21,Home Appliances,1700.44,5,16.02,Next-Day,COD,61,Male,City28,Not Returned,7140.14756
2024-03-24,Electronics,415.78,5,0.41,Express,Credit Card,22,Female,City80,Not Returned,2070.3765099999996
2025-04-07,Home Appliances,1051.61,2,24.6,Next-Day,Debit Card,51,Male,City2,Not Returned,1585.8278799999998
2025-07-08,Electronics,403.21,3,0.37,Next-Day,COD,50,Male,City93,Not Returned,1205.1543689999999
2025-03-08,Electronics,778.06,4,14.42,Standard,Wallet,58,Male,City52,Not Returned,2663.454992
2025-07-23,Electronics,807.74,5,35.88,Next-Day,Debit Card,36,Male,City2,Not Returned,2589.61444
2022-06-23,Clothing,1517.0,2,2.79,Express,Credit Card,60,Male,City61,Not Returned,2949.3514
2022-01-06,Clothing,1918.82,3,40.31,Standard,Debit Card,34,Male,City56,Returned,3436.030974
2022-06-26,Electronics,828.77,3,46.69,Next-Day,COD,36,Male,City25,Not Returned,1325.451861
2022-10-05,Clothing,677.13,1,27.05,Express,Debit Card,50,Male,City75,Not Returned,493.966335
2024-10-21,Books,128.44,3,33.34,Next-Day,Credit Card,23,Male,City5,Returned,256.854312
2025-05-30,Toys,1818.74,5,36.23,Express,Credit Card,51,Female,City24,Not Returned,5799.052490000001
2022-02-23,Clothing,326.24,1,21.06,Standard,Wallet,29,Female,City30,Returned,257.533856
2025-02-04,Toys,1697.8,5,40.67,Standard,Wallet,20,Male,City62,Not Returned,5036.5237
2024-12-14,Clothing,745.78,5,25.04,Express,COD,63,Female,City12,Returned,2795.18344
2025-03-31,Books,831.68,4,1.68,Express,Debit Card,18,Male,City90,Not Returned,3270.831104
2024-10-27,Toys,735.73,1,45.6,Express,Debit Card,48,Male,City32,Not Returned,400.23712000000006
2024-07-29,Books,377.75,3,11.04,Express,Credit Card,65,Female,City55,Returned,1008.1392
2022-01-18,Electronics,529.23,5,25.1,Express,Wallet,49,Male,City49,Not Returned,1981.9663500000001
2022-06-24,Clothing,1836.45,1,28.59,Standard,Credit Card,50,Male,City98,Returned,1311.408945
2023-08-16,Books,1159.08,1,30.53,Next-Day,COD,20,Female,City37,Not Returned,805.2128759999999
2024-12-12,Clothing,1430.63,4,21.04,Next-Day,Wallet,57,Female,City67,Not Returned,4518.501792
2024-12-05,Home Appliances,1785.28,1,17.53,Next-Day,COD,43,Male,City86,Not Returned,1472.320416
2022-04-05,Electronics,1076.34,3,9.89,Next-Day,Debit Card,42,Female,City7,Not Returned,2909.6699219999996
2025-05-19,Electronics,1430.96,5,15.59,Standard,Debit Card,29,Female,City79,Returned,6039.36668
2025-03-01,Home Appliances,1644.04,3,33.25,Next-Day,Wallet,33,Male,City74,Not Returned,3292.1901
2024-02-02,Clothing,824.74,2,41.29,Standard,Debit Card,51,Female,City55,Returned,968.4097079999999
2024-05-23,Electronics,1780.03,1,26.1,Next-Day,Wallet,62,Male,City87,Not Returned,1315.44217
2023-01-30,Clothing,1783.18,4,37.33,Standard,COD,22,Male,City45,Returned,4470.075624
2022-09-08,Electronics,754.44,2,13.63,Standard,Wallet,64,Female,City81,Not Returned,1303.2196560000002
2024-09-13,Clothing,1336.61,2,32.96,Express,Credit Card,29,Male,City94,Returned,1792.1266879999998
2022-04-28,Clothing,1339.49,3,12.87,Express,Debit Card,64,Female,City11,Not Returned,3501.292911
2023-08-28,Clothing,1093.89,3,37.65,Express,Credit Card,64,Male,City38,Not Returned,2046.1212449999998
2024-01-05,Electronics,1025.69,5,42.57,Express,Debit Card,40,Female,City13,Not Returned,2945.2688350000008
2023-10-15,Clothing,568.38,4,21.79,Express,Credit Card,20,Male,City67,Returned,1778.1199920000001
2023-02-27,Books,987.95,4,46.59,Express,COD,63,Male,City35,Not Returned,2110.6563800000004
2022-12-26,Electronics,1083.56,1,34.49,Next-Day,Wallet,49,Male,City32,Not Returned,709.840156
2023-08-31,Electronics,1973.9,2,28.95,Next-Day,Debit Card,60,Female,City15,Not Returned,2804.9119
2022-04-07,Clothing,126.48,5,41.36,Express,COD,46,Female,City32,Returned,370.83936
2025-07-01,Books,765.03,3,30.52,Express,COD,57,Female,City93,Not Returned,1594.6285320000004
2023-03-31,Clothing,378.0,5,27.1,Express,Wallet,65,Female,City15,Not Returned,1377.81
2022-09-05,Clothing,375.81,4,17.4,Express,COD,45,Female,City58,Returned,1241.67624
2022-07-11,Home Appliances,934.83,1,2.18,Standard,Debit Card,40,Male,City10,Not Returned,914.450706
2023-06-24,Electronics,314.4,2,20.32,Express,COD,44,Female,City11,Returned,501.0278399999999
2024-12-06,Clothing,351.63,5,9.03,Next-Day,Wallet,23,Male,City90,Returned,1599.389055
2025-01-31,Toys,314.06,2,40.32,Next-Day,Wallet,57,Male,City23,Not Returned,374.862016
2022-10-12,Toys,492.29,5,42.24,Express,Wallet,36,Male,City63,Not Returned,1421.7335200000002
2025-04-20,Clothing,1411.68,3,21.47,Express,Credit Card,60,Male,City21,Not Returned,3325.776912
2022-04-18,Toys,914.3,2,16.33,Next-Day,Debit Card,30,Female,City66,Not Returned,1529.9896199999998
2025-02-19,Clothing,344.94,5,36.9,Next-Day,Wallet,30,Female,City45,Returned,1088.2857000000001
2024-02-29,Books,900.83,4,25.05,Next-Day,Credit Card,25,Male,City39,Not Returned,2700.68834
2022-07-19,Toys,1903.35,1,36.0,Next-Day,Debit Card,41,Female,City3,Not Returned,1218.144
2025-03-27,Books,608.9,2,35.61,Express,Wallet,34,Female,City63,Not Returned,784.14142
2022-02-15,Toys,1575.38,4,8.98,Express,Credit Card,58,Female,City18,Not Returned,5735.643504000001
2025-03-07,Clothing,1398.17,5,36.75,Next-Day,Credit Card,18,Female,City61,Not Returned,4421.712625000001
2022-06-10,Clothing,590.19,3,20.4,Standard,Wallet,35,Female,City42,Not Returned,1409.3737200000003
2022-04-25,Books,1025.81,2,9.14,Standard,COD,22,Male,City15,Returned,1864.1019319999998
2025-07-09,Clothing,311.34,1,34.97,Standard,Wallet,58,Female,City1,Not Returned,202.46440199999998
2024-07-11,Electronics,305.03,3,42.03,Express,Debit Card,24,Male,City25,Not Returned,530.477673
2024-05-19,Electronics,690.18,4,14.32,Next-Day,Wallet,29,Male,City4,Not Returned,2365.384896
2022-11-06,Electronics,1108.26,5,6.29,Next-Day,COD,63,Male,City62,Not Returned,5192.75223
2024-10-09,Toys,521.32,1,33.24,Next-Day,Credit Card,18,Female,City33,Not Returned,348.033232
2022-04-10,Clothing,1927.06,2,12.9,Next-Day,Wallet,38,Male,City15,Not Returned,3356.9385199999997
2022-12-06,Toys,1040.38,3,36.55,Express,Wallet,23,Male,City78,Not Returned,1980.3633300000004
2024-03-18,Books,848.85,4,47.28,Next-Day,Credit Card,44,Male,City70,Not Returned,1790.0548800000001
2023-02-12,Toys,1844.87,2,35.8,Next-Day,Debit Card,30,Female,City5,Not Returned,2368.81308
2022-07-19,Books,679.94,5,17.85,Express,COD,30,Male,City34,Not Returned,2792.8535500000003
2023-01-28,Clothing,1455.18,1,4.5,Standard,Debit Card,37,Female,City55,Returned,1389.6969
2025-05-02,Electronics,992.04,3,44.18,Standard,Debit Card,37,Male,City2,Returned,1661.270184
2025-02-14,Clothing,1977.72,1,32.2,Express,Wallet,63,Male,City97,Returned,1340.8941599999998
2025-08-12,Electronics,620.11,5,46.61,Next-Day,Wallet,21,Male,City23,Not Returned,1655.3836450000001
2024-08-02,Clothing,420.4,1,25.79,Express,COD,19,Female,City27,Returned,311.97884
2025-05-24,Clothing,160.46,1,21.7,Express,Wallet,30,Female,City7,Not Returned,125.64018000000002
2024-03-19,Clothing,120.1,1,46.93,Express,Wallet,56,Female,City64,Not Returned,63.73706999999999
2023-10-06,Books,724.7,3,23.22,Express,Credit Card,34,Female,City93,Returned,1669.2739800000004
2022-08-31,Toys,972.84,1,29.42,Express,Debit Card,35,Male,City97,Not Returned,686.630472
2024-11-22,Clothing,1793.73,2,1.39,Express,Credit Card,54,Female,City100,Not Returned,3537.594306
2024-09-20,Clothing,1705.68,5,46.81,Standard,COD,48,Male,City19,Not Returned,4536.25596
2023-08-04,Toys,1857.97,1,32.31,Express,Wallet,45,Female,City19,Not Returned,1257.6598930000002
2024-05-02,Clothing,1694.35,5,17.2,Next-Day,COD,29,Female,City21,Not Returned,7014.609
2024-10-14,Electronics,323.84,5,35.35,Standard,Wallet,19,Male,City41,Not Returned,1046.8128
2023-10-14,Clothing,607.1,2,10.89,Next-Day,Credit Card,43,Female,City93,Returned,1081.97362
2024-01-29,Toys,343.39,4,27.21,Next-Day,Wallet,56,Male,City11,Not Returned,999.8143239999999
2024-10-02,Electronics,1618.81,4,2.14,Express,Debit Card,63,Male,City87,Not Returned,6336.6698639999995
2024-11-30,Clothing,1336.8,4,25.84,Next-Day,Credit Card,20,Male,City71,Returned,3965.48352
2025-01-14,Clothing,120.34,1,30.69,Next-Day,COD,45,Male,City1,Not Returned,83.40765400000001
2025-07-02,Books,297.87,3,8.66,Next-Day,Credit Card,64,Male,City71,Not Returned,816.223374
2025-02-21,Toys,1590.25,2,6.74,Next-Day,Debit Card,42,Male,City35,Not Returned,2966.1343
2024-10-28,Books,1904.89,2,44.57,Standard,COD,34,Male,City84,Returned,2111.761054
2024-04-13,Electronics,1894.16,2,13.28,Express,COD,54,Male,City61,Not Returned,3285.231104
2022-04-22,Electronics,1793.09,1,18.61,Express,COD,62,Male,City84,Returned,1459.395951
2024-12-06,Clothing,1604.34,3,44.34,Express,Credit Card,52,Female,City42,Returned,2678.926932
2022-12-22,Books,1115.66,5,42.6,Standard,Credit Card,49,Male,City17,Not Returned,3201.9442000000004
2025-01-20,Electronics,1465.1,4,1.66,Express,Debit Card,64,Female,City25,Not Returned,5763.11736
2025-03-11,Books,589.3,3,36.42,Standard,Wallet,26,Female,City14,Returned,1124.0308199999997
2025-07-04,Electronics,1813.19,2,45.71,Next-Day,Debit Card,40,Male,City13,Returned,1968.7617019999998
2022-01-25,Books,1978.83,3,27.55,Standard,Debit Card,46,Male,City71,Not Returned,4300.987004999999
2024-06-04,Toys,878.26,5,32.04,Standard,Credit Card,23,Female,City19,Not Returned,2984.32748
2024-08-09,Clothing,1839.45,2,26.81,Next-Day,Debit Card,29,Female,City82,Returned,2692.58691
2025-05-07,Toys,800.27,4,44.27,Standard,Debit Card,22,Male,City57,Not Returned,1783.9618839999996
2022-10-31,Clothing,207.99,4,43.88,Standard,Wallet,63,Male,City41,Not Returned,466.89595199999997
2023-03-06,Toys,173.97,5,10.63,Next-Day,Credit Card,45,Female,City35,Not Returned,777.384945
2025-07-30,Books,961.07,1,27.68,Next-Day,Debit Card,28,Female,City30,Not Returned,695.0458240000002
2023-09-19,Electronics,449.44,5,44.92,Express,Wallet,39,Male,City43,Not Returned,1237.7577599999997
2025-08-31,Electronics,1329.42,1,46.31,Next-Day,Credit Card,59,Male,City28,Not Returned,713.765598
2024-06-09,Home Appliances,1811.47,2,29.63,Express,Wallet,48,Male,City60,Not Returned,2549.462878
2022-01-31,Books,1584.52,1,39.51,Next-Day,Credit Card,46,Male,City77,Not Returned,958.476148
2023-09-05,Clothing,605.8,3,3.14,Express,COD,48,Female,City62,Returned,1760.3336399999998
2023-04-17,Clothing,1402.63,5,35.69,Next-Day,COD,45,Male,City41,Not Returned,4510.156765000001
2024-10-07,Toys,833.4,2,11.02,Standard,COD,59,Male,City58,Not Returned,1483.11864
2025-01-01,Home Appliances,396.09,2,2.47,Standard,Debit Card,55,Male,City7,Not Returned,772.6131539999999
2024-04-16,Toys,1510.93,4,3.51,Express,COD,26,Male,City99,Not Returned,5831.585428
2024-07-21,Books,1024.04,5,4.9,Express,Debit Card,19,Female,City65,Not Returned,4869.3102
2023-11-12,Clothing,1808.78,4,46.44,Express,Debit Card,59,Male,City25,Not Returned,3875.1302720000003
2022-12-10,Toys,476.87,5,29.16,Standard,Debit Card,62,Male,City94,Not Returned,1689.0735399999996
2024-04-27,Toys,1377.81,3,32.97,Next-Day,Wallet,41,Male,City1,Not Returned,2770.6381290000004
2023-11-29,Home Appliances,847.85,5,33.53,Standard,Debit Card,47,Male,City62,Not Returned,2817.8294750000005
2023-06-12,Home Appliances,896.01,3,8.12,Standard,Credit Card,38,Male,City88,Returned,2469.761964
2023-01-28,Books,1560.54,3,31.47,Next-Day,Credit Card,29,Female,City1,Not Returned,3208.314186
2024-12-24,Clothing,1115.12,1,24.88,Standard,COD,50,Female,City31,Returned,837.6781439999999
2025-05-19,Electronics,296.28,5,36.35,Standard,Debit Card,28,Female,City40,Not Returned,942.9111
2022-05-12,Books,1118.84,1,12.14,Next-Day,Wallet,34,Male,City39,Not Returned,983.012824
2024-12-22,Books,928.61,2,15.35,Standard,Wallet,54,Male,City14,Returned,1572.1367300000002
2022-02-08,Clothing,540.33,2,38.48,Standard,Credit Card,65,Male,City70,Returned,664.822032
2023-05-12,Clothing,1347.35,5,36.06,Express,COD,21,Female,City97,Returned,4307.4779499999995
2024-04-03,Clothing,154.54,2,46.99,Next-Day,COD,50,Male,City90,Returned,163.843308
2024-01-26,Electronics,428.95,2,0.93,Express,Wallet,19,Female,City64,Not Returned,849.92153
2022-06-04,Toys,485.59,1,13.25,Next-Day,Credit Card,65,Male,City48,Not Returned,421.24932499999994
2022-05-18,Clothing,1913.98,1,5.53,Express,Debit Card,62,Female,City79,Not Returned,1808.136906
2024-04-26,Home Appliances,1844.09,1,3.98,Standard,Credit Card,37,Female,City60,Returned,1770.6952179999998
2025-01-21,Books,1632.26,3,49.75,Express,COD,21,Female,City35,Not Returned,2460.6319499999995
2023-04-20,Electronics,1567.69,3,44.95,Express,Debit Card,52,Female,City81,Returned,2589.040035
2024-05-28,Clothing,985.58,4,17.78,Next-Day,Wallet,35,Male,City33,Returned,3241.375504
2022-01-19,Toys,1733.58,1,13.27,Standard,Wallet,49,Male,City4,Not Returned,1503.5339339999998
2023-07-21,Clothing,388.88,1,6.81,Standard,Credit Card,55,Male,City42,Not Returned,362.397272
2022-03-12,Books,1156.22,4,35.54,Standard,COD,56,Female,City35,Not Returned,2981.1976480000003
2023-06-14,Clothing,1364.28,1,30.85,Next-Day,Debit Card,19,Female,City28,Not Returned,943.39962
2024-07-21,Electronics,1040.35,1,23.97,Express,Wallet,59,Male,City45,Not Returned,790.9781049999999
2024-02-29,Electronics,535.86,5,16.59,Next-Day,COD,25,Female,City81,Not Returned,2234.8041300000004
2025-05-11,Clothing,1163.37,4,7.7,Standard,COD,46,Male,City71,Not Returned,4295.16204
2024-03-30,Electronics,1882.02,1,7.63,Next-Day,Credit Card,26,Female,City11,Not Returned,1738.421874
2024-06-10,Clothing,718.21,2,31.75,Next-Day,Credit Card,21,Male,City8,Not Returned,980.3566500000001
2023-10-13,Home Appliances,534.53,4,10.4,Next-Day,Debit Card,39,Male,City21,Not Returned,1915.75552
2025-06-06,Clothing,787.69,5,20.54,Standard,Credit Card,47,Female,City48,Not Returned,3129.49237
2024-04-01,Clothing,1779.88,4,24.64,Next-Day,Debit Card,19,Male,City39,Not Returned,5365.270272000001
2025-08-29,Clothing,1043.91,5,49.35,Next-Day,Credit Card,55,Male,City72,Returned,2643.7020749999997
2023-03-05,Electronics,738.9,2,38.83,Standard,Wallet,51,Female,City72,Not Returned,903.97026
2024-05-09,Clothing,1642.17,4,38.13,Express,Debit Card,57,Female,City87,Returned,4064.0423160000005
2024-04-27,Clothing,478.81,4,21.98,Next-Day,Debit Card,18,Male,City15,Not Returned,1494.270248
2024-04-05,Electronics,285.33,2,3.45,Express,Debit Card,54,Male,City4,Not Returned,550.97223
2022-01-04,Clothing,806.03,1,11.8,Standard,Wallet,53,Female,City80,Not Returned,710.91846
2024-05-24,Electronics,272.48,4,43.53,Next-Day,COD,55,Female,City58,Returned,615.477824
2024-09-29,Clothing,1526.55,2,7.72,Next-Day,Debit Card,28,Female,City32,Not Returned,2817.40068
2023-04-05,Electronics,767.45,3,16.51,Next-Day,COD,29,Male,City68,Not Returned,1922.2320150000003
2022-07-11,Toys,244.02,3,11.87,Express,COD,40,Male,City29,Returned,645.164478
2022-09-29,Electronics,1103.61,1,12.99,Next-Day,COD,46,Female,City66,Not Returned,960.2510609999999
2025-02-18,Electronics,1654.08,3,22.52,Standard,Credit Card,21,Male,City20,Not Returned,3844.743552
2024-07-28,Books,623.33,4,7.6,Standard,COD,36,Female,City83,Not Returned,2303.8276800000003
2025-01-28,Electronics,1385.66,5,4.42,Standard,COD,42,Female,City41,Not Returned,6622.06914
2025-04-09,Clothing,1176.14,5,35.61,Standard,Credit Card,57,Female,City97,Not Returned,3786.5827300000005
2023-11-15,Clothing,456.15,2,45.84,Express,Debit Card,28,Female,City4,Not Returned,494.10167999999993
2023-04-14,Electronics,1101.82,1,22.83,Standard,Debit Card,49,Male,City96,Returned,850.274494
2024-05-16,Clothing,124.59,3,36.88,Express,Credit Card,52,Female,City63,Returned,235.923624
2022-01-04,Home Appliances,617.08,1,48.19,Standard,Wallet,41,Male,City97,Returned,319.709148
2022-01-27,Books,264.69,5,36.32,Standard,Debit Card,39,Female,City49,Not Returned,842.7729600000001
2024-03-19,Books,1240.42,1,34.52,Next-Day,Credit Card,63,Female,City41,Not Returned,812.2270160000002
2025-05-09,Electronics,1816.61,2,14.37,Standard,Debit Card,63,Female,City58,Not Returned,3111.126286
2023-01-07,Clothing,1941.04,4,4.9,Next-Day,Debit Card,58,Male,City21,Not Returned,7383.71616
2023-08-23,Clothing,1332.47,2,18.4,Express,Wallet,35,Male,City79,Not Returned,2174.5910400000002
2022-07-08,Electronics,1288.38,2,24.2,Express,Credit Card,65,Female,City100,Returned,1953.1840800000002
2023-09-14,Clothing,543.17,4,38.82,Express,Debit Card,34,Male,City77,Returned,1329.245624
2022-09-14,Books,1147.7,1,29.62,Standard,Wallet,62,Female,City100,Not Returned,807.75126
2022-05-23,Electronics,1189.29,3,28.08,Next-Day,Wallet,51,Male,City2,Not Returned,2566.0121040000004
2022-05-29,Books,1756.11,1,36.74,Express,Credit Card,25,Female,City73,Not Returned,1110.915186
2024-08-01,Electronics,370.96,5,40.61,Express,Wallet,31,Female,City55,Not Returned,1101.56572
2025-02-28,Home Appliances,1774.69,2,5.15,Express,Credit Card,58,Male,City95,Returned,3366.58693
2022-01-18,Clothing,1557.94,1,47.22,Standard,Credit Card,26,Female,City73,Returned,822.2807320000001
2025-09-02,Home Appliances,1227.59,4,4.38,Next-Day,Wallet,35,Male,City62,Returned,4695.286232
2025-07-05,Books,235.14,2,26.64,Standard,COD,60,Female,City74,Not Returned,344.997408
2024-05-12,Toys,1137.61,3,27.62,Standard,Credit Card,53,Male,City78,Not Returned,2470.206354
2023-11-09,Clothing,349.09,3,34.38,Next-Day,Debit Card,63,Male,City30,Returned,687.2185739999999
2024-12-06,Books,440.05,4,36.03,Next-Day,Wallet,32,Female,City90,Not Returned,1125.99994
2023-08-06,Books,419.54,1,14.86,Next-Day,COD,30,Female,City72,Not Returned,357.19635600000004
2024-08-12,Clothing,1729.9,5,4.5,Next-Day,Debit Card,27,Male,City82,Not Returned,8260.2725
2024-08-25,Books,1254.75,4,32.73,Express,COD,61,Female,City83,Not Returned,3376.2813000000006
2023-11-15,Clothing,1183.28,3,31.03,Standard,Debit Card,59,Male,City82,Not Returned,2448.3246480000003
2024-01-03,Books,1761.47,4,11.3,Express,Wallet,43,Male,City10,Not Returned,6249.69556
2025-08-08,Electronics,1975.01,1,39.85,Express,Wallet,49,Female,City58,Not Returned,1187.9685149999998
